run_id,seed,N,size,tau,k,fault,eps,verifier,mode,trial,verdict,tp,fp,fn,detected
s1-N10000-b2048-t128,1,10000,2048,128,0,F0,0.0,V0,cumulative,1,PASS,0,0,0,0
s1-N10000-b2048-t128,1,10000,2048,128,100,F0,0.0,V1,cumulative,1,PASS,0,0,0,0
s1-N10000-b2048-t128,1,10000,2048,128,0,F0,0.0,V2minus,cumulative,1,PASS,0,0,0,0
s1-N10000-b2048-t128,1,10000,2048,128,0,F0,0.0,V2,cumulative,1,PASS,0,0,0,0
s1-N10000-b2048-t128,1,10000,2048,128,0,F0,0.0,V3,cumulative,1,PASS,0,0,0,0
s1-N10000-b2048-t128,1,10000,2048,128,0,F1a,0.0,V0,cumulative,1,FAIL,1,0,0,1
s1-N10000-b2048-t128,1,10000,2048,128,100,F1a,0.0,V1,cumulative,1,FAIL,1,0,0,1
s1-N10000-b2048-t128,1,10000,2048,128,0,F1a,0.0,V2minus,cumulative,1,FAIL,1,0,0,1
s1-N10000-b2048-t128,1,10000,2048,128,0,F1a,0.0,V2,cumulative,1,FAIL,1,0,0,1
s1-N10000-b2048-t128,1,10000,2048,128,0,F1a,0.0,V3,cumulative,1,FAIL,1,0,0,1
s1-N10000-b2048-t128,1,10000,2048,128,0,F1b,0.0,V0,cumulative,1,FAIL,1,0,0,1
s1-N10000-b2048-t128,1,10000,2048,128,100,F1b,0.0,V1,cumulative,1,FAIL,1,0,0,1
s1-N10000-b2048-t128,1,10000,2048,128,0,F1b,0.0,V2minus,cumulative,1,FAIL,1,0,0,1
s1-N10000-b2048-t128,1,10000,2048,128,0,F1b,0.0,V2,cumulative,1,FAIL,1,0,0,1
s1-N10000-b2048-t128,1,10000,2048,128,0,F1b,0.0,V3,cumulative,1,FAIL,1,0,0,1
s1-N10000-b2048-t128,1,10000,2048,128,0,F2,0.0,V0,cumulative,1,FAIL,1,0,0,1
s1-N10000-b2048-t128,1,10000,2048,128,100,F2,0.0,V1,cumulative,1,FAIL,1,0,0,1
s1-N10000-b2048-t128,1,10000,2048,128,0,F2,0.0,V2minus,cumulative,1,FAIL,1,0,0,1
s1-N10000-b2048-t128,1,10000,2048,128,0,F2,0.0,V2,cumulative,1,FAIL,1,0,0,1
s1-N10000-b2048-t128,1,10000,2048,128,0,F2,0.0,V3,cumulative,1,FAIL,1,0,0,1
s1-N10000-b2048-t128,1,10000,2048,128,0,F3,0.0,V0,cumulative,1,FAIL,1,0,0,1
s1-N10000-b2048-t128,1,10000,2048,128,100,F3,0.0,V1,cumulative,1,FAIL,1,0,0,1
s1-N10000-b2048-t128,1,10000,2048,128,0,F3,0.0,V2minus,cumulative,1,FAIL,1,0,0,1
s1-N10000-b2048-t128,1,10000,2048,128,0,F3,0.0,V2,cumulative,1,FAIL,1,0,0,1
s1-N10000-b2048-t128,1,10000,2048,128,0,F3,0.0,V3,cumulative,1,FAIL,1,0,0,1
s1-N10000-b2048-t128,1,10000,2048,128,0,F4r,0.0,V0,cumulative,1,FAIL,1,0,0,1
s1-N10000-b2048-t128,1,10000,2048,128,100,F4r,0.0,V1,cumulative,1,FAIL,1,0,0,1
s1-N10000-b2048-t128,1,10000,2048,128,0,F4r,0.0,V2minus,cumulative,1,FAIL,1,0,0,1
s1-N10000-b2048-t128,1,10000,2048,128,0,F4r,0.0,V2,cumulative,1,FAIL,1,0,0,1
s1-N10000-b2048-t128,1,10000,2048,128,0,F4r,0.0,V3,cumulative,1,FAIL,1,0,0,1
s1-N10000-b2048-t128,1,10000,2048,128,0,F4m,0.0,V0,cumulative,1,FAIL,0,0,0,1
s1-N10000-b2048-t128,1,10000,2048,128,100,F4m,0.0,V1,cumulative,1,FAIL,0,0,0,1
s1-N10000-b2048-t128,1,10000,2048,128,0,F4m,0.0,V2minus,cumulative,1,FAIL,0,0,0,1
s1-N10000-b2048-t128,1,10000,2048,128,0,F4m,0.0,V2,cumulative,1,FAIL,0,0,0,1
s1-N10000-b2048-t128,1,10000,2048,128,0,F4m,0.0,V3,cumulative,1,FAIL,0,0,0,1
s1-N10000-b2048-t128,1,10000,2048,128,0,F5,0.0,V0,cumulative,1,PASS,0,0,1,0
s1-N10000-b2048-t128,1,10000,2048,128,100,F5,0.0,V1,cumulative,1,PASS,0,0,1,0
s1-N10000-b2048-t128,1,10000,2048,128,0,F5,0.0,V2minus,cumulative,1,FAIL,1,0,0,1
s1-N10000-b2048-t128,1,10000,2048,128,0,F5,0.0,V2,cumulative,1,FAIL,1,0,0,1
s1-N10000-b2048-t128,1,10000,2048,128,0,F5,0.0,V3,cumulative,1,FAIL,1,0,0,1
s1-N10000-b2048-t128,1,10000,2048,128,0,F5,0.05,V0,cumulative,1,PASS,0,0,500,0
s1-N10000-b2048-t128,1,10000,2048,128,100,F5,0.05,V1,cumulative,1,PASS,0,0,500,0
s1-N10000-b2048-t128,1,10000,2048,128,0,F5,0.05,V2minus,cumulative,1,FAIL,500,0,0,1
s1-N10000-b2048-t128,1,10000,2048,128,0,F5,0.05,V2,cumulative,1,FAIL,500,0,0,1
s1-N10000-b2048-t128,1,10000,2048,128,0,F5,0.05,V3,cumulative,1,FAIL,500,0,0,1
s1-N10000-b2048-t128,1,10000,2048,128,0,F5b,0.0,V0,cumulative,1,PASS,0,0,1,0
s1-N10000-b2048-t128,1,10000,2048,128,100,F5b,0.0,V1,cumulative,1,PASS,0,0,1,0
s1-N10000-b2048-t128,1,10000,2048,128,0,F5b,0.0,V2minus,cumulative,1,FAIL,1,0,0,1
s1-N10000-b2048-t128,1,10000,2048,128,0,F5b,0.0,V2,cumulative,1,FAIL,1,0,0,1
s1-N10000-b2048-t128,1,10000,2048,128,0,F5b,0.0,V3,cumulative,1,FAIL,1,0,0,1
s1-N10000-b2048-t128,1,10000,2048,128,0,F5c,0.0,V0,cumulative,1,PASS,0,0,2,0
s1-N10000-b2048-t128,1,10000,2048,128,100,F5c,0.0,V1,cumulative,1,PASS,0,0,2,0
s1-N10000-b2048-t128,1,10000,2048,128,0,F5c,0.0,V2minus,cumulative,1,FAIL,2,0,0,1
s1-N10000-b2048-t128,1,10000,2048,128,0,F5c,0.0,V2,cumulative,1,FAIL,2,0,0,1
s1-N10000-b2048-t128,1,10000,2048,128,0,F5c,0.0,V3,cumulative,1,FAIL,2,0,0,1
s1-N10000-b2048-t128,1,10000,2048,128,0,F6,0.0,V0,cumulative,1,INCOMPLETE,0,0,0,1
s1-N10000-b2048-t128,1,10000,2048,128,100,F6,0.0,V1,cumulative,1,INCOMPLETE,0,0,0,1
s1-N10000-b2048-t128,1,10000,2048,128,0,F6,0.0,V2minus,cumulative,1,INCOMPLETE,0,0,0,1
s1-N10000-b2048-t128,1,10000,2048,128,0,F6,0.0,V2,cumulative,1,INCOMPLETE,0,0,0,1
s1-N10000-b2048-t128,1,10000,2048,128,0,F6,0.0,V3,cumulative,1,INCOMPLETE,0,0,0,1
s1-N10000-b2048-t128,1,10000,2048,128,0,F7,0.0,V2minus,cumulative,1,UNRUNNABLE,0,0,1,0
s1-N10000-b2048-t128,1,10000,2048,128,0,F7,0.0,V2,cumulative,1,FAIL,1,0,0,1
s2-N10000-b2048-t128,2,10000,2048,128,0,F0,0.0,V0,cumulative,2,PASS,0,0,0,0
s2-N10000-b2048-t128,2,10000,2048,128,100,F0,0.0,V1,cumulative,2,PASS,0,0,0,0
s2-N10000-b2048-t128,2,10000,2048,128,0,F0,0.0,V2minus,cumulative,2,PASS,0,0,0,0
s2-N10000-b2048-t128,2,10000,2048,128,0,F0,0.0,V2,cumulative,2,PASS,0,0,0,0
s2-N10000-b2048-t128,2,10000,2048,128,0,F0,0.0,V3,cumulative,2,PASS,0,0,0,0
s2-N10000-b2048-t128,2,10000,2048,128,0,F1a,0.0,V0,cumulative,2,FAIL,1,0,0,1
s2-N10000-b2048-t128,2,10000,2048,128,100,F1a,0.0,V1,cumulative,2,FAIL,1,0,0,1
s2-N10000-b2048-t128,2,10000,2048,128,0,F1a,0.0,V2minus,cumulative,2,FAIL,1,0,0,1
s2-N10000-b2048-t128,2,10000,2048,128,0,F1a,0.0,V2,cumulative,2,FAIL,1,0,0,1
s2-N10000-b2048-t128,2,10000,2048,128,0,F1a,0.0,V3,cumulative,2,FAIL,1,0,0,1
s2-N10000-b2048-t128,2,10000,2048,128,0,F1b,0.0,V0,cumulative,2,FAIL,1,0,0,1
s2-N10000-b2048-t128,2,10000,2048,128,100,F1b,0.0,V1,cumulative,2,FAIL,1,0,0,1
s2-N10000-b2048-t128,2,10000,2048,128,0,F1b,0.0,V2minus,cumulative,2,FAIL,1,0,0,1
s2-N10000-b2048-t128,2,10000,2048,128,0,F1b,0.0,V2,cumulative,2,FAIL,1,0,0,1
s2-N10000-b2048-t128,2,10000,2048,128,0,F1b,0.0,V3,cumulative,2,FAIL,1,0,0,1
s2-N10000-b2048-t128,2,10000,2048,128,0,F2,0.0,V0,cumulative,2,FAIL,1,0,0,1
s2-N10000-b2048-t128,2,10000,2048,128,100,F2,0.0,V1,cumulative,2,FAIL,1,0,0,1
s2-N10000-b2048-t128,2,10000,2048,128,0,F2,0.0,V2minus,cumulative,2,FAIL,1,0,0,1
s2-N10000-b2048-t128,2,10000,2048,128,0,F2,0.0,V2,cumulative,2,FAIL,1,0,0,1
s2-N10000-b2048-t128,2,10000,2048,128,0,F2,0.0,V3,cumulative,2,FAIL,1,0,0,1
s2-N10000-b2048-t128,2,10000,2048,128,0,F3,0.0,V0,cumulative,2,FAIL,1,0,0,1
s2-N10000-b2048-t128,2,10000,2048,128,100,F3,0.0,V1,cumulative,2,FAIL,1,0,0,1
s2-N10000-b2048-t128,2,10000,2048,128,0,F3,0.0,V2minus,cumulative,2,FAIL,1,0,0,1
s2-N10000-b2048-t128,2,10000,2048,128,0,F3,0.0,V2,cumulative,2,FAIL,1,0,0,1
s2-N10000-b2048-t128,2,10000,2048,128,0,F3,0.0,V3,cumulative,2,FAIL,1,0,0,1
s2-N10000-b2048-t128,2,10000,2048,128,0,F4r,0.0,V0,cumulative,2,FAIL,1,0,0,1
s2-N10000-b2048-t128,2,10000,2048,128,100,F4r,0.0,V1,cumulative,2,FAIL,1,0,0,1
s2-N10000-b2048-t128,2,10000,2048,128,0,F4r,0.0,V2minus,cumulative,2,FAIL,1,0,0,1
s2-N10000-b2048-t128,2,10000,2048,128,0,F4r,0.0,V2,cumulative,2,FAIL,1,0,0,1
s2-N10000-b2048-t128,2,10000,2048,128,0,F4r,0.0,V3,cumulative,2,FAIL,1,0,0,1
s2-N10000-b2048-t128,2,10000,2048,128,0,F4m,0.0,V0,cumulative,2,FAIL,0,0,0,1
s2-N10000-b2048-t128,2,10000,2048,128,100,F4m,0.0,V1,cumulative,2,FAIL,0,0,0,1
s2-N10000-b2048-t128,2,10000,2048,128,0,F4m,0.0,V2minus,cumulative,2,FAIL,0,0,0,1
s2-N10000-b2048-t128,2,10000,2048,128,0,F4m,0.0,V2,cumulative,2,FAIL,0,0,0,1
s2-N10000-b2048-t128,2,10000,2048,128,0,F4m,0.0,V3,cumulative,2,FAIL,0,0,0,1
s2-N10000-b2048-t128,2,10000,2048,128,0,F5,0.0,V0,cumulative,2,PASS,0,0,1,0
s2-N10000-b2048-t128,2,10000,2048,128,100,F5,0.0,V1,cumulative,2,PASS,0,0,1,0
s2-N10000-b2048-t128,2,10000,2048,128,0,F5,0.0,V2minus,cumulative,2,FAIL,1,0,0,1
s2-N10000-b2048-t128,2,10000,2048,128,0,F5,0.0,V2,cumulative,2,FAIL,1,0,0,1
s2-N10000-b2048-t128,2,10000,2048,128,0,F5,0.0,V3,cumulative,2,FAIL,1,0,0,1
s2-N10000-b2048-t128,2,10000,2048,128,0,F5,0.05,V0,cumulative,2,PASS,0,0,500,0
s2-N10000-b2048-t128,2,10000,2048,128,100,F5,0.05,V1,cumulative,2,PASS,0,0,500,0
s2-N10000-b2048-t128,2,10000,2048,128,0,F5,0.05,V2minus,cumulative,2,FAIL,500,0,0,1
s2-N10000-b2048-t128,2,10000,2048,128,0,F5,0.05,V2,cumulative,2,FAIL,500,0,0,1
s2-N10000-b2048-t128,2,10000,2048,128,0,F5,0.05,V3,cumulative,2,FAIL,500,0,0,1
s2-N10000-b2048-t128,2,10000,2048,128,0,F5b,0.0,V0,cumulative,2,PASS,0,0,1,0
s2-N10000-b2048-t128,2,10000,2048,128,100,F5b,0.0,V1,cumulative,2,PASS,0,0,1,0
s2-N10000-b2048-t128,2,10000,2048,128,0,F5b,0.0,V2minus,cumulative,2,FAIL,1,0,0,1
s2-N10000-b2048-t128,2,10000,2048,128,0,F5b,0.0,V2,cumulative,2,FAIL,1,0,0,1
s2-N10000-b2048-t128,2,10000,2048,128,0,F5b,0.0,V3,cumulative,2,FAIL,1,0,0,1
s2-N10000-b2048-t128,2,10000,2048,128,0,F5c,0.0,V0,cumulative,2,PASS,0,0,2,0
s2-N10000-b2048-t128,2,10000,2048,128,100,F5c,0.0,V1,cumulative,2,PASS,0,0,2,0
s2-N10000-b2048-t128,2,10000,2048,128,0,F5c,0.0,V2minus,cumulative,2,FAIL,2,0,0,1
s2-N10000-b2048-t128,2,10000,2048,128,0,F5c,0.0,V2,cumulative,2,FAIL,2,0,0,1
s2-N10000-b2048-t128,2,10000,2048,128,0,F5c,0.0,V3,cumulative,2,FAIL,2,0,0,1
s2-N10000-b2048-t128,2,10000,2048,128,0,F6,0.0,V0,cumulative,2,INCOMPLETE,0,0,0,1
s2-N10000-b2048-t128,2,10000,2048,128,100,F6,0.0,V1,cumulative,2,INCOMPLETE,0,0,0,1
s2-N10000-b2048-t128,2,10000,2048,128,0,F6,0.0,V2minus,cumulative,2,INCOMPLETE,0,0,0,1
s2-N10000-b2048-t128,2,10000,2048,128,0,F6,0.0,V2,cumulative,2,INCOMPLETE,0,0,0,1
s2-N10000-b2048-t128,2,10000,2048,128,0,F6,0.0,V3,cumulative,2,INCOMPLETE,0,0,0,1
s2-N10000-b2048-t128,2,10000,2048,128,0,F7,0.0,V2minus,cumulative,2,UNRUNNABLE,0,0,1,0
s2-N10000-b2048-t128,2,10000,2048,128,0,F7,0.0,V2,cumulative,2,FAIL,1,0,0,1
s3-N10000-b2048-t128,3,10000,2048,128,0,F0,0.0,V0,cumulative,3,PASS,0,0,0,0
s3-N10000-b2048-t128,3,10000,2048,128,100,F0,0.0,V1,cumulative,3,PASS,0,0,0,0
s3-N10000-b2048-t128,3,10000,2048,128,0,F0,0.0,V2minus,cumulative,3,PASS,0,0,0,0
s3-N10000-b2048-t128,3,10000,2048,128,0,F0,0.0,V2,cumulative,3,PASS,0,0,0,0
s3-N10000-b2048-t128,3,10000,2048,128,0,F0,0.0,V3,cumulative,3,PASS,0,0,0,0
s3-N10000-b2048-t128,3,10000,2048,128,0,F1a,0.0,V0,cumulative,3,FAIL,1,0,0,1
s3-N10000-b2048-t128,3,10000,2048,128,100,F1a,0.0,V1,cumulative,3,FAIL,1,0,0,1
s3-N10000-b2048-t128,3,10000,2048,128,0,F1a,0.0,V2minus,cumulative,3,FAIL,1,0,0,1
s3-N10000-b2048-t128,3,10000,2048,128,0,F1a,0.0,V2,cumulative,3,FAIL,1,0,0,1
s3-N10000-b2048-t128,3,10000,2048,128,0,F1a,0.0,V3,cumulative,3,FAIL,1,0,0,1
s3-N10000-b2048-t128,3,10000,2048,128,0,F1b,0.0,V0,cumulative,3,FAIL,1,0,0,1
s3-N10000-b2048-t128,3,10000,2048,128,100,F1b,0.0,V1,cumulative,3,FAIL,1,0,0,1
s3-N10000-b2048-t128,3,10000,2048,128,0,F1b,0.0,V2minus,cumulative,3,FAIL,1,0,0,1
s3-N10000-b2048-t128,3,10000,2048,128,0,F1b,0.0,V2,cumulative,3,FAIL,1,0,0,1
s3-N10000-b2048-t128,3,10000,2048,128,0,F1b,0.0,V3,cumulative,3,FAIL,1,0,0,1
s3-N10000-b2048-t128,3,10000,2048,128,0,F2,0.0,V0,cumulative,3,FAIL,1,0,0,1
s3-N10000-b2048-t128,3,10000,2048,128,100,F2,0.0,V1,cumulative,3,FAIL,1,0,0,1
s3-N10000-b2048-t128,3,10000,2048,128,0,F2,0.0,V2minus,cumulative,3,FAIL,1,0,0,1
s3-N10000-b2048-t128,3,10000,2048,128,0,F2,0.0,V2,cumulative,3,FAIL,1,0,0,1
s3-N10000-b2048-t128,3,10000,2048,128,0,F2,0.0,V3,cumulative,3,FAIL,1,0,0,1
s3-N10000-b2048-t128,3,10000,2048,128,0,F3,0.0,V0,cumulative,3,FAIL,1,0,0,1
s3-N10000-b2048-t128,3,10000,2048,128,100,F3,0.0,V1,cumulative,3,FAIL,1,0,0,1
s3-N10000-b2048-t128,3,10000,2048,128,0,F3,0.0,V2minus,cumulative,3,FAIL,1,0,0,1
s3-N10000-b2048-t128,3,10000,2048,128,0,F3,0.0,V2,cumulative,3,FAIL,1,0,0,1
s3-N10000-b2048-t128,3,10000,2048,128,0,F3,0.0,V3,cumulative,3,FAIL,1,0,0,1
s3-N10000-b2048-t128,3,10000,2048,128,0,F4r,0.0,V0,cumulative,3,FAIL,1,0,0,1
s3-N10000-b2048-t128,3,10000,2048,128,100,F4r,0.0,V1,cumulative,3,FAIL,1,0,0,1
s3-N10000-b2048-t128,3,10000,2048,128,0,F4r,0.0,V2minus,cumulative,3,FAIL,1,0,0,1
s3-N10000-b2048-t128,3,10000,2048,128,0,F4r,0.0,V2,cumulative,3,FAIL,1,0,0,1
s3-N10000-b2048-t128,3,10000,2048,128,0,F4r,0.0,V3,cumulative,3,FAIL,1,0,0,1
s3-N10000-b2048-t128,3,10000,2048,128,0,F4m,0.0,V0,cumulative,3,FAIL,0,0,0,1
s3-N10000-b2048-t128,3,10000,2048,128,100,F4m,0.0,V1,cumulative,3,FAIL,0,0,0,1
s3-N10000-b2048-t128,3,10000,2048,128,0,F4m,0.0,V2minus,cumulative,3,FAIL,0,0,0,1
s3-N10000-b2048-t128,3,10000,2048,128,0,F4m,0.0,V2,cumulative,3,FAIL,0,0,0,1
s3-N10000-b2048-t128,3,10000,2048,128,0,F4m,0.0,V3,cumulative,3,FAIL,0,0,0,1
s3-N10000-b2048-t128,3,10000,2048,128,0,F5,0.0,V0,cumulative,3,PASS,0,0,1,0
s3-N10000-b2048-t128,3,10000,2048,128,100,F5,0.0,V1,cumulative,3,PASS,0,0,1,0
s3-N10000-b2048-t128,3,10000,2048,128,0,F5,0.0,V2minus,cumulative,3,FAIL,1,0,0,1
s3-N10000-b2048-t128,3,10000,2048,128,0,F5,0.0,V2,cumulative,3,FAIL,1,0,0,1
s3-N10000-b2048-t128,3,10000,2048,128,0,F5,0.0,V3,cumulative,3,FAIL,1,0,0,1
s3-N10000-b2048-t128,3,10000,2048,128,0,F5,0.05,V0,cumulative,3,PASS,0,0,500,0
s3-N10000-b2048-t128,3,10000,2048,128,100,F5,0.05,V1,cumulative,3,PASS,0,0,500,0
s3-N10000-b2048-t128,3,10000,2048,128,0,F5,0.05,V2minus,cumulative,3,FAIL,500,0,0,1
s3-N10000-b2048-t128,3,10000,2048,128,0,F5,0.05,V2,cumulative,3,FAIL,500,0,0,1
s3-N10000-b2048-t128,3,10000,2048,128,0,F5,0.05,V3,cumulative,3,FAIL,500,0,0,1
s3-N10000-b2048-t128,3,10000,2048,128,0,F5b,0.0,V0,cumulative,3,PASS,0,0,1,0
s3-N10000-b2048-t128,3,10000,2048,128,100,F5b,0.0,V1,cumulative,3,PASS,0,0,1,0
s3-N10000-b2048-t128,3,10000,2048,128,0,F5b,0.0,V2minus,cumulative,3,FAIL,1,0,0,1
s3-N10000-b2048-t128,3,10000,2048,128,0,F5b,0.0,V2,cumulative,3,FAIL,1,0,0,1
s3-N10000-b2048-t128,3,10000,2048,128,0,F5b,0.0,V3,cumulative,3,FAIL,1,0,0,1
s3-N10000-b2048-t128,3,10000,2048,128,0,F5c,0.0,V0,cumulative,3,PASS,0,0,2,0
s3-N10000-b2048-t128,3,10000,2048,128,100,F5c,0.0,V1,cumulative,3,PASS,0,0,2,0
s3-N10000-b2048-t128,3,10000,2048,128,0,F5c,0.0,V2minus,cumulative,3,FAIL,2,0,0,1
s3-N10000-b2048-t128,3,10000,2048,128,0,F5c,0.0,V2,cumulative,3,FAIL,2,0,0,1
s3-N10000-b2048-t128,3,10000,2048,128,0,F5c,0.0,V3,cumulative,3,FAIL,2,0,0,1
s3-N10000-b2048-t128,3,10000,2048,128,0,F6,0.0,V0,cumulative,3,INCOMPLETE,0,0,0,1
s3-N10000-b2048-t128,3,10000,2048,128,100,F6,0.0,V1,cumulative,3,INCOMPLETE,0,0,0,1
s3-N10000-b2048-t128,3,10000,2048,128,0,F6,0.0,V2minus,cumulative,3,INCOMPLETE,0,0,0,1
s3-N10000-b2048-t128,3,10000,2048,128,0,F6,0.0,V2,cumulative,3,INCOMPLETE,0,0,0,1
s3-N10000-b2048-t128,3,10000,2048,128,0,F6,0.0,V3,cumulative,3,INCOMPLETE,0,0,0,1
s3-N10000-b2048-t128,3,10000,2048,128,0,F7,0.0,V2minus,cumulative,3,UNRUNNABLE,0,0,1,0
s3-N10000-b2048-t128,3,10000,2048,128,0,F7,0.0,V2,cumulative,3,FAIL,1,0,0,1
s4-N10000-b2048-t128,4,10000,2048,128,0,F0,0.0,V0,cumulative,4,PASS,0,0,0,0
s4-N10000-b2048-t128,4,10000,2048,128,100,F0,0.0,V1,cumulative,4,PASS,0,0,0,0
s4-N10000-b2048-t128,4,10000,2048,128,0,F0,0.0,V2minus,cumulative,4,PASS,0,0,0,0
s4-N10000-b2048-t128,4,10000,2048,128,0,F0,0.0,V2,cumulative,4,PASS,0,0,0,0
s4-N10000-b2048-t128,4,10000,2048,128,0,F0,0.0,V3,cumulative,4,PASS,0,0,0,0
s4-N10000-b2048-t128,4,10000,2048,128,0,F1a,0.0,V0,cumulative,4,FAIL,1,0,0,1
s4-N10000-b2048-t128,4,10000,2048,128,100,F1a,0.0,V1,cumulative,4,FAIL,1,0,0,1
s4-N10000-b2048-t128,4,10000,2048,128,0,F1a,0.0,V2minus,cumulative,4,FAIL,1,0,0,1
s4-N10000-b2048-t128,4,10000,2048,128,0,F1a,0.0,V2,cumulative,4,FAIL,1,0,0,1
s4-N10000-b2048-t128,4,10000,2048,128,0,F1a,0.0,V3,cumulative,4,FAIL,1,0,0,1
s4-N10000-b2048-t128,4,10000,2048,128,0,F1b,0.0,V0,cumulative,4,FAIL,1,0,0,1
s4-N10000-b2048-t128,4,10000,2048,128,100,F1b,0.0,V1,cumulative,4,FAIL,1,0,0,1
s4-N10000-b2048-t128,4,10000,2048,128,0,F1b,0.0,V2minus,cumulative,4,FAIL,1,0,0,1
s4-N10000-b2048-t128,4,10000,2048,128,0,F1b,0.0,V2,cumulative,4,FAIL,1,0,0,1
s4-N10000-b2048-t128,4,10000,2048,128,0,F1b,0.0,V3,cumulative,4,FAIL,1,0,0,1
s4-N10000-b2048-t128,4,10000,2048,128,0,F2,0.0,V0,cumulative,4,FAIL,1,0,0,1
s4-N10000-b2048-t128,4,10000,2048,128,100,F2,0.0,V1,cumulative,4,FAIL,1,0,0,1
s4-N10000-b2048-t128,4,10000,2048,128,0,F2,0.0,V2minus,cumulative,4,FAIL,1,0,0,1
s4-N10000-b2048-t128,4,10000,2048,128,0,F2,0.0,V2,cumulative,4,FAIL,1,0,0,1
s4-N10000-b2048-t128,4,10000,2048,128,0,F2,0.0,V3,cumulative,4,FAIL,1,0,0,1
s4-N10000-b2048-t128,4,10000,2048,128,0,F3,0.0,V0,cumulative,4,FAIL,1,0,0,1
s4-N10000-b2048-t128,4,10000,2048,128,100,F3,0.0,V1,cumulative,4,FAIL,1,0,0,1
s4-N10000-b2048-t128,4,10000,2048,128,0,F3,0.0,V2minus,cumulative,4,FAIL,1,0,0,1
s4-N10000-b2048-t128,4,10000,2048,128,0,F3,0.0,V2,cumulative,4,FAIL,1,0,0,1
s4-N10000-b2048-t128,4,10000,2048,128,0,F3,0.0,V3,cumulative,4,FAIL,1,0,0,1
s4-N10000-b2048-t128,4,10000,2048,128,0,F4r,0.0,V0,cumulative,4,FAIL,1,0,0,1
s4-N10000-b2048-t128,4,10000,2048,128,100,F4r,0.0,V1,cumulative,4,FAIL,1,0,0,1
s4-N10000-b2048-t128,4,10000,2048,128,0,F4r,0.0,V2minus,cumulative,4,FAIL,1,0,0,1
s4-N10000-b2048-t128,4,10000,2048,128,0,F4r,0.0,V2,cumulative,4,FAIL,1,0,0,1
s4-N10000-b2048-t128,4,10000,2048,128,0,F4r,0.0,V3,cumulative,4,FAIL,1,0,0,1
s4-N10000-b2048-t128,4,10000,2048,128,0,F4m,0.0,V0,cumulative,4,FAIL,0,0,0,1
s4-N10000-b2048-t128,4,10000,2048,128,100,F4m,0.0,V1,cumulative,4,FAIL,0,0,0,1
s4-N10000-b2048-t128,4,10000,2048,128,0,F4m,0.0,V2minus,cumulative,4,FAIL,0,0,0,1
s4-N10000-b2048-t128,4,10000,2048,128,0,F4m,0.0,V2,cumulative,4,FAIL,0,0,0,1
s4-N10000-b2048-t128,4,10000,2048,128,0,F4m,0.0,V3,cumulative,4,FAIL,0,0,0,1
s4-N10000-b2048-t128,4,10000,2048,128,0,F5,0.0,V0,cumulative,4,PASS,0,0,1,0
s4-N10000-b2048-t128,4,10000,2048,128,100,F5,0.0,V1,cumulative,4,PASS,0,0,1,0
s4-N10000-b2048-t128,4,10000,2048,128,0,F5,0.0,V2minus,cumulative,4,FAIL,1,0,0,1
s4-N10000-b2048-t128,4,10000,2048,128,0,F5,0.0,V2,cumulative,4,FAIL,1,0,0,1
s4-N10000-b2048-t128,4,10000,2048,128,0,F5,0.0,V3,cumulative,4,FAIL,1,0,0,1
s4-N10000-b2048-t128,4,10000,2048,128,0,F5,0.05,V0,cumulative,4,PASS,0,0,500,0
s4-N10000-b2048-t128,4,10000,2048,128,100,F5,0.05,V1,cumulative,4,PASS,0,0,500,0
s4-N10000-b2048-t128,4,10000,2048,128,0,F5,0.05,V2minus,cumulative,4,FAIL,500,0,0,1
s4-N10000-b2048-t128,4,10000,2048,128,0,F5,0.05,V2,cumulative,4,FAIL,500,0,0,1
s4-N10000-b2048-t128,4,10000,2048,128,0,F5,0.05,V3,cumulative,4,FAIL,500,0,0,1
s4-N10000-b2048-t128,4,10000,2048,128,0,F5b,0.0,V0,cumulative,4,PASS,0,0,1,0
s4-N10000-b2048-t128,4,10000,2048,128,100,F5b,0.0,V1,cumulative,4,PASS,0,0,1,0
s4-N10000-b2048-t128,4,10000,2048,128,0,F5b,0.0,V2minus,cumulative,4,FAIL,1,0,0,1
s4-N10000-b2048-t128,4,10000,2048,128,0,F5b,0.0,V2,cumulative,4,FAIL,1,0,0,1
s4-N10000-b2048-t128,4,10000,2048,128,0,F5b,0.0,V3,cumulative,4,FAIL,1,0,0,1
s4-N10000-b2048-t128,4,10000,2048,128,0,F5c,0.0,V0,cumulative,4,PASS,0,0,2,0
s4-N10000-b2048-t128,4,10000,2048,128,100,F5c,0.0,V1,cumulative,4,PASS,0,0,2,0
s4-N10000-b2048-t128,4,10000,2048,128,0,F5c,0.0,V2minus,cumulative,4,FAIL,2,0,0,1
s4-N10000-b2048-t128,4,10000,2048,128,0,F5c,0.0,V2,cumulative,4,FAIL,2,0,0,1
s4-N10000-b2048-t128,4,10000,2048,128,0,F5c,0.0,V3,cumulative,4,FAIL,2,0,0,1
s4-N10000-b2048-t128,4,10000,2048,128,0,F6,0.0,V0,cumulative,4,INCOMPLETE,0,0,0,1
s4-N10000-b2048-t128,4,10000,2048,128,100,F6,0.0,V1,cumulative,4,INCOMPLETE,0,0,0,1
s4-N10000-b2048-t128,4,10000,2048,128,0,F6,0.0,V2minus,cumulative,4,INCOMPLETE,0,0,0,1
s4-N10000-b2048-t128,4,10000,2048,128,0,F6,0.0,V2,cumulative,4,INCOMPLETE,0,0,0,1
s4-N10000-b2048-t128,4,10000,2048,128,0,F6,0.0,V3,cumulative,4,INCOMPLETE,0,0,0,1
s4-N10000-b2048-t128,4,10000,2048,128,0,F7,0.0,V2minus,cumulative,4,UNRUNNABLE,0,0,1,0
s4-N10000-b2048-t128,4,10000,2048,128,0,F7,0.0,V2,cumulative,4,FAIL,1,0,0,1
s5-N10000-b2048-t128,5,10000,2048,128,0,F0,0.0,V0,cumulative,5,PASS,0,0,0,0
s5-N10000-b2048-t128,5,10000,2048,128,100,F0,0.0,V1,cumulative,5,PASS,0,0,0,0
s5-N10000-b2048-t128,5,10000,2048,128,0,F0,0.0,V2minus,cumulative,5,PASS,0,0,0,0
s5-N10000-b2048-t128,5,10000,2048,128,0,F0,0.0,V2,cumulative,5,PASS,0,0,0,0
s5-N10000-b2048-t128,5,10000,2048,128,0,F0,0.0,V3,cumulative,5,PASS,0,0,0,0
s5-N10000-b2048-t128,5,10000,2048,128,0,F1a,0.0,V0,cumulative,5,FAIL,1,0,0,1
s5-N10000-b2048-t128,5,10000,2048,128,100,F1a,0.0,V1,cumulative,5,FAIL,1,0,0,1
s5-N10000-b2048-t128,5,10000,2048,128,0,F1a,0.0,V2minus,cumulative,5,FAIL,1,0,0,1
s5-N10000-b2048-t128,5,10000,2048,128,0,F1a,0.0,V2,cumulative,5,FAIL,1,0,0,1
s5-N10000-b2048-t128,5,10000,2048,128,0,F1a,0.0,V3,cumulative,5,FAIL,1,0,0,1
s5-N10000-b2048-t128,5,10000,2048,128,0,F1b,0.0,V0,cumulative,5,FAIL,1,0,0,1
s5-N10000-b2048-t128,5,10000,2048,128,100,F1b,0.0,V1,cumulative,5,FAIL,1,0,0,1
s5-N10000-b2048-t128,5,10000,2048,128,0,F1b,0.0,V2minus,cumulative,5,FAIL,1,0,0,1
s5-N10000-b2048-t128,5,10000,2048,128,0,F1b,0.0,V2,cumulative,5,FAIL,1,0,0,1
s5-N10000-b2048-t128,5,10000,2048,128,0,F1b,0.0,V3,cumulative,5,FAIL,1,0,0,1
s5-N10000-b2048-t128,5,10000,2048,128,0,F2,0.0,V0,cumulative,5,FAIL,1,0,0,1
s5-N10000-b2048-t128,5,10000,2048,128,100,F2,0.0,V1,cumulative,5,FAIL,1,0,0,1
s5-N10000-b2048-t128,5,10000,2048,128,0,F2,0.0,V2minus,cumulative,5,FAIL,1,0,0,1
s5-N10000-b2048-t128,5,10000,2048,128,0,F2,0.0,V2,cumulative,5,FAIL,1,0,0,1
s5-N10000-b2048-t128,5,10000,2048,128,0,F2,0.0,V3,cumulative,5,FAIL,1,0,0,1
s5-N10000-b2048-t128,5,10000,2048,128,0,F3,0.0,V0,cumulative,5,FAIL,1,0,0,1
s5-N10000-b2048-t128,5,10000,2048,128,100,F3,0.0,V1,cumulative,5,FAIL,1,0,0,1
s5-N10000-b2048-t128,5,10000,2048,128,0,F3,0.0,V2minus,cumulative,5,FAIL,1,0,0,1
s5-N10000-b2048-t128,5,10000,2048,128,0,F3,0.0,V2,cumulative,5,FAIL,1,0,0,1
s5-N10000-b2048-t128,5,10000,2048,128,0,F3,0.0,V3,cumulative,5,FAIL,1,0,0,1
s5-N10000-b2048-t128,5,10000,2048,128,0,F4r,0.0,V0,cumulative,5,FAIL,1,0,0,1
s5-N10000-b2048-t128,5,10000,2048,128,100,F4r,0.0,V1,cumulative,5,FAIL,1,0,0,1
s5-N10000-b2048-t128,5,10000,2048,128,0,F4r,0.0,V2minus,cumulative,5,FAIL,1,0,0,1
s5-N10000-b2048-t128,5,10000,2048,128,0,F4r,0.0,V2,cumulative,5,FAIL,1,0,0,1
s5-N10000-b2048-t128,5,10000,2048,128,0,F4r,0.0,V3,cumulative,5,FAIL,1,0,0,1
s5-N10000-b2048-t128,5,10000,2048,128,0,F4m,0.0,V0,cumulative,5,FAIL,0,0,0,1
s5-N10000-b2048-t128,5,10000,2048,128,100,F4m,0.0,V1,cumulative,5,FAIL,0,0,0,1
s5-N10000-b2048-t128,5,10000,2048,128,0,F4m,0.0,V2minus,cumulative,5,FAIL,0,0,0,1
s5-N10000-b2048-t128,5,10000,2048,128,0,F4m,0.0,V2,cumulative,5,FAIL,0,0,0,1
s5-N10000-b2048-t128,5,10000,2048,128,0,F4m,0.0,V3,cumulative,5,FAIL,0,0,0,1
s5-N10000-b2048-t128,5,10000,2048,128,0,F5,0.0,V0,cumulative,5,PASS,0,0,1,0
s5-N10000-b2048-t128,5,10000,2048,128,100,F5,0.0,V1,cumulative,5,PASS,0,0,1,0
s5-N10000-b2048-t128,5,10000,2048,128,0,F5,0.0,V2minus,cumulative,5,FAIL,1,0,0,1
s5-N10000-b2048-t128,5,10000,2048,128,0,F5,0.0,V2,cumulative,5,FAIL,1,0,0,1
s5-N10000-b2048-t128,5,10000,2048,128,0,F5,0.0,V3,cumulative,5,FAIL,1,0,0,1
s5-N10000-b2048-t128,5,10000,2048,128,0,F5,0.05,V0,cumulative,5,PASS,0,0,500,0
s5-N10000-b2048-t128,5,10000,2048,128,100,F5,0.05,V1,cumulative,5,PASS,0,0,500,0
s5-N10000-b2048-t128,5,10000,2048,128,0,F5,0.05,V2minus,cumulative,5,FAIL,500,0,0,1
s5-N10000-b2048-t128,5,10000,2048,128,0,F5,0.05,V2,cumulative,5,FAIL,500,0,0,1
s5-N10000-b2048-t128,5,10000,2048,128,0,F5,0.05,V3,cumulative,5,FAIL,500,0,0,1
s5-N10000-b2048-t128,5,10000,2048,128,0,F5b,0.0,V0,cumulative,5,PASS,0,0,1,0
s5-N10000-b2048-t128,5,10000,2048,128,100,F5b,0.0,V1,cumulative,5,PASS,0,0,1,0
s5-N10000-b2048-t128,5,10000,2048,128,0,F5b,0.0,V2minus,cumulative,5,FAIL,1,0,0,1
s5-N10000-b2048-t128,5,10000,2048,128,0,F5b,0.0,V2,cumulative,5,FAIL,1,0,0,1
s5-N10000-b2048-t128,5,10000,2048,128,0,F5b,0.0,V3,cumulative,5,FAIL,1,0,0,1
s5-N10000-b2048-t128,5,10000,2048,128,0,F5c,0.0,V0,cumulative,5,PASS,0,0,2,0
s5-N10000-b2048-t128,5,10000,2048,128,100,F5c,0.0,V1,cumulative,5,PASS,0,0,2,0
s5-N10000-b2048-t128,5,10000,2048,128,0,F5c,0.0,V2minus,cumulative,5,FAIL,2,0,0,1
s5-N10000-b2048-t128,5,10000,2048,128,0,F5c,0.0,V2,cumulative,5,FAIL,2,0,0,1
s5-N10000-b2048-t128,5,10000,2048,128,0,F5c,0.0,V3,cumulative,5,FAIL,2,0,0,1
s5-N10000-b2048-t128,5,10000,2048,128,0,F6,0.0,V0,cumulative,5,INCOMPLETE,0,0,0,1
s5-N10000-b2048-t128,5,10000,2048,128,100,F6,0.0,V1,cumulative,5,INCOMPLETE,0,0,0,1
s5-N10000-b2048-t128,5,10000,2048,128,0,F6,0.0,V2minus,cumulative,5,INCOMPLETE,0,0,0,1
s5-N10000-b2048-t128,5,10000,2048,128,0,F6,0.0,V2,cumulative,5,INCOMPLETE,0,0,0,1
s5-N10000-b2048-t128,5,10000,2048,128,0,F6,0.0,V3,cumulative,5,INCOMPLETE,0,0,0,1
s5-N10000-b2048-t128,5,10000,2048,128,0,F7,0.0,V2minus,cumulative,5,UNRUNNABLE,0,0,1,0
s5-N10000-b2048-t128,5,10000,2048,128,0,F7,0.0,V2,cumulative,5,FAIL,1,0,0,1
s6-N10000-b2048-t128,6,10000,2048,128,0,F0,0.0,V0,cumulative,6,PASS,0,0,0,0
s6-N10000-b2048-t128,6,10000,2048,128,100,F0,0.0,V1,cumulative,6,PASS,0,0,0,0
s6-N10000-b2048-t128,6,10000,2048,128,0,F0,0.0,V2minus,cumulative,6,PASS,0,0,0,0
s6-N10000-b2048-t128,6,10000,2048,128,0,F0,0.0,V2,cumulative,6,PASS,0,0,0,0
s6-N10000-b2048-t128,6,10000,2048,128,0,F0,0.0,V3,cumulative,6,PASS,0,0,0,0
s6-N10000-b2048-t128,6,10000,2048,128,0,F1a,0.0,V0,cumulative,6,FAIL,1,0,0,1
s6-N10000-b2048-t128,6,10000,2048,128,100,F1a,0.0,V1,cumulative,6,FAIL,1,0,0,1
s6-N10000-b2048-t128,6,10000,2048,128,0,F1a,0.0,V2minus,cumulative,6,FAIL,1,0,0,1
s6-N10000-b2048-t128,6,10000,2048,128,0,F1a,0.0,V2,cumulative,6,FAIL,1,0,0,1
s6-N10000-b2048-t128,6,10000,2048,128,0,F1a,0.0,V3,cumulative,6,FAIL,1,0,0,1
s6-N10000-b2048-t128,6,10000,2048,128,0,F1b,0.0,V0,cumulative,6,FAIL,1,0,0,1
s6-N10000-b2048-t128,6,10000,2048,128,100,F1b,0.0,V1,cumulative,6,FAIL,1,0,0,1
s6-N10000-b2048-t128,6,10000,2048,128,0,F1b,0.0,V2minus,cumulative,6,FAIL,1,0,0,1
s6-N10000-b2048-t128,6,10000,2048,128,0,F1b,0.0,V2,cumulative,6,FAIL,1,0,0,1
s6-N10000-b2048-t128,6,10000,2048,128,0,F1b,0.0,V3,cumulative,6,FAIL,1,0,0,1
s6-N10000-b2048-t128,6,10000,2048,128,0,F2,0.0,V0,cumulative,6,FAIL,1,0,0,1
s6-N10000-b2048-t128,6,10000,2048,128,100,F2,0.0,V1,cumulative,6,FAIL,1,0,0,1
s6-N10000-b2048-t128,6,10000,2048,128,0,F2,0.0,V2minus,cumulative,6,FAIL,1,0,0,1
s6-N10000-b2048-t128,6,10000,2048,128,0,F2,0.0,V2,cumulative,6,FAIL,1,0,0,1
s6-N10000-b2048-t128,6,10000,2048,128,0,F2,0.0,V3,cumulative,6,FAIL,1,0,0,1
s6-N10000-b2048-t128,6,10000,2048,128,0,F3,0.0,V0,cumulative,6,FAIL,1,0,0,1
s6-N10000-b2048-t128,6,10000,2048,128,100,F3,0.0,V1,cumulative,6,FAIL,1,0,0,1
s6-N10000-b2048-t128,6,10000,2048,128,0,F3,0.0,V2minus,cumulative,6,FAIL,1,0,0,1
s6-N10000-b2048-t128,6,10000,2048,128,0,F3,0.0,V2,cumulative,6,FAIL,1,0,0,1
s6-N10000-b2048-t128,6,10000,2048,128,0,F3,0.0,V3,cumulative,6,FAIL,1,0,0,1
s6-N10000-b2048-t128,6,10000,2048,128,0,F4r,0.0,V0,cumulative,6,FAIL,1,1,0,1
s6-N10000-b2048-t128,6,10000,2048,128,100,F4r,0.0,V1,cumulative,6,FAIL,1,2,0,1
s6-N10000-b2048-t128,6,10000,2048,128,0,F4r,0.0,V2minus,cumulative,6,FAIL,1,1,0,1
s6-N10000-b2048-t128,6,10000,2048,128,0,F4r,0.0,V2,cumulative,6,FAIL,1,1,0,1
s6-N10000-b2048-t128,6,10000,2048,128,0,F4r,0.0,V3,cumulative,6,FAIL,1,1,0,1
s6-N10000-b2048-t128,6,10000,2048,128,0,F4m,0.0,V0,cumulative,6,FAIL,0,0,0,1
s6-N10000-b2048-t128,6,10000,2048,128,100,F4m,0.0,V1,cumulative,6,FAIL,0,0,0,1
s6-N10000-b2048-t128,6,10000,2048,128,0,F4m,0.0,V2minus,cumulative,6,FAIL,0,0,0,1
s6-N10000-b2048-t128,6,10000,2048,128,0,F4m,0.0,V2,cumulative,6,FAIL,0,0,0,1
s6-N10000-b2048-t128,6,10000,2048,128,0,F4m,0.0,V3,cumulative,6,FAIL,0,0,0,1
s6-N10000-b2048-t128,6,10000,2048,128,0,F5,0.0,V0,cumulative,6,PASS,0,0,1,0
s6-N10000-b2048-t128,6,10000,2048,128,100,F5,0.0,V1,cumulative,6,PASS,0,0,1,0
s6-N10000-b2048-t128,6,10000,2048,128,0,F5,0.0,V2minus,cumulative,6,FAIL,1,0,0,1
s6-N10000-b2048-t128,6,10000,2048,128,0,F5,0.0,V2,cumulative,6,FAIL,1,0,0,1
s6-N10000-b2048-t128,6,10000,2048,128,0,F5,0.0,V3,cumulative,6,FAIL,1,0,0,1
s6-N10000-b2048-t128,6,10000,2048,128,0,F5,0.05,V0,cumulative,6,PASS,0,0,500,0
s6-N10000-b2048-t128,6,10000,2048,128,100,F5,0.05,V1,cumulative,6,PASS,0,0,500,0
s6-N10000-b2048-t128,6,10000,2048,128,0,F5,0.05,V2minus,cumulative,6,FAIL,500,0,0,1
s6-N10000-b2048-t128,6,10000,2048,128,0,F5,0.05,V2,cumulative,6,FAIL,500,0,0,1
s6-N10000-b2048-t128,6,10000,2048,128,0,F5,0.05,V3,cumulative,6,FAIL,500,0,0,1
s6-N10000-b2048-t128,6,10000,2048,128,0,F5b,0.0,V0,cumulative,6,PASS,0,0,1,0
s6-N10000-b2048-t128,6,10000,2048,128,100,F5b,0.0,V1,cumulative,6,PASS,0,0,1,0
s6-N10000-b2048-t128,6,10000,2048,128,0,F5b,0.0,V2minus,cumulative,6,FAIL,1,0,0,1
s6-N10000-b2048-t128,6,10000,2048,128,0,F5b,0.0,V2,cumulative,6,FAIL,1,0,0,1
s6-N10000-b2048-t128,6,10000,2048,128,0,F5b,0.0,V3,cumulative,6,FAIL,1,0,0,1
s6-N10000-b2048-t128,6,10000,2048,128,0,F5c,0.0,V0,cumulative,6,PASS,0,0,2,0
s6-N10000-b2048-t128,6,10000,2048,128,100,F5c,0.0,V1,cumulative,6,PASS,0,0,2,0
s6-N10000-b2048-t128,6,10000,2048,128,0,F5c,0.0,V2minus,cumulative,6,FAIL,2,0,0,1
s6-N10000-b2048-t128,6,10000,2048,128,0,F5c,0.0,V2,cumulative,6,FAIL,2,0,0,1
s6-N10000-b2048-t128,6,10000,2048,128,0,F5c,0.0,V3,cumulative,6,FAIL,2,0,0,1
s6-N10000-b2048-t128,6,10000,2048,128,0,F6,0.0,V0,cumulative,6,INCOMPLETE,0,0,0,1
s6-N10000-b2048-t128,6,10000,2048,128,100,F6,0.0,V1,cumulative,6,INCOMPLETE,0,0,0,1
s6-N10000-b2048-t128,6,10000,2048,128,0,F6,0.0,V2minus,cumulative,6,INCOMPLETE,0,0,0,1
s6-N10000-b2048-t128,6,10000,2048,128,0,F6,0.0,V2,cumulative,6,INCOMPLETE,0,0,0,1
s6-N10000-b2048-t128,6,10000,2048,128,0,F6,0.0,V3,cumulative,6,INCOMPLETE,0,0,0,1
s6-N10000-b2048-t128,6,10000,2048,128,0,F7,0.0,V2minus,cumulative,6,UNRUNNABLE,0,0,1,0
s6-N10000-b2048-t128,6,10000,2048,128,0,F7,0.0,V2,cumulative,6,FAIL,1,0,0,1
s7-N10000-b2048-t128,7,10000,2048,128,0,F0,0.0,V0,cumulative,7,PASS,0,0,0,0
s7-N10000-b2048-t128,7,10000,2048,128,100,F0,0.0,V1,cumulative,7,PASS,0,0,0,0
s7-N10000-b2048-t128,7,10000,2048,128,0,F0,0.0,V2minus,cumulative,7,PASS,0,0,0,0
s7-N10000-b2048-t128,7,10000,2048,128,0,F0,0.0,V2,cumulative,7,PASS,0,0,0,0
s7-N10000-b2048-t128,7,10000,2048,128,0,F0,0.0,V3,cumulative,7,PASS,0,0,0,0
s7-N10000-b2048-t128,7,10000,2048,128,0,F1a,0.0,V0,cumulative,7,FAIL,1,0,0,1
s7-N10000-b2048-t128,7,10000,2048,128,100,F1a,0.0,V1,cumulative,7,FAIL,1,0,0,1
s7-N10000-b2048-t128,7,10000,2048,128,0,F1a,0.0,V2minus,cumulative,7,FAIL,1,0,0,1
s7-N10000-b2048-t128,7,10000,2048,128,0,F1a,0.0,V2,cumulative,7,FAIL,1,0,0,1
s7-N10000-b2048-t128,7,10000,2048,128,0,F1a,0.0,V3,cumulative,7,FAIL,1,0,0,1
s7-N10000-b2048-t128,7,10000,2048,128,0,F1b,0.0,V0,cumulative,7,FAIL,1,0,0,1
s7-N10000-b2048-t128,7,10000,2048,128,100,F1b,0.0,V1,cumulative,7,FAIL,1,0,0,1
s7-N10000-b2048-t128,7,10000,2048,128,0,F1b,0.0,V2minus,cumulative,7,FAIL,1,0,0,1
s7-N10000-b2048-t128,7,10000,2048,128,0,F1b,0.0,V2,cumulative,7,FAIL,1,0,0,1
s7-N10000-b2048-t128,7,10000,2048,128,0,F1b,0.0,V3,cumulative,7,FAIL,1,0,0,1
s7-N10000-b2048-t128,7,10000,2048,128,0,F2,0.0,V0,cumulative,7,FAIL,1,0,0,1
s7-N10000-b2048-t128,7,10000,2048,128,100,F2,0.0,V1,cumulative,7,FAIL,1,0,0,1
s7-N10000-b2048-t128,7,10000,2048,128,0,F2,0.0,V2minus,cumulative,7,FAIL,1,0,0,1
s7-N10000-b2048-t128,7,10000,2048,128,0,F2,0.0,V2,cumulative,7,FAIL,1,0,0,1
s7-N10000-b2048-t128,7,10000,2048,128,0,F2,0.0,V3,cumulative,7,FAIL,1,0,0,1
s7-N10000-b2048-t128,7,10000,2048,128,0,F3,0.0,V0,cumulative,7,FAIL,1,0,0,1
s7-N10000-b2048-t128,7,10000,2048,128,100,F3,0.0,V1,cumulative,7,FAIL,1,0,0,1
s7-N10000-b2048-t128,7,10000,2048,128,0,F3,0.0,V2minus,cumulative,7,FAIL,1,0,0,1
s7-N10000-b2048-t128,7,10000,2048,128,0,F3,0.0,V2,cumulative,7,FAIL,1,0,0,1
s7-N10000-b2048-t128,7,10000,2048,128,0,F3,0.0,V3,cumulative,7,FAIL,1,0,0,1
s7-N10000-b2048-t128,7,10000,2048,128,0,F4r,0.0,V0,cumulative,7,FAIL,1,1,0,1
s7-N10000-b2048-t128,7,10000,2048,128,100,F4r,0.0,V1,cumulative,7,FAIL,1,1,0,1
s7-N10000-b2048-t128,7,10000,2048,128,0,F4r,0.0,V2minus,cumulative,7,FAIL,1,1,0,1
s7-N10000-b2048-t128,7,10000,2048,128,0,F4r,0.0,V2,cumulative,7,FAIL,1,1,0,1
s7-N10000-b2048-t128,7,10000,2048,128,0,F4r,0.0,V3,cumulative,7,FAIL,1,1,0,1
s7-N10000-b2048-t128,7,10000,2048,128,0,F4m,0.0,V0,cumulative,7,FAIL,0,0,0,1
s7-N10000-b2048-t128,7,10000,2048,128,100,F4m,0.0,V1,cumulative,7,FAIL,0,0,0,1
s7-N10000-b2048-t128,7,10000,2048,128,0,F4m,0.0,V2minus,cumulative,7,FAIL,0,0,0,1
s7-N10000-b2048-t128,7,10000,2048,128,0,F4m,0.0,V2,cumulative,7,FAIL,0,0,0,1
s7-N10000-b2048-t128,7,10000,2048,128,0,F4m,0.0,V3,cumulative,7,FAIL,0,0,0,1
s7-N10000-b2048-t128,7,10000,2048,128,0,F5,0.0,V0,cumulative,7,PASS,0,0,1,0
s7-N10000-b2048-t128,7,10000,2048,128,100,F5,0.0,V1,cumulative,7,PASS,0,0,1,0
s7-N10000-b2048-t128,7,10000,2048,128,0,F5,0.0,V2minus,cumulative,7,FAIL,1,0,0,1
s7-N10000-b2048-t128,7,10000,2048,128,0,F5,0.0,V2,cumulative,7,FAIL,1,0,0,1
s7-N10000-b2048-t128,7,10000,2048,128,0,F5,0.0,V3,cumulative,7,FAIL,1,0,0,1
s7-N10000-b2048-t128,7,10000,2048,128,0,F5,0.05,V0,cumulative,7,PASS,0,0,500,0
s7-N10000-b2048-t128,7,10000,2048,128,100,F5,0.05,V1,cumulative,7,PASS,0,0,500,0
s7-N10000-b2048-t128,7,10000,2048,128,0,F5,0.05,V2minus,cumulative,7,FAIL,500,0,0,1
s7-N10000-b2048-t128,7,10000,2048,128,0,F5,0.05,V2,cumulative,7,FAIL,500,0,0,1
s7-N10000-b2048-t128,7,10000,2048,128,0,F5,0.05,V3,cumulative,7,FAIL,500,0,0,1
s7-N10000-b2048-t128,7,10000,2048,128,0,F5b,0.0,V0,cumulative,7,PASS,0,0,1,0
s7-N10000-b2048-t128,7,10000,2048,128,100,F5b,0.0,V1,cumulative,7,PASS,0,0,1,0
s7-N10000-b2048-t128,7,10000,2048,128,0,F5b,0.0,V2minus,cumulative,7,FAIL,1,0,0,1
s7-N10000-b2048-t128,7,10000,2048,128,0,F5b,0.0,V2,cumulative,7,FAIL,1,0,0,1
s7-N10000-b2048-t128,7,10000,2048,128,0,F5b,0.0,V3,cumulative,7,FAIL,1,0,0,1
s7-N10000-b2048-t128,7,10000,2048,128,0,F5c,0.0,V0,cumulative,7,PASS,0,0,2,0
s7-N10000-b2048-t128,7,10000,2048,128,100,F5c,0.0,V1,cumulative,7,PASS,0,0,2,0
s7-N10000-b2048-t128,7,10000,2048,128,0,F5c,0.0,V2minus,cumulative,7,FAIL,2,0,0,1
s7-N10000-b2048-t128,7,10000,2048,128,0,F5c,0.0,V2,cumulative,7,FAIL,2,0,0,1
s7-N10000-b2048-t128,7,10000,2048,128,0,F5c,0.0,V3,cumulative,7,FAIL,2,0,0,1
s7-N10000-b2048-t128,7,10000,2048,128,0,F6,0.0,V0,cumulative,7,INCOMPLETE,0,0,0,1
s7-N10000-b2048-t128,7,10000,2048,128,100,F6,0.0,V1,cumulative,7,INCOMPLETE,0,0,0,1
s7-N10000-b2048-t128,7,10000,2048,128,0,F6,0.0,V2minus,cumulative,7,INCOMPLETE,0,0,0,1
s7-N10000-b2048-t128,7,10000,2048,128,0,F6,0.0,V2,cumulative,7,INCOMPLETE,0,0,0,1
s7-N10000-b2048-t128,7,10000,2048,128,0,F6,0.0,V3,cumulative,7,INCOMPLETE,0,0,0,1
s7-N10000-b2048-t128,7,10000,2048,128,0,F7,0.0,V2minus,cumulative,7,UNRUNNABLE,0,0,1,0
s7-N10000-b2048-t128,7,10000,2048,128,0,F7,0.0,V2,cumulative,7,FAIL,1,0,0,1
s8-N10000-b2048-t128,8,10000,2048,128,0,F0,0.0,V0,cumulative,8,PASS,0,0,0,0
s8-N10000-b2048-t128,8,10000,2048,128,100,F0,0.0,V1,cumulative,8,PASS,0,0,0,0
s8-N10000-b2048-t128,8,10000,2048,128,0,F0,0.0,V2minus,cumulative,8,PASS,0,0,0,0
s8-N10000-b2048-t128,8,10000,2048,128,0,F0,0.0,V2,cumulative,8,PASS,0,0,0,0
s8-N10000-b2048-t128,8,10000,2048,128,0,F0,0.0,V3,cumulative,8,PASS,0,0,0,0
s8-N10000-b2048-t128,8,10000,2048,128,0,F1a,0.0,V0,cumulative,8,FAIL,1,0,0,1
s8-N10000-b2048-t128,8,10000,2048,128,100,F1a,0.0,V1,cumulative,8,FAIL,1,0,0,1
s8-N10000-b2048-t128,8,10000,2048,128,0,F1a,0.0,V2minus,cumulative,8,FAIL,1,0,0,1
s8-N10000-b2048-t128,8,10000,2048,128,0,F1a,0.0,V2,cumulative,8,FAIL,1,0,0,1
s8-N10000-b2048-t128,8,10000,2048,128,0,F1a,0.0,V3,cumulative,8,FAIL,1,0,0,1
s8-N10000-b2048-t128,8,10000,2048,128,0,F1b,0.0,V0,cumulative,8,FAIL,1,0,0,1
s8-N10000-b2048-t128,8,10000,2048,128,100,F1b,0.0,V1,cumulative,8,FAIL,1,0,0,1
s8-N10000-b2048-t128,8,10000,2048,128,0,F1b,0.0,V2minus,cumulative,8,FAIL,1,0,0,1
s8-N10000-b2048-t128,8,10000,2048,128,0,F1b,0.0,V2,cumulative,8,FAIL,1,0,0,1
s8-N10000-b2048-t128,8,10000,2048,128,0,F1b,0.0,V3,cumulative,8,FAIL,1,0,0,1
s8-N10000-b2048-t128,8,10000,2048,128,0,F2,0.0,V0,cumulative,8,FAIL,1,0,0,1
s8-N10000-b2048-t128,8,10000,2048,128,100,F2,0.0,V1,cumulative,8,FAIL,1,0,0,1
s8-N10000-b2048-t128,8,10000,2048,128,0,F2,0.0,V2minus,cumulative,8,FAIL,1,0,0,1
s8-N10000-b2048-t128,8,10000,2048,128,0,F2,0.0,V2,cumulative,8,FAIL,1,0,0,1
s8-N10000-b2048-t128,8,10000,2048,128,0,F2,0.0,V3,cumulative,8,FAIL,1,0,0,1
s8-N10000-b2048-t128,8,10000,2048,128,0,F3,0.0,V0,cumulative,8,FAIL,1,0,0,1
s8-N10000-b2048-t128,8,10000,2048,128,100,F3,0.0,V1,cumulative,8,FAIL,1,0,0,1
s8-N10000-b2048-t128,8,10000,2048,128,0,F3,0.0,V2minus,cumulative,8,FAIL,1,0,0,1
s8-N10000-b2048-t128,8,10000,2048,128,0,F3,0.0,V2,cumulative,8,FAIL,1,0,0,1
s8-N10000-b2048-t128,8,10000,2048,128,0,F3,0.0,V3,cumulative,8,FAIL,1,0,0,1
s8-N10000-b2048-t128,8,10000,2048,128,0,F4r,0.0,V0,cumulative,8,FAIL,1,0,0,1
s8-N10000-b2048-t128,8,10000,2048,128,100,F4r,0.0,V1,cumulative,8,FAIL,1,0,0,1
s8-N10000-b2048-t128,8,10000,2048,128,0,F4r,0.0,V2minus,cumulative,8,FAIL,1,0,0,1
s8-N10000-b2048-t128,8,10000,2048,128,0,F4r,0.0,V2,cumulative,8,FAIL,1,0,0,1
s8-N10000-b2048-t128,8,10000,2048,128,0,F4r,0.0,V3,cumulative,8,FAIL,1,0,0,1
s8-N10000-b2048-t128,8,10000,2048,128,0,F4m,0.0,V0,cumulative,8,FAIL,0,0,0,1
s8-N10000-b2048-t128,8,10000,2048,128,100,F4m,0.0,V1,cumulative,8,FAIL,0,0,0,1
s8-N10000-b2048-t128,8,10000,2048,128,0,F4m,0.0,V2minus,cumulative,8,FAIL,0,0,0,1
s8-N10000-b2048-t128,8,10000,2048,128,0,F4m,0.0,V2,cumulative,8,FAIL,0,0,0,1
s8-N10000-b2048-t128,8,10000,2048,128,0,F4m,0.0,V3,cumulative,8,FAIL,0,0,0,1
s8-N10000-b2048-t128,8,10000,2048,128,0,F5,0.0,V0,cumulative,8,PASS,0,0,1,0
s8-N10000-b2048-t128,8,10000,2048,128,100,F5,0.0,V1,cumulative,8,PASS,0,0,1,0
s8-N10000-b2048-t128,8,10000,2048,128,0,F5,0.0,V2minus,cumulative,8,FAIL,1,0,0,1
s8-N10000-b2048-t128,8,10000,2048,128,0,F5,0.0,V2,cumulative,8,FAIL,1,0,0,1
s8-N10000-b2048-t128,8,10000,2048,128,0,F5,0.0,V3,cumulative,8,FAIL,1,0,0,1
s8-N10000-b2048-t128,8,10000,2048,128,0,F5,0.05,V0,cumulative,8,PASS,0,0,500,0
s8-N10000-b2048-t128,8,10000,2048,128,100,F5,0.05,V1,cumulative,8,PASS,0,0,500,0
s8-N10000-b2048-t128,8,10000,2048,128,0,F5,0.05,V2minus,cumulative,8,FAIL,500,0,0,1
s8-N10000-b2048-t128,8,10000,2048,128,0,F5,0.05,V2,cumulative,8,FAIL,500,0,0,1
s8-N10000-b2048-t128,8,10000,2048,128,0,F5,0.05,V3,cumulative,8,FAIL,500,0,0,1
s8-N10000-b2048-t128,8,10000,2048,128,0,F5b,0.0,V0,cumulative,8,PASS,0,0,1,0
s8-N10000-b2048-t128,8,10000,2048,128,100,F5b,0.0,V1,cumulative,8,PASS,0,0,1,0
s8-N10000-b2048-t128,8,10000,2048,128,0,F5b,0.0,V2minus,cumulative,8,FAIL,1,0,0,1
s8-N10000-b2048-t128,8,10000,2048,128,0,F5b,0.0,V2,cumulative,8,FAIL,1,0,0,1
s8-N10000-b2048-t128,8,10000,2048,128,0,F5b,0.0,V3,cumulative,8,FAIL,1,0,0,1
s8-N10000-b2048-t128,8,10000,2048,128,0,F5c,0.0,V0,cumulative,8,PASS,0,0,2,0
s8-N10000-b2048-t128,8,10000,2048,128,100,F5c,0.0,V1,cumulative,8,PASS,0,0,2,0
s8-N10000-b2048-t128,8,10000,2048,128,0,F5c,0.0,V2minus,cumulative,8,FAIL,2,0,0,1
s8-N10000-b2048-t128,8,10000,2048,128,0,F5c,0.0,V2,cumulative,8,FAIL,2,0,0,1
s8-N10000-b2048-t128,8,10000,2048,128,0,F5c,0.0,V3,cumulative,8,FAIL,2,0,0,1
s8-N10000-b2048-t128,8,10000,2048,128,0,F6,0.0,V0,cumulative,8,INCOMPLETE,0,0,0,1
s8-N10000-b2048-t128,8,10000,2048,128,100,F6,0.0,V1,cumulative,8,INCOMPLETE,0,0,0,1
s8-N10000-b2048-t128,8,10000,2048,128,0,F6,0.0,V2minus,cumulative,8,INCOMPLETE,0,0,0,1
s8-N10000-b2048-t128,8,10000,2048,128,0,F6,0.0,V2,cumulative,8,INCOMPLETE,0,0,0,1
s8-N10000-b2048-t128,8,10000,2048,128,0,F6,0.0,V3,cumulative,8,INCOMPLETE,0,0,0,1
s8-N10000-b2048-t128,8,10000,2048,128,0,F7,0.0,V2minus,cumulative,8,UNRUNNABLE,0,0,1,0
s8-N10000-b2048-t128,8,10000,2048,128,0,F7,0.0,V2,cumulative,8,FAIL,1,0,0,1
s9-N10000-b2048-t128,9,10000,2048,128,0,F0,0.0,V0,cumulative,9,PASS,0,0,0,0
s9-N10000-b2048-t128,9,10000,2048,128,100,F0,0.0,V1,cumulative,9,PASS,0,0,0,0
s9-N10000-b2048-t128,9,10000,2048,128,0,F0,0.0,V2minus,cumulative,9,PASS,0,0,0,0
s9-N10000-b2048-t128,9,10000,2048,128,0,F0,0.0,V2,cumulative,9,PASS,0,0,0,0
s9-N10000-b2048-t128,9,10000,2048,128,0,F0,0.0,V3,cumulative,9,PASS,0,0,0,0
s9-N10000-b2048-t128,9,10000,2048,128,0,F1a,0.0,V0,cumulative,9,FAIL,1,0,0,1
s9-N10000-b2048-t128,9,10000,2048,128,100,F1a,0.0,V1,cumulative,9,FAIL,1,0,0,1
s9-N10000-b2048-t128,9,10000,2048,128,0,F1a,0.0,V2minus,cumulative,9,FAIL,1,0,0,1
s9-N10000-b2048-t128,9,10000,2048,128,0,F1a,0.0,V2,cumulative,9,FAIL,1,0,0,1
s9-N10000-b2048-t128,9,10000,2048,128,0,F1a,0.0,V3,cumulative,9,FAIL,1,0,0,1
s9-N10000-b2048-t128,9,10000,2048,128,0,F1b,0.0,V0,cumulative,9,FAIL,1,0,0,1
s9-N10000-b2048-t128,9,10000,2048,128,100,F1b,0.0,V1,cumulative,9,FAIL,1,0,0,1
s9-N10000-b2048-t128,9,10000,2048,128,0,F1b,0.0,V2minus,cumulative,9,FAIL,1,0,0,1
s9-N10000-b2048-t128,9,10000,2048,128,0,F1b,0.0,V2,cumulative,9,FAIL,1,0,0,1
s9-N10000-b2048-t128,9,10000,2048,128,0,F1b,0.0,V3,cumulative,9,FAIL,1,0,0,1
s9-N10000-b2048-t128,9,10000,2048,128,0,F2,0.0,V0,cumulative,9,FAIL,1,0,0,1
s9-N10000-b2048-t128,9,10000,2048,128,100,F2,0.0,V1,cumulative,9,FAIL,1,0,0,1
s9-N10000-b2048-t128,9,10000,2048,128,0,F2,0.0,V2minus,cumulative,9,FAIL,1,0,0,1
s9-N10000-b2048-t128,9,10000,2048,128,0,F2,0.0,V2,cumulative,9,FAIL,1,0,0,1
s9-N10000-b2048-t128,9,10000,2048,128,0,F2,0.0,V3,cumulative,9,FAIL,1,0,0,1
s9-N10000-b2048-t128,9,10000,2048,128,0,F3,0.0,V0,cumulative,9,FAIL,1,0,0,1
s9-N10000-b2048-t128,9,10000,2048,128,100,F3,0.0,V1,cumulative,9,FAIL,1,0,0,1
s9-N10000-b2048-t128,9,10000,2048,128,0,F3,0.0,V2minus,cumulative,9,FAIL,1,0,0,1
s9-N10000-b2048-t128,9,10000,2048,128,0,F3,0.0,V2,cumulative,9,FAIL,1,0,0,1
s9-N10000-b2048-t128,9,10000,2048,128,0,F3,0.0,V3,cumulative,9,FAIL,1,0,0,1
s9-N10000-b2048-t128,9,10000,2048,128,0,F4r,0.0,V0,cumulative,9,FAIL,1,0,0,1
s9-N10000-b2048-t128,9,10000,2048,128,100,F4r,0.0,V1,cumulative,9,FAIL,1,0,0,1
s9-N10000-b2048-t128,9,10000,2048,128,0,F4r,0.0,V2minus,cumulative,9,FAIL,1,0,0,1
s9-N10000-b2048-t128,9,10000,2048,128,0,F4r,0.0,V2,cumulative,9,FAIL,1,0,0,1
s9-N10000-b2048-t128,9,10000,2048,128,0,F4r,0.0,V3,cumulative,9,FAIL,1,0,0,1
s9-N10000-b2048-t128,9,10000,2048,128,0,F4m,0.0,V0,cumulative,9,FAIL,0,0,0,1
s9-N10000-b2048-t128,9,10000,2048,128,100,F4m,0.0,V1,cumulative,9,FAIL,0,0,0,1
s9-N10000-b2048-t128,9,10000,2048,128,0,F4m,0.0,V2minus,cumulative,9,FAIL,0,0,0,1
s9-N10000-b2048-t128,9,10000,2048,128,0,F4m,0.0,V2,cumulative,9,FAIL,0,0,0,1
s9-N10000-b2048-t128,9,10000,2048,128,0,F4m,0.0,V3,cumulative,9,FAIL,0,0,0,1
s9-N10000-b2048-t128,9,10000,2048,128,0,F5,0.0,V0,cumulative,9,PASS,0,0,1,0
s9-N10000-b2048-t128,9,10000,2048,128,100,F5,0.0,V1,cumulative,9,PASS,0,0,1,0
s9-N10000-b2048-t128,9,10000,2048,128,0,F5,0.0,V2minus,cumulative,9,FAIL,1,0,0,1
s9-N10000-b2048-t128,9,10000,2048,128,0,F5,0.0,V2,cumulative,9,FAIL,1,0,0,1
s9-N10000-b2048-t128,9,10000,2048,128,0,F5,0.0,V3,cumulative,9,FAIL,1,0,0,1
s9-N10000-b2048-t128,9,10000,2048,128,0,F5,0.05,V0,cumulative,9,PASS,0,0,500,0
s9-N10000-b2048-t128,9,10000,2048,128,100,F5,0.05,V1,cumulative,9,PASS,0,0,500,0
s9-N10000-b2048-t128,9,10000,2048,128,0,F5,0.05,V2minus,cumulative,9,FAIL,500,0,0,1
s9-N10000-b2048-t128,9,10000,2048,128,0,F5,0.05,V2,cumulative,9,FAIL,500,0,0,1
s9-N10000-b2048-t128,9,10000,2048,128,0,F5,0.05,V3,cumulative,9,FAIL,500,0,0,1
s9-N10000-b2048-t128,9,10000,2048,128,0,F5b,0.0,V0,cumulative,9,PASS,0,0,1,0
s9-N10000-b2048-t128,9,10000,2048,128,100,F5b,0.0,V1,cumulative,9,PASS,0,0,1,0
s9-N10000-b2048-t128,9,10000,2048,128,0,F5b,0.0,V2minus,cumulative,9,FAIL,1,0,0,1
s9-N10000-b2048-t128,9,10000,2048,128,0,F5b,0.0,V2,cumulative,9,FAIL,1,0,0,1
s9-N10000-b2048-t128,9,10000,2048,128,0,F5b,0.0,V3,cumulative,9,FAIL,1,0,0,1
s9-N10000-b2048-t128,9,10000,2048,128,0,F5c,0.0,V0,cumulative,9,PASS,0,0,2,0
s9-N10000-b2048-t128,9,10000,2048,128,100,F5c,0.0,V1,cumulative,9,PASS,0,0,2,0
s9-N10000-b2048-t128,9,10000,2048,128,0,F5c,0.0,V2minus,cumulative,9,FAIL,2,0,0,1
s9-N10000-b2048-t128,9,10000,2048,128,0,F5c,0.0,V2,cumulative,9,FAIL,2,0,0,1
s9-N10000-b2048-t128,9,10000,2048,128,0,F5c,0.0,V3,cumulative,9,FAIL,2,0,0,1
s9-N10000-b2048-t128,9,10000,2048,128,0,F6,0.0,V0,cumulative,9,INCOMPLETE,0,0,0,1
s9-N10000-b2048-t128,9,10000,2048,128,100,F6,0.0,V1,cumulative,9,INCOMPLETE,0,0,0,1
s9-N10000-b2048-t128,9,10000,2048,128,0,F6,0.0,V2minus,cumulative,9,INCOMPLETE,0,0,0,1
s9-N10000-b2048-t128,9,10000,2048,128,0,F6,0.0,V2,cumulative,9,INCOMPLETE,0,0,0,1
s9-N10000-b2048-t128,9,10000,2048,128,0,F6,0.0,V3,cumulative,9,INCOMPLETE,0,0,0,1
s9-N10000-b2048-t128,9,10000,2048,128,0,F7,0.0,V2minus,cumulative,9,UNRUNNABLE,0,0,1,0
s9-N10000-b2048-t128,9,10000,2048,128,0,F7,0.0,V2,cumulative,9,FAIL,1,0,0,1
s10-N10000-b2048-t128,10,10000,2048,128,0,F0,0.0,V0,cumulative,10,PASS,0,0,0,0
s10-N10000-b2048-t128,10,10000,2048,128,100,F0,0.0,V1,cumulative,10,PASS,0,0,0,0
s10-N10000-b2048-t128,10,10000,2048,128,0,F0,0.0,V2minus,cumulative,10,PASS,0,0,0,0
s10-N10000-b2048-t128,10,10000,2048,128,0,F0,0.0,V2,cumulative,10,PASS,0,0,0,0
s10-N10000-b2048-t128,10,10000,2048,128,0,F0,0.0,V3,cumulative,10,PASS,0,0,0,0
s10-N10000-b2048-t128,10,10000,2048,128,0,F1a,0.0,V0,cumulative,10,FAIL,1,0,0,1
s10-N10000-b2048-t128,10,10000,2048,128,100,F1a,0.0,V1,cumulative,10,FAIL,1,0,0,1
s10-N10000-b2048-t128,10,10000,2048,128,0,F1a,0.0,V2minus,cumulative,10,FAIL,1,0,0,1
s10-N10000-b2048-t128,10,10000,2048,128,0,F1a,0.0,V2,cumulative,10,FAIL,1,0,0,1
s10-N10000-b2048-t128,10,10000,2048,128,0,F1a,0.0,V3,cumulative,10,FAIL,1,0,0,1
s10-N10000-b2048-t128,10,10000,2048,128,0,F1b,0.0,V0,cumulative,10,FAIL,1,0,0,1
s10-N10000-b2048-t128,10,10000,2048,128,100,F1b,0.0,V1,cumulative,10,FAIL,1,0,0,1
s10-N10000-b2048-t128,10,10000,2048,128,0,F1b,0.0,V2minus,cumulative,10,FAIL,1,0,0,1
s10-N10000-b2048-t128,10,10000,2048,128,0,F1b,0.0,V2,cumulative,10,FAIL,1,0,0,1
s10-N10000-b2048-t128,10,10000,2048,128,0,F1b,0.0,V3,cumulative,10,FAIL,1,0,0,1
s10-N10000-b2048-t128,10,10000,2048,128,0,F2,0.0,V0,cumulative,10,FAIL,1,0,0,1
s10-N10000-b2048-t128,10,10000,2048,128,100,F2,0.0,V1,cumulative,10,FAIL,1,0,0,1
s10-N10000-b2048-t128,10,10000,2048,128,0,F2,0.0,V2minus,cumulative,10,FAIL,1,0,0,1
s10-N10000-b2048-t128,10,10000,2048,128,0,F2,0.0,V2,cumulative,10,FAIL,1,0,0,1
s10-N10000-b2048-t128,10,10000,2048,128,0,F2,0.0,V3,cumulative,10,FAIL,1,0,0,1
s10-N10000-b2048-t128,10,10000,2048,128,0,F3,0.0,V0,cumulative,10,FAIL,1,0,0,1
s10-N10000-b2048-t128,10,10000,2048,128,100,F3,0.0,V1,cumulative,10,FAIL,1,0,0,1
s10-N10000-b2048-t128,10,10000,2048,128,0,F3,0.0,V2minus,cumulative,10,FAIL,1,0,0,1
s10-N10000-b2048-t128,10,10000,2048,128,0,F3,0.0,V2,cumulative,10,FAIL,1,0,0,1
s10-N10000-b2048-t128,10,10000,2048,128,0,F3,0.0,V3,cumulative,10,FAIL,1,0,0,1
s10-N10000-b2048-t128,10,10000,2048,128,0,F4r,0.0,V0,cumulative,10,FAIL,1,1,0,1
s10-N10000-b2048-t128,10,10000,2048,128,100,F4r,0.0,V1,cumulative,10,FAIL,1,1,0,1
s10-N10000-b2048-t128,10,10000,2048,128,0,F4r,0.0,V2minus,cumulative,10,FAIL,1,1,0,1
s10-N10000-b2048-t128,10,10000,2048,128,0,F4r,0.0,V2,cumulative,10,FAIL,1,1,0,1
s10-N10000-b2048-t128,10,10000,2048,128,0,F4r,0.0,V3,cumulative,10,FAIL,1,1,0,1
s10-N10000-b2048-t128,10,10000,2048,128,0,F4m,0.0,V0,cumulative,10,FAIL,0,0,0,1
s10-N10000-b2048-t128,10,10000,2048,128,100,F4m,0.0,V1,cumulative,10,FAIL,0,0,0,1
s10-N10000-b2048-t128,10,10000,2048,128,0,F4m,0.0,V2minus,cumulative,10,FAIL,0,0,0,1
s10-N10000-b2048-t128,10,10000,2048,128,0,F4m,0.0,V2,cumulative,10,FAIL,0,0,0,1
s10-N10000-b2048-t128,10,10000,2048,128,0,F4m,0.0,V3,cumulative,10,FAIL,0,0,0,1
s10-N10000-b2048-t128,10,10000,2048,128,0,F5,0.0,V0,cumulative,10,PASS,0,0,1,0
s10-N10000-b2048-t128,10,10000,2048,128,100,F5,0.0,V1,cumulative,10,PASS,0,0,1,0
s10-N10000-b2048-t128,10,10000,2048,128,0,F5,0.0,V2minus,cumulative,10,FAIL,1,0,0,1
s10-N10000-b2048-t128,10,10000,2048,128,0,F5,0.0,V2,cumulative,10,FAIL,1,0,0,1
s10-N10000-b2048-t128,10,10000,2048,128,0,F5,0.0,V3,cumulative,10,FAIL,1,0,0,1
s10-N10000-b2048-t128,10,10000,2048,128,0,F5,0.05,V0,cumulative,10,PASS,0,0,500,0
s10-N10000-b2048-t128,10,10000,2048,128,100,F5,0.05,V1,cumulative,10,PASS,0,0,500,0
s10-N10000-b2048-t128,10,10000,2048,128,0,F5,0.05,V2minus,cumulative,10,FAIL,500,0,0,1
s10-N10000-b2048-t128,10,10000,2048,128,0,F5,0.05,V2,cumulative,10,FAIL,500,0,0,1
s10-N10000-b2048-t128,10,10000,2048,128,0,F5,0.05,V3,cumulative,10,FAIL,500,0,0,1
s10-N10000-b2048-t128,10,10000,2048,128,0,F5b,0.0,V0,cumulative,10,PASS,0,0,1,0
s10-N10000-b2048-t128,10,10000,2048,128,100,F5b,0.0,V1,cumulative,10,PASS,0,0,1,0
s10-N10000-b2048-t128,10,10000,2048,128,0,F5b,0.0,V2minus,cumulative,10,FAIL,1,0,0,1
s10-N10000-b2048-t128,10,10000,2048,128,0,F5b,0.0,V2,cumulative,10,FAIL,1,0,0,1
s10-N10000-b2048-t128,10,10000,2048,128,0,F5b,0.0,V3,cumulative,10,FAIL,1,0,0,1
s10-N10000-b2048-t128,10,10000,2048,128,0,F5c,0.0,V0,cumulative,10,PASS,0,0,2,0
s10-N10000-b2048-t128,10,10000,2048,128,100,F5c,0.0,V1,cumulative,10,PASS,0,0,2,0
s10-N10000-b2048-t128,10,10000,2048,128,0,F5c,0.0,V2minus,cumulative,10,FAIL,2,0,0,1
s10-N10000-b2048-t128,10,10000,2048,128,0,F5c,0.0,V2,cumulative,10,FAIL,2,0,0,1
s10-N10000-b2048-t128,10,10000,2048,128,0,F5c,0.0,V3,cumulative,10,FAIL,2,0,0,1
s10-N10000-b2048-t128,10,10000,2048,128,0,F6,0.0,V0,cumulative,10,INCOMPLETE,0,0,0,1
s10-N10000-b2048-t128,10,10000,2048,128,100,F6,0.0,V1,cumulative,10,INCOMPLETE,0,0,0,1
s10-N10000-b2048-t128,10,10000,2048,128,0,F6,0.0,V2minus,cumulative,10,INCOMPLETE,0,0,0,1
s10-N10000-b2048-t128,10,10000,2048,128,0,F6,0.0,V2,cumulative,10,INCOMPLETE,0,0,0,1
s10-N10000-b2048-t128,10,10000,2048,128,0,F6,0.0,V3,cumulative,10,INCOMPLETE,0,0,0,1
s10-N10000-b2048-t128,10,10000,2048,128,0,F7,0.0,V2minus,cumulative,10,UNRUNNABLE,0,0,1,0
s10-N10000-b2048-t128,10,10000,2048,128,0,F7,0.0,V2,cumulative,10,FAIL,1,0,0,1
s11-N10000-b2048-t128,11,10000,2048,128,0,F0,0.0,V0,cumulative,11,PASS,0,0,0,0
s11-N10000-b2048-t128,11,10000,2048,128,100,F0,0.0,V1,cumulative,11,PASS,0,0,0,0
s11-N10000-b2048-t128,11,10000,2048,128,0,F0,0.0,V2minus,cumulative,11,PASS,0,0,0,0
s11-N10000-b2048-t128,11,10000,2048,128,0,F0,0.0,V2,cumulative,11,PASS,0,0,0,0
s11-N10000-b2048-t128,11,10000,2048,128,0,F0,0.0,V3,cumulative,11,PASS,0,0,0,0
s11-N10000-b2048-t128,11,10000,2048,128,0,F1a,0.0,V0,cumulative,11,FAIL,1,0,0,1
s11-N10000-b2048-t128,11,10000,2048,128,100,F1a,0.0,V1,cumulative,11,FAIL,1,0,0,1
s11-N10000-b2048-t128,11,10000,2048,128,0,F1a,0.0,V2minus,cumulative,11,FAIL,1,0,0,1
s11-N10000-b2048-t128,11,10000,2048,128,0,F1a,0.0,V2,cumulative,11,FAIL,1,0,0,1
s11-N10000-b2048-t128,11,10000,2048,128,0,F1a,0.0,V3,cumulative,11,FAIL,1,0,0,1
s11-N10000-b2048-t128,11,10000,2048,128,0,F1b,0.0,V0,cumulative,11,FAIL,1,0,0,1
s11-N10000-b2048-t128,11,10000,2048,128,100,F1b,0.0,V1,cumulative,11,FAIL,1,0,0,1
s11-N10000-b2048-t128,11,10000,2048,128,0,F1b,0.0,V2minus,cumulative,11,FAIL,1,0,0,1
s11-N10000-b2048-t128,11,10000,2048,128,0,F1b,0.0,V2,cumulative,11,FAIL,1,0,0,1
s11-N10000-b2048-t128,11,10000,2048,128,0,F1b,0.0,V3,cumulative,11,FAIL,1,0,0,1
s11-N10000-b2048-t128,11,10000,2048,128,0,F2,0.0,V0,cumulative,11,FAIL,1,0,0,1
s11-N10000-b2048-t128,11,10000,2048,128,100,F2,0.0,V1,cumulative,11,FAIL,1,0,0,1
s11-N10000-b2048-t128,11,10000,2048,128,0,F2,0.0,V2minus,cumulative,11,FAIL,1,0,0,1
s11-N10000-b2048-t128,11,10000,2048,128,0,F2,0.0,V2,cumulative,11,FAIL,1,0,0,1
s11-N10000-b2048-t128,11,10000,2048,128,0,F2,0.0,V3,cumulative,11,FAIL,1,0,0,1
s11-N10000-b2048-t128,11,10000,2048,128,0,F3,0.0,V0,cumulative,11,FAIL,1,0,0,1
s11-N10000-b2048-t128,11,10000,2048,128,100,F3,0.0,V1,cumulative,11,FAIL,1,0,0,1
s11-N10000-b2048-t128,11,10000,2048,128,0,F3,0.0,V2minus,cumulative,11,FAIL,1,0,0,1
s11-N10000-b2048-t128,11,10000,2048,128,0,F3,0.0,V2,cumulative,11,FAIL,1,0,0,1
s11-N10000-b2048-t128,11,10000,2048,128,0,F3,0.0,V3,cumulative,11,FAIL,1,0,0,1
s11-N10000-b2048-t128,11,10000,2048,128,0,F4r,0.0,V0,cumulative,11,FAIL,1,0,0,1
s11-N10000-b2048-t128,11,10000,2048,128,100,F4r,0.0,V1,cumulative,11,FAIL,1,0,0,1
s11-N10000-b2048-t128,11,10000,2048,128,0,F4r,0.0,V2minus,cumulative,11,FAIL,1,0,0,1
s11-N10000-b2048-t128,11,10000,2048,128,0,F4r,0.0,V2,cumulative,11,FAIL,1,0,0,1
s11-N10000-b2048-t128,11,10000,2048,128,0,F4r,0.0,V3,cumulative,11,FAIL,1,0,0,1
s11-N10000-b2048-t128,11,10000,2048,128,0,F4m,0.0,V0,cumulative,11,FAIL,0,0,0,1
s11-N10000-b2048-t128,11,10000,2048,128,100,F4m,0.0,V1,cumulative,11,FAIL,0,0,0,1
s11-N10000-b2048-t128,11,10000,2048,128,0,F4m,0.0,V2minus,cumulative,11,FAIL,0,0,0,1
s11-N10000-b2048-t128,11,10000,2048,128,0,F4m,0.0,V2,cumulative,11,FAIL,0,0,0,1
s11-N10000-b2048-t128,11,10000,2048,128,0,F4m,0.0,V3,cumulative,11,FAIL,0,0,0,1
s11-N10000-b2048-t128,11,10000,2048,128,0,F5,0.0,V0,cumulative,11,PASS,0,0,1,0
s11-N10000-b2048-t128,11,10000,2048,128,100,F5,0.0,V1,cumulative,11,PASS,0,0,1,0
s11-N10000-b2048-t128,11,10000,2048,128,0,F5,0.0,V2minus,cumulative,11,FAIL,1,0,0,1
s11-N10000-b2048-t128,11,10000,2048,128,0,F5,0.0,V2,cumulative,11,FAIL,1,0,0,1
s11-N10000-b2048-t128,11,10000,2048,128,0,F5,0.0,V3,cumulative,11,FAIL,1,0,0,1
s11-N10000-b2048-t128,11,10000,2048,128,0,F5,0.05,V0,cumulative,11,PASS,0,0,500,0
s11-N10000-b2048-t128,11,10000,2048,128,100,F5,0.05,V1,cumulative,11,PASS,0,0,500,0
s11-N10000-b2048-t128,11,10000,2048,128,0,F5,0.05,V2minus,cumulative,11,FAIL,500,0,0,1
s11-N10000-b2048-t128,11,10000,2048,128,0,F5,0.05,V2,cumulative,11,FAIL,500,0,0,1
s11-N10000-b2048-t128,11,10000,2048,128,0,F5,0.05,V3,cumulative,11,FAIL,500,0,0,1
s11-N10000-b2048-t128,11,10000,2048,128,0,F5b,0.0,V0,cumulative,11,PASS,0,0,1,0
s11-N10000-b2048-t128,11,10000,2048,128,100,F5b,0.0,V1,cumulative,11,PASS,0,0,1,0
s11-N10000-b2048-t128,11,10000,2048,128,0,F5b,0.0,V2minus,cumulative,11,FAIL,1,0,0,1
s11-N10000-b2048-t128,11,10000,2048,128,0,F5b,0.0,V2,cumulative,11,FAIL,1,0,0,1
s11-N10000-b2048-t128,11,10000,2048,128,0,F5b,0.0,V3,cumulative,11,FAIL,1,0,0,1
s11-N10000-b2048-t128,11,10000,2048,128,0,F5c,0.0,V0,cumulative,11,PASS,0,0,2,0
s11-N10000-b2048-t128,11,10000,2048,128,100,F5c,0.0,V1,cumulative,11,PASS,0,0,2,0
s11-N10000-b2048-t128,11,10000,2048,128,0,F5c,0.0,V2minus,cumulative,11,FAIL,2,0,0,1
s11-N10000-b2048-t128,11,10000,2048,128,0,F5c,0.0,V2,cumulative,11,FAIL,2,0,0,1
s11-N10000-b2048-t128,11,10000,2048,128,0,F5c,0.0,V3,cumulative,11,FAIL,2,0,0,1
s11-N10000-b2048-t128,11,10000,2048,128,0,F6,0.0,V0,cumulative,11,INCOMPLETE,0,0,0,1
s11-N10000-b2048-t128,11,10000,2048,128,100,F6,0.0,V1,cumulative,11,INCOMPLETE,0,0,0,1
s11-N10000-b2048-t128,11,10000,2048,128,0,F6,0.0,V2minus,cumulative,11,INCOMPLETE,0,0,0,1
s11-N10000-b2048-t128,11,10000,2048,128,0,F6,0.0,V2,cumulative,11,INCOMPLETE,0,0,0,1
s11-N10000-b2048-t128,11,10000,2048,128,0,F6,0.0,V3,cumulative,11,INCOMPLETE,0,0,0,1
s11-N10000-b2048-t128,11,10000,2048,128,0,F7,0.0,V2minus,cumulative,11,UNRUNNABLE,0,0,1,0
s11-N10000-b2048-t128,11,10000,2048,128,0,F7,0.0,V2,cumulative,11,FAIL,1,0,0,1
s12-N10000-b2048-t128,12,10000,2048,128,0,F0,0.0,V0,cumulative,12,PASS,0,0,0,0
s12-N10000-b2048-t128,12,10000,2048,128,100,F0,0.0,V1,cumulative,12,PASS,0,0,0,0
s12-N10000-b2048-t128,12,10000,2048,128,0,F0,0.0,V2minus,cumulative,12,PASS,0,0,0,0
s12-N10000-b2048-t128,12,10000,2048,128,0,F0,0.0,V2,cumulative,12,PASS,0,0,0,0
s12-N10000-b2048-t128,12,10000,2048,128,0,F0,0.0,V3,cumulative,12,PASS,0,0,0,0
s12-N10000-b2048-t128,12,10000,2048,128,0,F1a,0.0,V0,cumulative,12,FAIL,1,0,0,1
s12-N10000-b2048-t128,12,10000,2048,128,100,F1a,0.0,V1,cumulative,12,FAIL,1,0,0,1
s12-N10000-b2048-t128,12,10000,2048,128,0,F1a,0.0,V2minus,cumulative,12,FAIL,1,0,0,1
s12-N10000-b2048-t128,12,10000,2048,128,0,F1a,0.0,V2,cumulative,12,FAIL,1,0,0,1
s12-N10000-b2048-t128,12,10000,2048,128,0,F1a,0.0,V3,cumulative,12,FAIL,1,0,0,1
s12-N10000-b2048-t128,12,10000,2048,128,0,F1b,0.0,V0,cumulative,12,FAIL,1,0,0,1
s12-N10000-b2048-t128,12,10000,2048,128,100,F1b,0.0,V1,cumulative,12,FAIL,1,0,0,1
s12-N10000-b2048-t128,12,10000,2048,128,0,F1b,0.0,V2minus,cumulative,12,FAIL,1,0,0,1
s12-N10000-b2048-t128,12,10000,2048,128,0,F1b,0.0,V2,cumulative,12,FAIL,1,0,0,1
s12-N10000-b2048-t128,12,10000,2048,128,0,F1b,0.0,V3,cumulative,12,FAIL,1,0,0,1
s12-N10000-b2048-t128,12,10000,2048,128,0,F2,0.0,V0,cumulative,12,FAIL,1,0,0,1
s12-N10000-b2048-t128,12,10000,2048,128,100,F2,0.0,V1,cumulative,12,FAIL,1,0,0,1
s12-N10000-b2048-t128,12,10000,2048,128,0,F2,0.0,V2minus,cumulative,12,FAIL,1,0,0,1
s12-N10000-b2048-t128,12,10000,2048,128,0,F2,0.0,V2,cumulative,12,FAIL,1,0,0,1
s12-N10000-b2048-t128,12,10000,2048,128,0,F2,0.0,V3,cumulative,12,FAIL,1,0,0,1
s12-N10000-b2048-t128,12,10000,2048,128,0,F3,0.0,V0,cumulative,12,FAIL,1,0,0,1
s12-N10000-b2048-t128,12,10000,2048,128,100,F3,0.0,V1,cumulative,12,FAIL,1,0,0,1
s12-N10000-b2048-t128,12,10000,2048,128,0,F3,0.0,V2minus,cumulative,12,FAIL,1,0,0,1
s12-N10000-b2048-t128,12,10000,2048,128,0,F3,0.0,V2,cumulative,12,FAIL,1,0,0,1
s12-N10000-b2048-t128,12,10000,2048,128,0,F3,0.0,V3,cumulative,12,FAIL,1,0,0,1
s12-N10000-b2048-t128,12,10000,2048,128,0,F4r,0.0,V0,cumulative,12,FAIL,1,0,0,1
s12-N10000-b2048-t128,12,10000,2048,128,100,F4r,0.0,V1,cumulative,12,FAIL,1,1,0,1
s12-N10000-b2048-t128,12,10000,2048,128,0,F4r,0.0,V2minus,cumulative,12,FAIL,1,0,0,1
s12-N10000-b2048-t128,12,10000,2048,128,0,F4r,0.0,V2,cumulative,12,FAIL,1,0,0,1
s12-N10000-b2048-t128,12,10000,2048,128,0,F4r,0.0,V3,cumulative,12,FAIL,1,0,0,1
s12-N10000-b2048-t128,12,10000,2048,128,0,F4m,0.0,V0,cumulative,12,FAIL,0,0,0,1
s12-N10000-b2048-t128,12,10000,2048,128,100,F4m,0.0,V1,cumulative,12,FAIL,0,0,0,1
s12-N10000-b2048-t128,12,10000,2048,128,0,F4m,0.0,V2minus,cumulative,12,FAIL,0,0,0,1
s12-N10000-b2048-t128,12,10000,2048,128,0,F4m,0.0,V2,cumulative,12,FAIL,0,0,0,1
s12-N10000-b2048-t128,12,10000,2048,128,0,F4m,0.0,V3,cumulative,12,FAIL,0,0,0,1
s12-N10000-b2048-t128,12,10000,2048,128,0,F5,0.0,V0,cumulative,12,PASS,0,0,1,0
s12-N10000-b2048-t128,12,10000,2048,128,100,F5,0.0,V1,cumulative,12,PASS,0,0,1,0
s12-N10000-b2048-t128,12,10000,2048,128,0,F5,0.0,V2minus,cumulative,12,FAIL,1,0,0,1
s12-N10000-b2048-t128,12,10000,2048,128,0,F5,0.0,V2,cumulative,12,FAIL,1,0,0,1
s12-N10000-b2048-t128,12,10000,2048,128,0,F5,0.0,V3,cumulative,12,FAIL,1,0,0,1
s12-N10000-b2048-t128,12,10000,2048,128,0,F5,0.05,V0,cumulative,12,PASS,0,0,500,0
s12-N10000-b2048-t128,12,10000,2048,128,100,F5,0.05,V1,cumulative,12,PASS,0,0,500,0
s12-N10000-b2048-t128,12,10000,2048,128,0,F5,0.05,V2minus,cumulative,12,FAIL,500,0,0,1
s12-N10000-b2048-t128,12,10000,2048,128,0,F5,0.05,V2,cumulative,12,FAIL,500,0,0,1
s12-N10000-b2048-t128,12,10000,2048,128,0,F5,0.05,V3,cumulative,12,FAIL,500,0,0,1
s12-N10000-b2048-t128,12,10000,2048,128,0,F5b,0.0,V0,cumulative,12,PASS,0,0,1,0
s12-N10000-b2048-t128,12,10000,2048,128,100,F5b,0.0,V1,cumulative,12,PASS,0,0,1,0
s12-N10000-b2048-t128,12,10000,2048,128,0,F5b,0.0,V2minus,cumulative,12,FAIL,1,0,0,1
s12-N10000-b2048-t128,12,10000,2048,128,0,F5b,0.0,V2,cumulative,12,FAIL,1,0,0,1
s12-N10000-b2048-t128,12,10000,2048,128,0,F5b,0.0,V3,cumulative,12,FAIL,1,0,0,1
s12-N10000-b2048-t128,12,10000,2048,128,0,F5c,0.0,V0,cumulative,12,PASS,0,0,2,0
s12-N10000-b2048-t128,12,10000,2048,128,100,F5c,0.0,V1,cumulative,12,PASS,0,0,2,0
s12-N10000-b2048-t128,12,10000,2048,128,0,F5c,0.0,V2minus,cumulative,12,FAIL,2,0,0,1
s12-N10000-b2048-t128,12,10000,2048,128,0,F5c,0.0,V2,cumulative,12,FAIL,2,0,0,1
s12-N10000-b2048-t128,12,10000,2048,128,0,F5c,0.0,V3,cumulative,12,FAIL,2,0,0,1
s12-N10000-b2048-t128,12,10000,2048,128,0,F6,0.0,V0,cumulative,12,INCOMPLETE,0,0,0,1
s12-N10000-b2048-t128,12,10000,2048,128,100,F6,0.0,V1,cumulative,12,INCOMPLETE,0,0,0,1
s12-N10000-b2048-t128,12,10000,2048,128,0,F6,0.0,V2minus,cumulative,12,INCOMPLETE,0,0,0,1
s12-N10000-b2048-t128,12,10000,2048,128,0,F6,0.0,V2,cumulative,12,INCOMPLETE,0,0,0,1
s12-N10000-b2048-t128,12,10000,2048,128,0,F6,0.0,V3,cumulative,12,INCOMPLETE,0,0,0,1
s12-N10000-b2048-t128,12,10000,2048,128,0,F7,0.0,V2minus,cumulative,12,UNRUNNABLE,0,0,1,0
s12-N10000-b2048-t128,12,10000,2048,128,0,F7,0.0,V2,cumulative,12,FAIL,1,0,0,1
s13-N10000-b2048-t128,13,10000,2048,128,0,F0,0.0,V0,cumulative,13,PASS,0,0,0,0
s13-N10000-b2048-t128,13,10000,2048,128,100,F0,0.0,V1,cumulative,13,PASS,0,0,0,0
s13-N10000-b2048-t128,13,10000,2048,128,0,F0,0.0,V2minus,cumulative,13,PASS,0,0,0,0
s13-N10000-b2048-t128,13,10000,2048,128,0,F0,0.0,V2,cumulative,13,PASS,0,0,0,0
s13-N10000-b2048-t128,13,10000,2048,128,0,F0,0.0,V3,cumulative,13,PASS,0,0,0,0
s13-N10000-b2048-t128,13,10000,2048,128,0,F1a,0.0,V0,cumulative,13,FAIL,1,0,0,1
s13-N10000-b2048-t128,13,10000,2048,128,100,F1a,0.0,V1,cumulative,13,FAIL,1,0,0,1
s13-N10000-b2048-t128,13,10000,2048,128,0,F1a,0.0,V2minus,cumulative,13,FAIL,1,0,0,1
s13-N10000-b2048-t128,13,10000,2048,128,0,F1a,0.0,V2,cumulative,13,FAIL,1,0,0,1
s13-N10000-b2048-t128,13,10000,2048,128,0,F1a,0.0,V3,cumulative,13,FAIL,1,0,0,1
s13-N10000-b2048-t128,13,10000,2048,128,0,F1b,0.0,V0,cumulative,13,FAIL,1,0,0,1
s13-N10000-b2048-t128,13,10000,2048,128,100,F1b,0.0,V1,cumulative,13,FAIL,1,0,0,1
s13-N10000-b2048-t128,13,10000,2048,128,0,F1b,0.0,V2minus,cumulative,13,FAIL,1,0,0,1
s13-N10000-b2048-t128,13,10000,2048,128,0,F1b,0.0,V2,cumulative,13,FAIL,1,0,0,1
s13-N10000-b2048-t128,13,10000,2048,128,0,F1b,0.0,V3,cumulative,13,FAIL,1,0,0,1
s13-N10000-b2048-t128,13,10000,2048,128,0,F2,0.0,V0,cumulative,13,FAIL,1,0,0,1
s13-N10000-b2048-t128,13,10000,2048,128,100,F2,0.0,V1,cumulative,13,FAIL,1,0,0,1
s13-N10000-b2048-t128,13,10000,2048,128,0,F2,0.0,V2minus,cumulative,13,FAIL,1,0,0,1
s13-N10000-b2048-t128,13,10000,2048,128,0,F2,0.0,V2,cumulative,13,FAIL,1,0,0,1
s13-N10000-b2048-t128,13,10000,2048,128,0,F2,0.0,V3,cumulative,13,FAIL,1,0,0,1
s13-N10000-b2048-t128,13,10000,2048,128,0,F3,0.0,V0,cumulative,13,FAIL,1,0,0,1
s13-N10000-b2048-t128,13,10000,2048,128,100,F3,0.0,V1,cumulative,13,FAIL,1,0,0,1
s13-N10000-b2048-t128,13,10000,2048,128,0,F3,0.0,V2minus,cumulative,13,FAIL,1,0,0,1
s13-N10000-b2048-t128,13,10000,2048,128,0,F3,0.0,V2,cumulative,13,FAIL,1,0,0,1
s13-N10000-b2048-t128,13,10000,2048,128,0,F3,0.0,V3,cumulative,13,FAIL,1,0,0,1
s13-N10000-b2048-t128,13,10000,2048,128,0,F4r,0.0,V0,cumulative,13,FAIL,1,0,0,1
s13-N10000-b2048-t128,13,10000,2048,128,100,F4r,0.0,V1,cumulative,13,FAIL,1,0,0,1
s13-N10000-b2048-t128,13,10000,2048,128,0,F4r,0.0,V2minus,cumulative,13,FAIL,1,0,0,1
s13-N10000-b2048-t128,13,10000,2048,128,0,F4r,0.0,V2,cumulative,13,FAIL,1,0,0,1
s13-N10000-b2048-t128,13,10000,2048,128,0,F4r,0.0,V3,cumulative,13,FAIL,1,0,0,1
s13-N10000-b2048-t128,13,10000,2048,128,0,F4m,0.0,V0,cumulative,13,FAIL,0,0,0,1
s13-N10000-b2048-t128,13,10000,2048,128,100,F4m,0.0,V1,cumulative,13,FAIL,0,0,0,1
s13-N10000-b2048-t128,13,10000,2048,128,0,F4m,0.0,V2minus,cumulative,13,FAIL,0,0,0,1
s13-N10000-b2048-t128,13,10000,2048,128,0,F4m,0.0,V2,cumulative,13,FAIL,0,0,0,1
s13-N10000-b2048-t128,13,10000,2048,128,0,F4m,0.0,V3,cumulative,13,FAIL,0,0,0,1
s13-N10000-b2048-t128,13,10000,2048,128,0,F5,0.0,V0,cumulative,13,PASS,0,0,1,0
s13-N10000-b2048-t128,13,10000,2048,128,100,F5,0.0,V1,cumulative,13,PASS,0,0,1,0
s13-N10000-b2048-t128,13,10000,2048,128,0,F5,0.0,V2minus,cumulative,13,FAIL,1,0,0,1
s13-N10000-b2048-t128,13,10000,2048,128,0,F5,0.0,V2,cumulative,13,FAIL,1,0,0,1
s13-N10000-b2048-t128,13,10000,2048,128,0,F5,0.0,V3,cumulative,13,FAIL,1,0,0,1
s13-N10000-b2048-t128,13,10000,2048,128,0,F5,0.05,V0,cumulative,13,PASS,0,0,500,0
s13-N10000-b2048-t128,13,10000,2048,128,100,F5,0.05,V1,cumulative,13,PASS,0,0,500,0
s13-N10000-b2048-t128,13,10000,2048,128,0,F5,0.05,V2minus,cumulative,13,FAIL,500,0,0,1
s13-N10000-b2048-t128,13,10000,2048,128,0,F5,0.05,V2,cumulative,13,FAIL,500,0,0,1
s13-N10000-b2048-t128,13,10000,2048,128,0,F5,0.05,V3,cumulative,13,FAIL,500,0,0,1
s13-N10000-b2048-t128,13,10000,2048,128,0,F5b,0.0,V0,cumulative,13,PASS,0,0,1,0
s13-N10000-b2048-t128,13,10000,2048,128,100,F5b,0.0,V1,cumulative,13,PASS,0,0,1,0
s13-N10000-b2048-t128,13,10000,2048,128,0,F5b,0.0,V2minus,cumulative,13,FAIL,1,0,0,1
s13-N10000-b2048-t128,13,10000,2048,128,0,F5b,0.0,V2,cumulative,13,FAIL,1,0,0,1
s13-N10000-b2048-t128,13,10000,2048,128,0,F5b,0.0,V3,cumulative,13,FAIL,1,0,0,1
s13-N10000-b2048-t128,13,10000,2048,128,0,F5c,0.0,V0,cumulative,13,PASS,0,0,2,0
s13-N10000-b2048-t128,13,10000,2048,128,100,F5c,0.0,V1,cumulative,13,PASS,0,0,2,0
s13-N10000-b2048-t128,13,10000,2048,128,0,F5c,0.0,V2minus,cumulative,13,FAIL,2,0,0,1
s13-N10000-b2048-t128,13,10000,2048,128,0,F5c,0.0,V2,cumulative,13,FAIL,2,0,0,1
s13-N10000-b2048-t128,13,10000,2048,128,0,F5c,0.0,V3,cumulative,13,FAIL,2,0,0,1
s13-N10000-b2048-t128,13,10000,2048,128,0,F6,0.0,V0,cumulative,13,INCOMPLETE,0,0,0,1
s13-N10000-b2048-t128,13,10000,2048,128,100,F6,0.0,V1,cumulative,13,INCOMPLETE,0,0,0,1
s13-N10000-b2048-t128,13,10000,2048,128,0,F6,0.0,V2minus,cumulative,13,INCOMPLETE,0,0,0,1
s13-N10000-b2048-t128,13,10000,2048,128,0,F6,0.0,V2,cumulative,13,INCOMPLETE,0,0,0,1
s13-N10000-b2048-t128,13,10000,2048,128,0,F6,0.0,V3,cumulative,13,INCOMPLETE,0,0,0,1
s13-N10000-b2048-t128,13,10000,2048,128,0,F7,0.0,V2minus,cumulative,13,UNRUNNABLE,0,0,1,0
s13-N10000-b2048-t128,13,10000,2048,128,0,F7,0.0,V2,cumulative,13,FAIL,1,0,0,1
s14-N10000-b2048-t128,14,10000,2048,128,0,F0,0.0,V0,cumulative,14,PASS,0,0,0,0
s14-N10000-b2048-t128,14,10000,2048,128,100,F0,0.0,V1,cumulative,14,PASS,0,0,0,0
s14-N10000-b2048-t128,14,10000,2048,128,0,F0,0.0,V2minus,cumulative,14,PASS,0,0,0,0
s14-N10000-b2048-t128,14,10000,2048,128,0,F0,0.0,V2,cumulative,14,PASS,0,0,0,0
s14-N10000-b2048-t128,14,10000,2048,128,0,F0,0.0,V3,cumulative,14,PASS,0,0,0,0
s14-N10000-b2048-t128,14,10000,2048,128,0,F1a,0.0,V0,cumulative,14,FAIL,1,0,0,1
s14-N10000-b2048-t128,14,10000,2048,128,100,F1a,0.0,V1,cumulative,14,FAIL,1,0,0,1
s14-N10000-b2048-t128,14,10000,2048,128,0,F1a,0.0,V2minus,cumulative,14,FAIL,1,0,0,1
s14-N10000-b2048-t128,14,10000,2048,128,0,F1a,0.0,V2,cumulative,14,FAIL,1,0,0,1
s14-N10000-b2048-t128,14,10000,2048,128,0,F1a,0.0,V3,cumulative,14,FAIL,1,0,0,1
s14-N10000-b2048-t128,14,10000,2048,128,0,F1b,0.0,V0,cumulative,14,FAIL,1,0,0,1
s14-N10000-b2048-t128,14,10000,2048,128,100,F1b,0.0,V1,cumulative,14,FAIL,1,0,0,1
s14-N10000-b2048-t128,14,10000,2048,128,0,F1b,0.0,V2minus,cumulative,14,FAIL,1,0,0,1
s14-N10000-b2048-t128,14,10000,2048,128,0,F1b,0.0,V2,cumulative,14,FAIL,1,0,0,1
s14-N10000-b2048-t128,14,10000,2048,128,0,F1b,0.0,V3,cumulative,14,FAIL,1,0,0,1
s14-N10000-b2048-t128,14,10000,2048,128,0,F2,0.0,V0,cumulative,14,FAIL,1,0,0,1
s14-N10000-b2048-t128,14,10000,2048,128,100,F2,0.0,V1,cumulative,14,FAIL,1,0,0,1
s14-N10000-b2048-t128,14,10000,2048,128,0,F2,0.0,V2minus,cumulative,14,FAIL,1,0,0,1
s14-N10000-b2048-t128,14,10000,2048,128,0,F2,0.0,V2,cumulative,14,FAIL,1,0,0,1
s14-N10000-b2048-t128,14,10000,2048,128,0,F2,0.0,V3,cumulative,14,FAIL,1,0,0,1
s14-N10000-b2048-t128,14,10000,2048,128,0,F3,0.0,V0,cumulative,14,FAIL,1,0,0,1
s14-N10000-b2048-t128,14,10000,2048,128,100,F3,0.0,V1,cumulative,14,FAIL,1,0,0,1
s14-N10000-b2048-t128,14,10000,2048,128,0,F3,0.0,V2minus,cumulative,14,FAIL,1,0,0,1
s14-N10000-b2048-t128,14,10000,2048,128,0,F3,0.0,V2,cumulative,14,FAIL,1,0,0,1
s14-N10000-b2048-t128,14,10000,2048,128,0,F3,0.0,V3,cumulative,14,FAIL,1,0,0,1
s14-N10000-b2048-t128,14,10000,2048,128,0,F4r,0.0,V0,cumulative,14,FAIL,1,1,0,1
s14-N10000-b2048-t128,14,10000,2048,128,100,F4r,0.0,V1,cumulative,14,FAIL,1,1,0,1
s14-N10000-b2048-t128,14,10000,2048,128,0,F4r,0.0,V2minus,cumulative,14,FAIL,1,1,0,1
s14-N10000-b2048-t128,14,10000,2048,128,0,F4r,0.0,V2,cumulative,14,FAIL,1,1,0,1
s14-N10000-b2048-t128,14,10000,2048,128,0,F4r,0.0,V3,cumulative,14,FAIL,1,1,0,1
s14-N10000-b2048-t128,14,10000,2048,128,0,F4m,0.0,V0,cumulative,14,FAIL,0,0,0,1
s14-N10000-b2048-t128,14,10000,2048,128,100,F4m,0.0,V1,cumulative,14,FAIL,0,0,0,1
s14-N10000-b2048-t128,14,10000,2048,128,0,F4m,0.0,V2minus,cumulative,14,FAIL,0,0,0,1
s14-N10000-b2048-t128,14,10000,2048,128,0,F4m,0.0,V2,cumulative,14,FAIL,0,0,0,1
s14-N10000-b2048-t128,14,10000,2048,128,0,F4m,0.0,V3,cumulative,14,FAIL,0,0,0,1
s14-N10000-b2048-t128,14,10000,2048,128,0,F5,0.0,V0,cumulative,14,PASS,0,0,1,0
s14-N10000-b2048-t128,14,10000,2048,128,100,F5,0.0,V1,cumulative,14,PASS,0,0,1,0
s14-N10000-b2048-t128,14,10000,2048,128,0,F5,0.0,V2minus,cumulative,14,FAIL,1,0,0,1
s14-N10000-b2048-t128,14,10000,2048,128,0,F5,0.0,V2,cumulative,14,FAIL,1,0,0,1
s14-N10000-b2048-t128,14,10000,2048,128,0,F5,0.0,V3,cumulative,14,FAIL,1,0,0,1
s14-N10000-b2048-t128,14,10000,2048,128,0,F5,0.05,V0,cumulative,14,PASS,0,0,500,0
s14-N10000-b2048-t128,14,10000,2048,128,100,F5,0.05,V1,cumulative,14,PASS,0,0,500,0
s14-N10000-b2048-t128,14,10000,2048,128,0,F5,0.05,V2minus,cumulative,14,FAIL,500,0,0,1
s14-N10000-b2048-t128,14,10000,2048,128,0,F5,0.05,V2,cumulative,14,FAIL,500,0,0,1
s14-N10000-b2048-t128,14,10000,2048,128,0,F5,0.05,V3,cumulative,14,FAIL,500,0,0,1
s14-N10000-b2048-t128,14,10000,2048,128,0,F5b,0.0,V0,cumulative,14,PASS,0,0,1,0
s14-N10000-b2048-t128,14,10000,2048,128,100,F5b,0.0,V1,cumulative,14,PASS,0,0,1,0
s14-N10000-b2048-t128,14,10000,2048,128,0,F5b,0.0,V2minus,cumulative,14,FAIL,1,0,0,1
s14-N10000-b2048-t128,14,10000,2048,128,0,F5b,0.0,V2,cumulative,14,FAIL,1,0,0,1
s14-N10000-b2048-t128,14,10000,2048,128,0,F5b,0.0,V3,cumulative,14,FAIL,1,0,0,1
s14-N10000-b2048-t128,14,10000,2048,128,0,F5c,0.0,V0,cumulative,14,PASS,0,0,2,0
s14-N10000-b2048-t128,14,10000,2048,128,100,F5c,0.0,V1,cumulative,14,PASS,0,0,2,0
s14-N10000-b2048-t128,14,10000,2048,128,0,F5c,0.0,V2minus,cumulative,14,FAIL,2,0,0,1
s14-N10000-b2048-t128,14,10000,2048,128,0,F5c,0.0,V2,cumulative,14,FAIL,2,0,0,1
s14-N10000-b2048-t128,14,10000,2048,128,0,F5c,0.0,V3,cumulative,14,FAIL,2,0,0,1
s14-N10000-b2048-t128,14,10000,2048,128,0,F6,0.0,V0,cumulative,14,INCOMPLETE,0,0,0,1
s14-N10000-b2048-t128,14,10000,2048,128,100,F6,0.0,V1,cumulative,14,INCOMPLETE,0,0,0,1
s14-N10000-b2048-t128,14,10000,2048,128,0,F6,0.0,V2minus,cumulative,14,INCOMPLETE,0,0,0,1
s14-N10000-b2048-t128,14,10000,2048,128,0,F6,0.0,V2,cumulative,14,INCOMPLETE,0,0,0,1
s14-N10000-b2048-t128,14,10000,2048,128,0,F6,0.0,V3,cumulative,14,INCOMPLETE,0,0,0,1
s14-N10000-b2048-t128,14,10000,2048,128,0,F7,0.0,V2minus,cumulative,14,UNRUNNABLE,0,0,1,0
s14-N10000-b2048-t128,14,10000,2048,128,0,F7,0.0,V2,cumulative,14,FAIL,1,0,0,1
s15-N10000-b2048-t128,15,10000,2048,128,0,F0,0.0,V0,cumulative,15,PASS,0,0,0,0
s15-N10000-b2048-t128,15,10000,2048,128,100,F0,0.0,V1,cumulative,15,PASS,0,0,0,0
s15-N10000-b2048-t128,15,10000,2048,128,0,F0,0.0,V2minus,cumulative,15,PASS,0,0,0,0
s15-N10000-b2048-t128,15,10000,2048,128,0,F0,0.0,V2,cumulative,15,PASS,0,0,0,0
s15-N10000-b2048-t128,15,10000,2048,128,0,F0,0.0,V3,cumulative,15,PASS,0,0,0,0
s15-N10000-b2048-t128,15,10000,2048,128,0,F1a,0.0,V0,cumulative,15,FAIL,1,0,0,1
s15-N10000-b2048-t128,15,10000,2048,128,100,F1a,0.0,V1,cumulative,15,FAIL,1,0,0,1
s15-N10000-b2048-t128,15,10000,2048,128,0,F1a,0.0,V2minus,cumulative,15,FAIL,1,0,0,1
s15-N10000-b2048-t128,15,10000,2048,128,0,F1a,0.0,V2,cumulative,15,FAIL,1,0,0,1
s15-N10000-b2048-t128,15,10000,2048,128,0,F1a,0.0,V3,cumulative,15,FAIL,1,0,0,1
s15-N10000-b2048-t128,15,10000,2048,128,0,F1b,0.0,V0,cumulative,15,FAIL,1,0,0,1
s15-N10000-b2048-t128,15,10000,2048,128,100,F1b,0.0,V1,cumulative,15,FAIL,1,0,0,1
s15-N10000-b2048-t128,15,10000,2048,128,0,F1b,0.0,V2minus,cumulative,15,FAIL,1,0,0,1
s15-N10000-b2048-t128,15,10000,2048,128,0,F1b,0.0,V2,cumulative,15,FAIL,1,0,0,1
s15-N10000-b2048-t128,15,10000,2048,128,0,F1b,0.0,V3,cumulative,15,FAIL,1,0,0,1
s15-N10000-b2048-t128,15,10000,2048,128,0,F2,0.0,V0,cumulative,15,FAIL,1,0,0,1
s15-N10000-b2048-t128,15,10000,2048,128,100,F2,0.0,V1,cumulative,15,FAIL,1,0,0,1
s15-N10000-b2048-t128,15,10000,2048,128,0,F2,0.0,V2minus,cumulative,15,FAIL,1,0,0,1
s15-N10000-b2048-t128,15,10000,2048,128,0,F2,0.0,V2,cumulative,15,FAIL,1,0,0,1
s15-N10000-b2048-t128,15,10000,2048,128,0,F2,0.0,V3,cumulative,15,FAIL,1,0,0,1
s15-N10000-b2048-t128,15,10000,2048,128,0,F3,0.0,V0,cumulative,15,FAIL,1,0,0,1
s15-N10000-b2048-t128,15,10000,2048,128,100,F3,0.0,V1,cumulative,15,FAIL,1,0,0,1
s15-N10000-b2048-t128,15,10000,2048,128,0,F3,0.0,V2minus,cumulative,15,FAIL,1,0,0,1
s15-N10000-b2048-t128,15,10000,2048,128,0,F3,0.0,V2,cumulative,15,FAIL,1,0,0,1
s15-N10000-b2048-t128,15,10000,2048,128,0,F3,0.0,V3,cumulative,15,FAIL,1,0,0,1
s15-N10000-b2048-t128,15,10000,2048,128,0,F4r,0.0,V0,cumulative,15,FAIL,1,0,0,1
s15-N10000-b2048-t128,15,10000,2048,128,100,F4r,0.0,V1,cumulative,15,FAIL,1,0,0,1
s15-N10000-b2048-t128,15,10000,2048,128,0,F4r,0.0,V2minus,cumulative,15,FAIL,1,0,0,1
s15-N10000-b2048-t128,15,10000,2048,128,0,F4r,0.0,V2,cumulative,15,FAIL,1,0,0,1
s15-N10000-b2048-t128,15,10000,2048,128,0,F4r,0.0,V3,cumulative,15,FAIL,1,0,0,1
s15-N10000-b2048-t128,15,10000,2048,128,0,F4m,0.0,V0,cumulative,15,FAIL,0,0,0,1
s15-N10000-b2048-t128,15,10000,2048,128,100,F4m,0.0,V1,cumulative,15,FAIL,0,0,0,1
s15-N10000-b2048-t128,15,10000,2048,128,0,F4m,0.0,V2minus,cumulative,15,FAIL,0,0,0,1
s15-N10000-b2048-t128,15,10000,2048,128,0,F4m,0.0,V2,cumulative,15,FAIL,0,0,0,1
s15-N10000-b2048-t128,15,10000,2048,128,0,F4m,0.0,V3,cumulative,15,FAIL,0,0,0,1
s15-N10000-b2048-t128,15,10000,2048,128,0,F5,0.0,V0,cumulative,15,PASS,0,0,1,0
s15-N10000-b2048-t128,15,10000,2048,128,100,F5,0.0,V1,cumulative,15,PASS,0,0,1,0
s15-N10000-b2048-t128,15,10000,2048,128,0,F5,0.0,V2minus,cumulative,15,FAIL,1,0,0,1
s15-N10000-b2048-t128,15,10000,2048,128,0,F5,0.0,V2,cumulative,15,FAIL,1,0,0,1
s15-N10000-b2048-t128,15,10000,2048,128,0,F5,0.0,V3,cumulative,15,FAIL,1,0,0,1
s15-N10000-b2048-t128,15,10000,2048,128,0,F5,0.05,V0,cumulative,15,PASS,0,0,500,0
s15-N10000-b2048-t128,15,10000,2048,128,100,F5,0.05,V1,cumulative,15,PASS,0,0,500,0
s15-N10000-b2048-t128,15,10000,2048,128,0,F5,0.05,V2minus,cumulative,15,FAIL,500,0,0,1
s15-N10000-b2048-t128,15,10000,2048,128,0,F5,0.05,V2,cumulative,15,FAIL,500,0,0,1
s15-N10000-b2048-t128,15,10000,2048,128,0,F5,0.05,V3,cumulative,15,FAIL,500,0,0,1
s15-N10000-b2048-t128,15,10000,2048,128,0,F5b,0.0,V0,cumulative,15,PASS,0,0,1,0
s15-N10000-b2048-t128,15,10000,2048,128,100,F5b,0.0,V1,cumulative,15,PASS,0,0,1,0
s15-N10000-b2048-t128,15,10000,2048,128,0,F5b,0.0,V2minus,cumulative,15,FAIL,1,0,0,1
s15-N10000-b2048-t128,15,10000,2048,128,0,F5b,0.0,V2,cumulative,15,FAIL,1,0,0,1
s15-N10000-b2048-t128,15,10000,2048,128,0,F5b,0.0,V3,cumulative,15,FAIL,1,0,0,1
s15-N10000-b2048-t128,15,10000,2048,128,0,F5c,0.0,V0,cumulative,15,PASS,0,0,2,0
s15-N10000-b2048-t128,15,10000,2048,128,100,F5c,0.0,V1,cumulative,15,PASS,0,0,2,0
s15-N10000-b2048-t128,15,10000,2048,128,0,F5c,0.0,V2minus,cumulative,15,FAIL,2,0,0,1
s15-N10000-b2048-t128,15,10000,2048,128,0,F5c,0.0,V2,cumulative,15,FAIL,2,0,0,1
s15-N10000-b2048-t128,15,10000,2048,128,0,F5c,0.0,V3,cumulative,15,FAIL,2,0,0,1
s15-N10000-b2048-t128,15,10000,2048,128,0,F6,0.0,V0,cumulative,15,INCOMPLETE,0,0,0,1
s15-N10000-b2048-t128,15,10000,2048,128,100,F6,0.0,V1,cumulative,15,INCOMPLETE,0,0,0,1
s15-N10000-b2048-t128,15,10000,2048,128,0,F6,0.0,V2minus,cumulative,15,INCOMPLETE,0,0,0,1
s15-N10000-b2048-t128,15,10000,2048,128,0,F6,0.0,V2,cumulative,15,INCOMPLETE,0,0,0,1
s15-N10000-b2048-t128,15,10000,2048,128,0,F6,0.0,V3,cumulative,15,INCOMPLETE,0,0,0,1
s15-N10000-b2048-t128,15,10000,2048,128,0,F7,0.0,V2minus,cumulative,15,UNRUNNABLE,0,0,1,0
s15-N10000-b2048-t128,15,10000,2048,128,0,F7,0.0,V2,cumulative,15,FAIL,1,0,0,1
s16-N10000-b2048-t128,16,10000,2048,128,0,F0,0.0,V0,cumulative,16,PASS,0,0,0,0
s16-N10000-b2048-t128,16,10000,2048,128,100,F0,0.0,V1,cumulative,16,PASS,0,0,0,0
s16-N10000-b2048-t128,16,10000,2048,128,0,F0,0.0,V2minus,cumulative,16,PASS,0,0,0,0
s16-N10000-b2048-t128,16,10000,2048,128,0,F0,0.0,V2,cumulative,16,PASS,0,0,0,0
s16-N10000-b2048-t128,16,10000,2048,128,0,F0,0.0,V3,cumulative,16,PASS,0,0,0,0
s16-N10000-b2048-t128,16,10000,2048,128,0,F1a,0.0,V0,cumulative,16,FAIL,1,0,0,1
s16-N10000-b2048-t128,16,10000,2048,128,100,F1a,0.0,V1,cumulative,16,FAIL,1,0,0,1
s16-N10000-b2048-t128,16,10000,2048,128,0,F1a,0.0,V2minus,cumulative,16,FAIL,1,0,0,1
s16-N10000-b2048-t128,16,10000,2048,128,0,F1a,0.0,V2,cumulative,16,FAIL,1,0,0,1
s16-N10000-b2048-t128,16,10000,2048,128,0,F1a,0.0,V3,cumulative,16,FAIL,1,0,0,1
s16-N10000-b2048-t128,16,10000,2048,128,0,F1b,0.0,V0,cumulative,16,FAIL,1,0,0,1
s16-N10000-b2048-t128,16,10000,2048,128,100,F1b,0.0,V1,cumulative,16,FAIL,1,0,0,1
s16-N10000-b2048-t128,16,10000,2048,128,0,F1b,0.0,V2minus,cumulative,16,FAIL,1,0,0,1
s16-N10000-b2048-t128,16,10000,2048,128,0,F1b,0.0,V2,cumulative,16,FAIL,1,0,0,1
s16-N10000-b2048-t128,16,10000,2048,128,0,F1b,0.0,V3,cumulative,16,FAIL,1,0,0,1
s16-N10000-b2048-t128,16,10000,2048,128,0,F2,0.0,V0,cumulative,16,FAIL,1,0,0,1
s16-N10000-b2048-t128,16,10000,2048,128,100,F2,0.0,V1,cumulative,16,FAIL,1,0,0,1
s16-N10000-b2048-t128,16,10000,2048,128,0,F2,0.0,V2minus,cumulative,16,FAIL,1,0,0,1
s16-N10000-b2048-t128,16,10000,2048,128,0,F2,0.0,V2,cumulative,16,FAIL,1,0,0,1
s16-N10000-b2048-t128,16,10000,2048,128,0,F2,0.0,V3,cumulative,16,FAIL,1,0,0,1
s16-N10000-b2048-t128,16,10000,2048,128,0,F3,0.0,V0,cumulative,16,FAIL,1,0,0,1
s16-N10000-b2048-t128,16,10000,2048,128,100,F3,0.0,V1,cumulative,16,FAIL,1,0,0,1
s16-N10000-b2048-t128,16,10000,2048,128,0,F3,0.0,V2minus,cumulative,16,FAIL,1,0,0,1
s16-N10000-b2048-t128,16,10000,2048,128,0,F3,0.0,V2,cumulative,16,FAIL,1,0,0,1
s16-N10000-b2048-t128,16,10000,2048,128,0,F3,0.0,V3,cumulative,16,FAIL,1,0,0,1
s16-N10000-b2048-t128,16,10000,2048,128,0,F4r,0.0,V0,cumulative,16,FAIL,1,0,0,1
s16-N10000-b2048-t128,16,10000,2048,128,100,F4r,0.0,V1,cumulative,16,FAIL,1,0,0,1
s16-N10000-b2048-t128,16,10000,2048,128,0,F4r,0.0,V2minus,cumulative,16,FAIL,1,0,0,1
s16-N10000-b2048-t128,16,10000,2048,128,0,F4r,0.0,V2,cumulative,16,FAIL,1,0,0,1
s16-N10000-b2048-t128,16,10000,2048,128,0,F4r,0.0,V3,cumulative,16,FAIL,1,0,0,1
s16-N10000-b2048-t128,16,10000,2048,128,0,F4m,0.0,V0,cumulative,16,FAIL,0,0,0,1
s16-N10000-b2048-t128,16,10000,2048,128,100,F4m,0.0,V1,cumulative,16,FAIL,0,0,0,1
s16-N10000-b2048-t128,16,10000,2048,128,0,F4m,0.0,V2minus,cumulative,16,FAIL,0,0,0,1
s16-N10000-b2048-t128,16,10000,2048,128,0,F4m,0.0,V2,cumulative,16,FAIL,0,0,0,1
s16-N10000-b2048-t128,16,10000,2048,128,0,F4m,0.0,V3,cumulative,16,FAIL,0,0,0,1
s16-N10000-b2048-t128,16,10000,2048,128,0,F5,0.0,V0,cumulative,16,PASS,0,0,1,0
s16-N10000-b2048-t128,16,10000,2048,128,100,F5,0.0,V1,cumulative,16,PASS,0,0,1,0
s16-N10000-b2048-t128,16,10000,2048,128,0,F5,0.0,V2minus,cumulative,16,FAIL,1,0,0,1
s16-N10000-b2048-t128,16,10000,2048,128,0,F5,0.0,V2,cumulative,16,FAIL,1,0,0,1
s16-N10000-b2048-t128,16,10000,2048,128,0,F5,0.0,V3,cumulative,16,FAIL,1,0,0,1
s16-N10000-b2048-t128,16,10000,2048,128,0,F5,0.05,V0,cumulative,16,PASS,0,0,500,0
s16-N10000-b2048-t128,16,10000,2048,128,100,F5,0.05,V1,cumulative,16,PASS,0,0,500,0
s16-N10000-b2048-t128,16,10000,2048,128,0,F5,0.05,V2minus,cumulative,16,FAIL,500,0,0,1
s16-N10000-b2048-t128,16,10000,2048,128,0,F5,0.05,V2,cumulative,16,FAIL,500,0,0,1
s16-N10000-b2048-t128,16,10000,2048,128,0,F5,0.05,V3,cumulative,16,FAIL,500,0,0,1
s16-N10000-b2048-t128,16,10000,2048,128,0,F5b,0.0,V0,cumulative,16,PASS,0,0,1,0
s16-N10000-b2048-t128,16,10000,2048,128,100,F5b,0.0,V1,cumulative,16,PASS,0,0,1,0
s16-N10000-b2048-t128,16,10000,2048,128,0,F5b,0.0,V2minus,cumulative,16,FAIL,1,0,0,1
s16-N10000-b2048-t128,16,10000,2048,128,0,F5b,0.0,V2,cumulative,16,FAIL,1,0,0,1
s16-N10000-b2048-t128,16,10000,2048,128,0,F5b,0.0,V3,cumulative,16,FAIL,1,0,0,1
s16-N10000-b2048-t128,16,10000,2048,128,0,F5c,0.0,V0,cumulative,16,PASS,0,0,2,0
s16-N10000-b2048-t128,16,10000,2048,128,100,F5c,0.0,V1,cumulative,16,PASS,0,0,2,0
s16-N10000-b2048-t128,16,10000,2048,128,0,F5c,0.0,V2minus,cumulative,16,FAIL,2,0,0,1
s16-N10000-b2048-t128,16,10000,2048,128,0,F5c,0.0,V2,cumulative,16,FAIL,2,0,0,1
s16-N10000-b2048-t128,16,10000,2048,128,0,F5c,0.0,V3,cumulative,16,FAIL,2,0,0,1
s16-N10000-b2048-t128,16,10000,2048,128,0,F6,0.0,V0,cumulative,16,INCOMPLETE,0,0,0,1
s16-N10000-b2048-t128,16,10000,2048,128,100,F6,0.0,V1,cumulative,16,INCOMPLETE,0,0,0,1
s16-N10000-b2048-t128,16,10000,2048,128,0,F6,0.0,V2minus,cumulative,16,INCOMPLETE,0,0,0,1
s16-N10000-b2048-t128,16,10000,2048,128,0,F6,0.0,V2,cumulative,16,INCOMPLETE,0,0,0,1
s16-N10000-b2048-t128,16,10000,2048,128,0,F6,0.0,V3,cumulative,16,INCOMPLETE,0,0,0,1
s16-N10000-b2048-t128,16,10000,2048,128,0,F7,0.0,V2minus,cumulative,16,UNRUNNABLE,0,0,1,0
s16-N10000-b2048-t128,16,10000,2048,128,0,F7,0.0,V2,cumulative,16,FAIL,1,0,0,1
s17-N10000-b2048-t128,17,10000,2048,128,0,F0,0.0,V0,cumulative,17,PASS,0,0,0,0
s17-N10000-b2048-t128,17,10000,2048,128,100,F0,0.0,V1,cumulative,17,PASS,0,0,0,0
s17-N10000-b2048-t128,17,10000,2048,128,0,F0,0.0,V2minus,cumulative,17,PASS,0,0,0,0
s17-N10000-b2048-t128,17,10000,2048,128,0,F0,0.0,V2,cumulative,17,PASS,0,0,0,0
s17-N10000-b2048-t128,17,10000,2048,128,0,F0,0.0,V3,cumulative,17,PASS,0,0,0,0
s17-N10000-b2048-t128,17,10000,2048,128,0,F1a,0.0,V0,cumulative,17,FAIL,1,0,0,1
s17-N10000-b2048-t128,17,10000,2048,128,100,F1a,0.0,V1,cumulative,17,FAIL,1,0,0,1
s17-N10000-b2048-t128,17,10000,2048,128,0,F1a,0.0,V2minus,cumulative,17,FAIL,1,0,0,1
s17-N10000-b2048-t128,17,10000,2048,128,0,F1a,0.0,V2,cumulative,17,FAIL,1,0,0,1
s17-N10000-b2048-t128,17,10000,2048,128,0,F1a,0.0,V3,cumulative,17,FAIL,1,0,0,1
s17-N10000-b2048-t128,17,10000,2048,128,0,F1b,0.0,V0,cumulative,17,FAIL,1,0,0,1
s17-N10000-b2048-t128,17,10000,2048,128,100,F1b,0.0,V1,cumulative,17,FAIL,1,0,0,1
s17-N10000-b2048-t128,17,10000,2048,128,0,F1b,0.0,V2minus,cumulative,17,FAIL,1,0,0,1
s17-N10000-b2048-t128,17,10000,2048,128,0,F1b,0.0,V2,cumulative,17,FAIL,1,0,0,1
s17-N10000-b2048-t128,17,10000,2048,128,0,F1b,0.0,V3,cumulative,17,FAIL,1,0,0,1
s17-N10000-b2048-t128,17,10000,2048,128,0,F2,0.0,V0,cumulative,17,FAIL,1,0,0,1
s17-N10000-b2048-t128,17,10000,2048,128,100,F2,0.0,V1,cumulative,17,FAIL,1,0,0,1
s17-N10000-b2048-t128,17,10000,2048,128,0,F2,0.0,V2minus,cumulative,17,FAIL,1,0,0,1
s17-N10000-b2048-t128,17,10000,2048,128,0,F2,0.0,V2,cumulative,17,FAIL,1,0,0,1
s17-N10000-b2048-t128,17,10000,2048,128,0,F2,0.0,V3,cumulative,17,FAIL,1,0,0,1
s17-N10000-b2048-t128,17,10000,2048,128,0,F3,0.0,V0,cumulative,17,FAIL,1,0,0,1
s17-N10000-b2048-t128,17,10000,2048,128,100,F3,0.0,V1,cumulative,17,FAIL,1,0,0,1
s17-N10000-b2048-t128,17,10000,2048,128,0,F3,0.0,V2minus,cumulative,17,FAIL,1,0,0,1
s17-N10000-b2048-t128,17,10000,2048,128,0,F3,0.0,V2,cumulative,17,FAIL,1,0,0,1
s17-N10000-b2048-t128,17,10000,2048,128,0,F3,0.0,V3,cumulative,17,FAIL,1,0,0,1
s17-N10000-b2048-t128,17,10000,2048,128,0,F4r,0.0,V0,cumulative,17,FAIL,1,0,0,1
s17-N10000-b2048-t128,17,10000,2048,128,100,F4r,0.0,V1,cumulative,17,FAIL,1,0,0,1
s17-N10000-b2048-t128,17,10000,2048,128,0,F4r,0.0,V2minus,cumulative,17,FAIL,1,0,0,1
s17-N10000-b2048-t128,17,10000,2048,128,0,F4r,0.0,V2,cumulative,17,FAIL,1,0,0,1
s17-N10000-b2048-t128,17,10000,2048,128,0,F4r,0.0,V3,cumulative,17,FAIL,1,0,0,1
s17-N10000-b2048-t128,17,10000,2048,128,0,F4m,0.0,V0,cumulative,17,FAIL,0,0,0,1
s17-N10000-b2048-t128,17,10000,2048,128,100,F4m,0.0,V1,cumulative,17,FAIL,0,0,0,1
s17-N10000-b2048-t128,17,10000,2048,128,0,F4m,0.0,V2minus,cumulative,17,FAIL,0,0,0,1
s17-N10000-b2048-t128,17,10000,2048,128,0,F4m,0.0,V2,cumulative,17,FAIL,0,0,0,1
s17-N10000-b2048-t128,17,10000,2048,128,0,F4m,0.0,V3,cumulative,17,FAIL,0,0,0,1
s17-N10000-b2048-t128,17,10000,2048,128,0,F5,0.0,V0,cumulative,17,PASS,0,0,1,0
s17-N10000-b2048-t128,17,10000,2048,128,100,F5,0.0,V1,cumulative,17,PASS,0,0,1,0
s17-N10000-b2048-t128,17,10000,2048,128,0,F5,0.0,V2minus,cumulative,17,FAIL,1,0,0,1
s17-N10000-b2048-t128,17,10000,2048,128,0,F5,0.0,V2,cumulative,17,FAIL,1,0,0,1
s17-N10000-b2048-t128,17,10000,2048,128,0,F5,0.0,V3,cumulative,17,FAIL,1,0,0,1
s17-N10000-b2048-t128,17,10000,2048,128,0,F5,0.05,V0,cumulative,17,PASS,0,0,500,0
s17-N10000-b2048-t128,17,10000,2048,128,100,F5,0.05,V1,cumulative,17,PASS,0,0,500,0
s17-N10000-b2048-t128,17,10000,2048,128,0,F5,0.05,V2minus,cumulative,17,FAIL,500,0,0,1
s17-N10000-b2048-t128,17,10000,2048,128,0,F5,0.05,V2,cumulative,17,FAIL,500,0,0,1
s17-N10000-b2048-t128,17,10000,2048,128,0,F5,0.05,V3,cumulative,17,FAIL,500,0,0,1
s17-N10000-b2048-t128,17,10000,2048,128,0,F5b,0.0,V0,cumulative,17,PASS,0,0,1,0
s17-N10000-b2048-t128,17,10000,2048,128,100,F5b,0.0,V1,cumulative,17,PASS,0,0,1,0
s17-N10000-b2048-t128,17,10000,2048,128,0,F5b,0.0,V2minus,cumulative,17,FAIL,1,0,0,1
s17-N10000-b2048-t128,17,10000,2048,128,0,F5b,0.0,V2,cumulative,17,FAIL,1,0,0,1
s17-N10000-b2048-t128,17,10000,2048,128,0,F5b,0.0,V3,cumulative,17,FAIL,1,0,0,1
s17-N10000-b2048-t128,17,10000,2048,128,0,F5c,0.0,V0,cumulative,17,PASS,0,0,2,0
s17-N10000-b2048-t128,17,10000,2048,128,100,F5c,0.0,V1,cumulative,17,PASS,0,0,2,0
s17-N10000-b2048-t128,17,10000,2048,128,0,F5c,0.0,V2minus,cumulative,17,FAIL,2,0,0,1
s17-N10000-b2048-t128,17,10000,2048,128,0,F5c,0.0,V2,cumulative,17,FAIL,2,0,0,1
s17-N10000-b2048-t128,17,10000,2048,128,0,F5c,0.0,V3,cumulative,17,FAIL,2,0,0,1
s17-N10000-b2048-t128,17,10000,2048,128,0,F6,0.0,V0,cumulative,17,INCOMPLETE,0,0,0,1
s17-N10000-b2048-t128,17,10000,2048,128,100,F6,0.0,V1,cumulative,17,INCOMPLETE,0,0,0,1
s17-N10000-b2048-t128,17,10000,2048,128,0,F6,0.0,V2minus,cumulative,17,INCOMPLETE,0,0,0,1
s17-N10000-b2048-t128,17,10000,2048,128,0,F6,0.0,V2,cumulative,17,INCOMPLETE,0,0,0,1
s17-N10000-b2048-t128,17,10000,2048,128,0,F6,0.0,V3,cumulative,17,INCOMPLETE,0,0,0,1
s17-N10000-b2048-t128,17,10000,2048,128,0,F7,0.0,V2minus,cumulative,17,UNRUNNABLE,0,0,1,0
s17-N10000-b2048-t128,17,10000,2048,128,0,F7,0.0,V2,cumulative,17,FAIL,1,0,0,1
s18-N10000-b2048-t128,18,10000,2048,128,0,F0,0.0,V0,cumulative,18,PASS,0,0,0,0
s18-N10000-b2048-t128,18,10000,2048,128,100,F0,0.0,V1,cumulative,18,PASS,0,0,0,0
s18-N10000-b2048-t128,18,10000,2048,128,0,F0,0.0,V2minus,cumulative,18,PASS,0,0,0,0
s18-N10000-b2048-t128,18,10000,2048,128,0,F0,0.0,V2,cumulative,18,PASS,0,0,0,0
s18-N10000-b2048-t128,18,10000,2048,128,0,F0,0.0,V3,cumulative,18,PASS,0,0,0,0
s18-N10000-b2048-t128,18,10000,2048,128,0,F1a,0.0,V0,cumulative,18,FAIL,1,0,0,1
s18-N10000-b2048-t128,18,10000,2048,128,100,F1a,0.0,V1,cumulative,18,FAIL,1,0,0,1
s18-N10000-b2048-t128,18,10000,2048,128,0,F1a,0.0,V2minus,cumulative,18,FAIL,1,0,0,1
s18-N10000-b2048-t128,18,10000,2048,128,0,F1a,0.0,V2,cumulative,18,FAIL,1,0,0,1
s18-N10000-b2048-t128,18,10000,2048,128,0,F1a,0.0,V3,cumulative,18,FAIL,1,0,0,1
s18-N10000-b2048-t128,18,10000,2048,128,0,F1b,0.0,V0,cumulative,18,FAIL,1,0,0,1
s18-N10000-b2048-t128,18,10000,2048,128,100,F1b,0.0,V1,cumulative,18,FAIL,1,0,0,1
s18-N10000-b2048-t128,18,10000,2048,128,0,F1b,0.0,V2minus,cumulative,18,FAIL,1,0,0,1
s18-N10000-b2048-t128,18,10000,2048,128,0,F1b,0.0,V2,cumulative,18,FAIL,1,0,0,1
s18-N10000-b2048-t128,18,10000,2048,128,0,F1b,0.0,V3,cumulative,18,FAIL,1,0,0,1
s18-N10000-b2048-t128,18,10000,2048,128,0,F2,0.0,V0,cumulative,18,FAIL,1,0,0,1
s18-N10000-b2048-t128,18,10000,2048,128,100,F2,0.0,V1,cumulative,18,FAIL,1,0,0,1
s18-N10000-b2048-t128,18,10000,2048,128,0,F2,0.0,V2minus,cumulative,18,FAIL,1,0,0,1
s18-N10000-b2048-t128,18,10000,2048,128,0,F2,0.0,V2,cumulative,18,FAIL,1,0,0,1
s18-N10000-b2048-t128,18,10000,2048,128,0,F2,0.0,V3,cumulative,18,FAIL,1,0,0,1
s18-N10000-b2048-t128,18,10000,2048,128,0,F3,0.0,V0,cumulative,18,FAIL,1,0,0,1
s18-N10000-b2048-t128,18,10000,2048,128,100,F3,0.0,V1,cumulative,18,FAIL,1,0,0,1
s18-N10000-b2048-t128,18,10000,2048,128,0,F3,0.0,V2minus,cumulative,18,FAIL,1,0,0,1
s18-N10000-b2048-t128,18,10000,2048,128,0,F3,0.0,V2,cumulative,18,FAIL,1,0,0,1
s18-N10000-b2048-t128,18,10000,2048,128,0,F3,0.0,V3,cumulative,18,FAIL,1,0,0,1
s18-N10000-b2048-t128,18,10000,2048,128,0,F4r,0.0,V0,cumulative,18,FAIL,1,0,0,1
s18-N10000-b2048-t128,18,10000,2048,128,100,F4r,0.0,V1,cumulative,18,FAIL,1,0,0,1
s18-N10000-b2048-t128,18,10000,2048,128,0,F4r,0.0,V2minus,cumulative,18,FAIL,1,0,0,1
s18-N10000-b2048-t128,18,10000,2048,128,0,F4r,0.0,V2,cumulative,18,FAIL,1,0,0,1
s18-N10000-b2048-t128,18,10000,2048,128,0,F4r,0.0,V3,cumulative,18,FAIL,1,0,0,1
s18-N10000-b2048-t128,18,10000,2048,128,0,F4m,0.0,V0,cumulative,18,FAIL,0,0,0,1
s18-N10000-b2048-t128,18,10000,2048,128,100,F4m,0.0,V1,cumulative,18,FAIL,0,0,0,1
s18-N10000-b2048-t128,18,10000,2048,128,0,F4m,0.0,V2minus,cumulative,18,FAIL,0,0,0,1
s18-N10000-b2048-t128,18,10000,2048,128,0,F4m,0.0,V2,cumulative,18,FAIL,0,0,0,1
s18-N10000-b2048-t128,18,10000,2048,128,0,F4m,0.0,V3,cumulative,18,FAIL,0,0,0,1
s18-N10000-b2048-t128,18,10000,2048,128,0,F5,0.0,V0,cumulative,18,PASS,0,0,1,0
s18-N10000-b2048-t128,18,10000,2048,128,100,F5,0.0,V1,cumulative,18,PASS,0,0,1,0
s18-N10000-b2048-t128,18,10000,2048,128,0,F5,0.0,V2minus,cumulative,18,FAIL,1,0,0,1
s18-N10000-b2048-t128,18,10000,2048,128,0,F5,0.0,V2,cumulative,18,FAIL,1,0,0,1
s18-N10000-b2048-t128,18,10000,2048,128,0,F5,0.0,V3,cumulative,18,FAIL,1,0,0,1
s18-N10000-b2048-t128,18,10000,2048,128,0,F5,0.05,V0,cumulative,18,PASS,0,0,500,0
s18-N10000-b2048-t128,18,10000,2048,128,100,F5,0.05,V1,cumulative,18,PASS,0,0,500,0
s18-N10000-b2048-t128,18,10000,2048,128,0,F5,0.05,V2minus,cumulative,18,FAIL,500,0,0,1
s18-N10000-b2048-t128,18,10000,2048,128,0,F5,0.05,V2,cumulative,18,FAIL,500,0,0,1
s18-N10000-b2048-t128,18,10000,2048,128,0,F5,0.05,V3,cumulative,18,FAIL,500,0,0,1
s18-N10000-b2048-t128,18,10000,2048,128,0,F5b,0.0,V0,cumulative,18,PASS,0,0,1,0
s18-N10000-b2048-t128,18,10000,2048,128,100,F5b,0.0,V1,cumulative,18,PASS,0,0,1,0
s18-N10000-b2048-t128,18,10000,2048,128,0,F5b,0.0,V2minus,cumulative,18,FAIL,1,0,0,1
s18-N10000-b2048-t128,18,10000,2048,128,0,F5b,0.0,V2,cumulative,18,FAIL,1,0,0,1
s18-N10000-b2048-t128,18,10000,2048,128,0,F5b,0.0,V3,cumulative,18,FAIL,1,0,0,1
s18-N10000-b2048-t128,18,10000,2048,128,0,F5c,0.0,V0,cumulative,18,PASS,0,0,2,0
s18-N10000-b2048-t128,18,10000,2048,128,100,F5c,0.0,V1,cumulative,18,PASS,0,0,2,0
s18-N10000-b2048-t128,18,10000,2048,128,0,F5c,0.0,V2minus,cumulative,18,FAIL,2,0,0,1
s18-N10000-b2048-t128,18,10000,2048,128,0,F5c,0.0,V2,cumulative,18,FAIL,2,0,0,1
s18-N10000-b2048-t128,18,10000,2048,128,0,F5c,0.0,V3,cumulative,18,FAIL,2,0,0,1
s18-N10000-b2048-t128,18,10000,2048,128,0,F6,0.0,V0,cumulative,18,INCOMPLETE,0,0,0,1
s18-N10000-b2048-t128,18,10000,2048,128,100,F6,0.0,V1,cumulative,18,INCOMPLETE,0,0,0,1
s18-N10000-b2048-t128,18,10000,2048,128,0,F6,0.0,V2minus,cumulative,18,INCOMPLETE,0,0,0,1
s18-N10000-b2048-t128,18,10000,2048,128,0,F6,0.0,V2,cumulative,18,INCOMPLETE,0,0,0,1
s18-N10000-b2048-t128,18,10000,2048,128,0,F6,0.0,V3,cumulative,18,INCOMPLETE,0,0,0,1
s18-N10000-b2048-t128,18,10000,2048,128,0,F7,0.0,V2minus,cumulative,18,UNRUNNABLE,0,0,1,0
s18-N10000-b2048-t128,18,10000,2048,128,0,F7,0.0,V2,cumulative,18,FAIL,1,0,0,1
s19-N10000-b2048-t128,19,10000,2048,128,0,F0,0.0,V0,cumulative,19,PASS,0,0,0,0
s19-N10000-b2048-t128,19,10000,2048,128,100,F0,0.0,V1,cumulative,19,PASS,0,0,0,0
s19-N10000-b2048-t128,19,10000,2048,128,0,F0,0.0,V2minus,cumulative,19,PASS,0,0,0,0
s19-N10000-b2048-t128,19,10000,2048,128,0,F0,0.0,V2,cumulative,19,PASS,0,0,0,0
s19-N10000-b2048-t128,19,10000,2048,128,0,F0,0.0,V3,cumulative,19,PASS,0,0,0,0
s19-N10000-b2048-t128,19,10000,2048,128,0,F1a,0.0,V0,cumulative,19,FAIL,1,0,0,1
s19-N10000-b2048-t128,19,10000,2048,128,100,F1a,0.0,V1,cumulative,19,FAIL,1,0,0,1
s19-N10000-b2048-t128,19,10000,2048,128,0,F1a,0.0,V2minus,cumulative,19,FAIL,1,0,0,1
s19-N10000-b2048-t128,19,10000,2048,128,0,F1a,0.0,V2,cumulative,19,FAIL,1,0,0,1
s19-N10000-b2048-t128,19,10000,2048,128,0,F1a,0.0,V3,cumulative,19,FAIL,1,0,0,1
s19-N10000-b2048-t128,19,10000,2048,128,0,F1b,0.0,V0,cumulative,19,FAIL,1,0,0,1
s19-N10000-b2048-t128,19,10000,2048,128,100,F1b,0.0,V1,cumulative,19,FAIL,1,0,0,1
s19-N10000-b2048-t128,19,10000,2048,128,0,F1b,0.0,V2minus,cumulative,19,FAIL,1,0,0,1
s19-N10000-b2048-t128,19,10000,2048,128,0,F1b,0.0,V2,cumulative,19,FAIL,1,0,0,1
s19-N10000-b2048-t128,19,10000,2048,128,0,F1b,0.0,V3,cumulative,19,FAIL,1,0,0,1
s19-N10000-b2048-t128,19,10000,2048,128,0,F2,0.0,V0,cumulative,19,FAIL,1,0,0,1
s19-N10000-b2048-t128,19,10000,2048,128,100,F2,0.0,V1,cumulative,19,FAIL,1,0,0,1
s19-N10000-b2048-t128,19,10000,2048,128,0,F2,0.0,V2minus,cumulative,19,FAIL,1,0,0,1
s19-N10000-b2048-t128,19,10000,2048,128,0,F2,0.0,V2,cumulative,19,FAIL,1,0,0,1
s19-N10000-b2048-t128,19,10000,2048,128,0,F2,0.0,V3,cumulative,19,FAIL,1,0,0,1
s19-N10000-b2048-t128,19,10000,2048,128,0,F3,0.0,V0,cumulative,19,FAIL,1,0,0,1
s19-N10000-b2048-t128,19,10000,2048,128,100,F3,0.0,V1,cumulative,19,FAIL,1,0,0,1
s19-N10000-b2048-t128,19,10000,2048,128,0,F3,0.0,V2minus,cumulative,19,FAIL,1,0,0,1
s19-N10000-b2048-t128,19,10000,2048,128,0,F3,0.0,V2,cumulative,19,FAIL,1,0,0,1
s19-N10000-b2048-t128,19,10000,2048,128,0,F3,0.0,V3,cumulative,19,FAIL,1,0,0,1
s19-N10000-b2048-t128,19,10000,2048,128,0,F4r,0.0,V0,cumulative,19,FAIL,1,0,0,1
s19-N10000-b2048-t128,19,10000,2048,128,100,F4r,0.0,V1,cumulative,19,FAIL,1,0,0,1
s19-N10000-b2048-t128,19,10000,2048,128,0,F4r,0.0,V2minus,cumulative,19,FAIL,1,0,0,1
s19-N10000-b2048-t128,19,10000,2048,128,0,F4r,0.0,V2,cumulative,19,FAIL,1,0,0,1
s19-N10000-b2048-t128,19,10000,2048,128,0,F4r,0.0,V3,cumulative,19,FAIL,1,0,0,1
s19-N10000-b2048-t128,19,10000,2048,128,0,F4m,0.0,V0,cumulative,19,FAIL,0,0,0,1
s19-N10000-b2048-t128,19,10000,2048,128,100,F4m,0.0,V1,cumulative,19,FAIL,0,0,0,1
s19-N10000-b2048-t128,19,10000,2048,128,0,F4m,0.0,V2minus,cumulative,19,FAIL,0,0,0,1
s19-N10000-b2048-t128,19,10000,2048,128,0,F4m,0.0,V2,cumulative,19,FAIL,0,0,0,1
s19-N10000-b2048-t128,19,10000,2048,128,0,F4m,0.0,V3,cumulative,19,FAIL,0,0,0,1
s19-N10000-b2048-t128,19,10000,2048,128,0,F5,0.0,V0,cumulative,19,PASS,0,0,1,0
s19-N10000-b2048-t128,19,10000,2048,128,100,F5,0.0,V1,cumulative,19,PASS,0,0,1,0
s19-N10000-b2048-t128,19,10000,2048,128,0,F5,0.0,V2minus,cumulative,19,FAIL,1,0,0,1
s19-N10000-b2048-t128,19,10000,2048,128,0,F5,0.0,V2,cumulative,19,FAIL,1,0,0,1
s19-N10000-b2048-t128,19,10000,2048,128,0,F5,0.0,V3,cumulative,19,FAIL,1,0,0,1
s19-N10000-b2048-t128,19,10000,2048,128,0,F5,0.05,V0,cumulative,19,PASS,0,0,500,0
s19-N10000-b2048-t128,19,10000,2048,128,100,F5,0.05,V1,cumulative,19,PASS,0,0,500,0
s19-N10000-b2048-t128,19,10000,2048,128,0,F5,0.05,V2minus,cumulative,19,FAIL,500,0,0,1
s19-N10000-b2048-t128,19,10000,2048,128,0,F5,0.05,V2,cumulative,19,FAIL,500,0,0,1
s19-N10000-b2048-t128,19,10000,2048,128,0,F5,0.05,V3,cumulative,19,FAIL,500,0,0,1
s19-N10000-b2048-t128,19,10000,2048,128,0,F5b,0.0,V0,cumulative,19,PASS,0,0,1,0
s19-N10000-b2048-t128,19,10000,2048,128,100,F5b,0.0,V1,cumulative,19,PASS,0,0,1,0
s19-N10000-b2048-t128,19,10000,2048,128,0,F5b,0.0,V2minus,cumulative,19,FAIL,1,0,0,1
s19-N10000-b2048-t128,19,10000,2048,128,0,F5b,0.0,V2,cumulative,19,FAIL,1,0,0,1
s19-N10000-b2048-t128,19,10000,2048,128,0,F5b,0.0,V3,cumulative,19,FAIL,1,0,0,1
s19-N10000-b2048-t128,19,10000,2048,128,0,F5c,0.0,V0,cumulative,19,PASS,0,0,2,0
s19-N10000-b2048-t128,19,10000,2048,128,100,F5c,0.0,V1,cumulative,19,PASS,0,0,2,0
s19-N10000-b2048-t128,19,10000,2048,128,0,F5c,0.0,V2minus,cumulative,19,FAIL,2,0,0,1
s19-N10000-b2048-t128,19,10000,2048,128,0,F5c,0.0,V2,cumulative,19,FAIL,2,0,0,1
s19-N10000-b2048-t128,19,10000,2048,128,0,F5c,0.0,V3,cumulative,19,FAIL,2,0,0,1
s19-N10000-b2048-t128,19,10000,2048,128,0,F6,0.0,V0,cumulative,19,INCOMPLETE,0,0,0,1
s19-N10000-b2048-t128,19,10000,2048,128,100,F6,0.0,V1,cumulative,19,INCOMPLETE,0,0,0,1
s19-N10000-b2048-t128,19,10000,2048,128,0,F6,0.0,V2minus,cumulative,19,INCOMPLETE,0,0,0,1
s19-N10000-b2048-t128,19,10000,2048,128,0,F6,0.0,V2,cumulative,19,INCOMPLETE,0,0,0,1
s19-N10000-b2048-t128,19,10000,2048,128,0,F6,0.0,V3,cumulative,19,INCOMPLETE,0,0,0,1
s19-N10000-b2048-t128,19,10000,2048,128,0,F7,0.0,V2minus,cumulative,19,UNRUNNABLE,0,0,1,0
s19-N10000-b2048-t128,19,10000,2048,128,0,F7,0.0,V2,cumulative,19,FAIL,1,0,0,1
s20-N10000-b2048-t128,20,10000,2048,128,0,F0,0.0,V0,cumulative,20,PASS,0,0,0,0
s20-N10000-b2048-t128,20,10000,2048,128,100,F0,0.0,V1,cumulative,20,PASS,0,0,0,0
s20-N10000-b2048-t128,20,10000,2048,128,0,F0,0.0,V2minus,cumulative,20,PASS,0,0,0,0
s20-N10000-b2048-t128,20,10000,2048,128,0,F0,0.0,V2,cumulative,20,PASS,0,0,0,0
s20-N10000-b2048-t128,20,10000,2048,128,0,F0,0.0,V3,cumulative,20,PASS,0,0,0,0
s20-N10000-b2048-t128,20,10000,2048,128,0,F1a,0.0,V0,cumulative,20,FAIL,1,0,0,1
s20-N10000-b2048-t128,20,10000,2048,128,100,F1a,0.0,V1,cumulative,20,FAIL,1,0,0,1
s20-N10000-b2048-t128,20,10000,2048,128,0,F1a,0.0,V2minus,cumulative,20,FAIL,1,0,0,1
s20-N10000-b2048-t128,20,10000,2048,128,0,F1a,0.0,V2,cumulative,20,FAIL,1,0,0,1
s20-N10000-b2048-t128,20,10000,2048,128,0,F1a,0.0,V3,cumulative,20,FAIL,1,0,0,1
s20-N10000-b2048-t128,20,10000,2048,128,0,F1b,0.0,V0,cumulative,20,FAIL,1,0,0,1
s20-N10000-b2048-t128,20,10000,2048,128,100,F1b,0.0,V1,cumulative,20,FAIL,1,0,0,1
s20-N10000-b2048-t128,20,10000,2048,128,0,F1b,0.0,V2minus,cumulative,20,FAIL,1,0,0,1
s20-N10000-b2048-t128,20,10000,2048,128,0,F1b,0.0,V2,cumulative,20,FAIL,1,0,0,1
s20-N10000-b2048-t128,20,10000,2048,128,0,F1b,0.0,V3,cumulative,20,FAIL,1,0,0,1
s20-N10000-b2048-t128,20,10000,2048,128,0,F2,0.0,V0,cumulative,20,FAIL,1,0,0,1
s20-N10000-b2048-t128,20,10000,2048,128,100,F2,0.0,V1,cumulative,20,FAIL,1,0,0,1
s20-N10000-b2048-t128,20,10000,2048,128,0,F2,0.0,V2minus,cumulative,20,FAIL,1,0,0,1
s20-N10000-b2048-t128,20,10000,2048,128,0,F2,0.0,V2,cumulative,20,FAIL,1,0,0,1
s20-N10000-b2048-t128,20,10000,2048,128,0,F2,0.0,V3,cumulative,20,FAIL,1,0,0,1
s20-N10000-b2048-t128,20,10000,2048,128,0,F3,0.0,V0,cumulative,20,FAIL,1,0,0,1
s20-N10000-b2048-t128,20,10000,2048,128,100,F3,0.0,V1,cumulative,20,FAIL,1,0,0,1
s20-N10000-b2048-t128,20,10000,2048,128,0,F3,0.0,V2minus,cumulative,20,FAIL,1,0,0,1
s20-N10000-b2048-t128,20,10000,2048,128,0,F3,0.0,V2,cumulative,20,FAIL,1,0,0,1
s20-N10000-b2048-t128,20,10000,2048,128,0,F3,0.0,V3,cumulative,20,FAIL,1,0,0,1
s20-N10000-b2048-t128,20,10000,2048,128,0,F4r,0.0,V0,cumulative,20,FAIL,1,0,0,1
s20-N10000-b2048-t128,20,10000,2048,128,100,F4r,0.0,V1,cumulative,20,FAIL,1,0,0,1
s20-N10000-b2048-t128,20,10000,2048,128,0,F4r,0.0,V2minus,cumulative,20,FAIL,1,0,0,1
s20-N10000-b2048-t128,20,10000,2048,128,0,F4r,0.0,V2,cumulative,20,FAIL,1,0,0,1
s20-N10000-b2048-t128,20,10000,2048,128,0,F4r,0.0,V3,cumulative,20,FAIL,1,0,0,1
s20-N10000-b2048-t128,20,10000,2048,128,0,F4m,0.0,V0,cumulative,20,FAIL,0,0,0,1
s20-N10000-b2048-t128,20,10000,2048,128,100,F4m,0.0,V1,cumulative,20,FAIL,0,0,0,1
s20-N10000-b2048-t128,20,10000,2048,128,0,F4m,0.0,V2minus,cumulative,20,FAIL,0,0,0,1
s20-N10000-b2048-t128,20,10000,2048,128,0,F4m,0.0,V2,cumulative,20,FAIL,0,0,0,1
s20-N10000-b2048-t128,20,10000,2048,128,0,F4m,0.0,V3,cumulative,20,FAIL,0,0,0,1
s20-N10000-b2048-t128,20,10000,2048,128,0,F5,0.0,V0,cumulative,20,PASS,0,0,1,0
s20-N10000-b2048-t128,20,10000,2048,128,100,F5,0.0,V1,cumulative,20,PASS,0,0,1,0
s20-N10000-b2048-t128,20,10000,2048,128,0,F5,0.0,V2minus,cumulative,20,FAIL,1,0,0,1
s20-N10000-b2048-t128,20,10000,2048,128,0,F5,0.0,V2,cumulative,20,FAIL,1,0,0,1
s20-N10000-b2048-t128,20,10000,2048,128,0,F5,0.0,V3,cumulative,20,FAIL,1,0,0,1
s20-N10000-b2048-t128,20,10000,2048,128,0,F5,0.05,V0,cumulative,20,PASS,0,0,500,0
s20-N10000-b2048-t128,20,10000,2048,128,100,F5,0.05,V1,cumulative,20,PASS,0,0,500,0
s20-N10000-b2048-t128,20,10000,2048,128,0,F5,0.05,V2minus,cumulative,20,FAIL,500,0,0,1
s20-N10000-b2048-t128,20,10000,2048,128,0,F5,0.05,V2,cumulative,20,FAIL,500,0,0,1
s20-N10000-b2048-t128,20,10000,2048,128,0,F5,0.05,V3,cumulative,20,FAIL,500,0,0,1
s20-N10000-b2048-t128,20,10000,2048,128,0,F5b,0.0,V0,cumulative,20,PASS,0,0,1,0
s20-N10000-b2048-t128,20,10000,2048,128,100,F5b,0.0,V1,cumulative,20,PASS,0,0,1,0
s20-N10000-b2048-t128,20,10000,2048,128,0,F5b,0.0,V2minus,cumulative,20,FAIL,1,0,0,1
s20-N10000-b2048-t128,20,10000,2048,128,0,F5b,0.0,V2,cumulative,20,FAIL,1,0,0,1
s20-N10000-b2048-t128,20,10000,2048,128,0,F5b,0.0,V3,cumulative,20,FAIL,1,0,0,1
s20-N10000-b2048-t128,20,10000,2048,128,0,F5c,0.0,V0,cumulative,20,PASS,0,0,2,0
s20-N10000-b2048-t128,20,10000,2048,128,100,F5c,0.0,V1,cumulative,20,PASS,0,0,2,0
s20-N10000-b2048-t128,20,10000,2048,128,0,F5c,0.0,V2minus,cumulative,20,FAIL,2,0,0,1
s20-N10000-b2048-t128,20,10000,2048,128,0,F5c,0.0,V2,cumulative,20,FAIL,2,0,0,1
s20-N10000-b2048-t128,20,10000,2048,128,0,F5c,0.0,V3,cumulative,20,FAIL,2,0,0,1
s20-N10000-b2048-t128,20,10000,2048,128,0,F6,0.0,V0,cumulative,20,INCOMPLETE,0,0,0,1
s20-N10000-b2048-t128,20,10000,2048,128,100,F6,0.0,V1,cumulative,20,INCOMPLETE,0,0,0,1
s20-N10000-b2048-t128,20,10000,2048,128,0,F6,0.0,V2minus,cumulative,20,INCOMPLETE,0,0,0,1
s20-N10000-b2048-t128,20,10000,2048,128,0,F6,0.0,V2,cumulative,20,INCOMPLETE,0,0,0,1
s20-N10000-b2048-t128,20,10000,2048,128,0,F6,0.0,V3,cumulative,20,INCOMPLETE,0,0,0,1
s20-N10000-b2048-t128,20,10000,2048,128,0,F7,0.0,V2minus,cumulative,20,UNRUNNABLE,0,0,1,0
s20-N10000-b2048-t128,20,10000,2048,128,0,F7,0.0,V2,cumulative,20,FAIL,1,0,0,1
s21-N10000-b2048-t128,21,10000,2048,128,0,F0,0.0,V0,cumulative,21,PASS,0,0,0,0
s21-N10000-b2048-t128,21,10000,2048,128,100,F0,0.0,V1,cumulative,21,PASS,0,0,0,0
s21-N10000-b2048-t128,21,10000,2048,128,0,F0,0.0,V2minus,cumulative,21,PASS,0,0,0,0
s21-N10000-b2048-t128,21,10000,2048,128,0,F0,0.0,V2,cumulative,21,PASS,0,0,0,0
s21-N10000-b2048-t128,21,10000,2048,128,0,F0,0.0,V3,cumulative,21,PASS,0,0,0,0
s21-N10000-b2048-t128,21,10000,2048,128,0,F1a,0.0,V0,cumulative,21,FAIL,1,0,0,1
s21-N10000-b2048-t128,21,10000,2048,128,100,F1a,0.0,V1,cumulative,21,FAIL,1,0,0,1
s21-N10000-b2048-t128,21,10000,2048,128,0,F1a,0.0,V2minus,cumulative,21,FAIL,1,0,0,1
s21-N10000-b2048-t128,21,10000,2048,128,0,F1a,0.0,V2,cumulative,21,FAIL,1,0,0,1
s21-N10000-b2048-t128,21,10000,2048,128,0,F1a,0.0,V3,cumulative,21,FAIL,1,0,0,1
s21-N10000-b2048-t128,21,10000,2048,128,0,F1b,0.0,V0,cumulative,21,FAIL,1,0,0,1
s21-N10000-b2048-t128,21,10000,2048,128,100,F1b,0.0,V1,cumulative,21,FAIL,1,0,0,1
s21-N10000-b2048-t128,21,10000,2048,128,0,F1b,0.0,V2minus,cumulative,21,FAIL,1,0,0,1
s21-N10000-b2048-t128,21,10000,2048,128,0,F1b,0.0,V2,cumulative,21,FAIL,1,0,0,1
s21-N10000-b2048-t128,21,10000,2048,128,0,F1b,0.0,V3,cumulative,21,FAIL,1,0,0,1
s21-N10000-b2048-t128,21,10000,2048,128,0,F2,0.0,V0,cumulative,21,FAIL,1,0,0,1
s21-N10000-b2048-t128,21,10000,2048,128,100,F2,0.0,V1,cumulative,21,FAIL,1,0,0,1
s21-N10000-b2048-t128,21,10000,2048,128,0,F2,0.0,V2minus,cumulative,21,FAIL,1,0,0,1
s21-N10000-b2048-t128,21,10000,2048,128,0,F2,0.0,V2,cumulative,21,FAIL,1,0,0,1
s21-N10000-b2048-t128,21,10000,2048,128,0,F2,0.0,V3,cumulative,21,FAIL,1,0,0,1
s21-N10000-b2048-t128,21,10000,2048,128,0,F3,0.0,V0,cumulative,21,FAIL,1,0,0,1
s21-N10000-b2048-t128,21,10000,2048,128,100,F3,0.0,V1,cumulative,21,FAIL,1,0,0,1
s21-N10000-b2048-t128,21,10000,2048,128,0,F3,0.0,V2minus,cumulative,21,FAIL,1,0,0,1
s21-N10000-b2048-t128,21,10000,2048,128,0,F3,0.0,V2,cumulative,21,FAIL,1,0,0,1
s21-N10000-b2048-t128,21,10000,2048,128,0,F3,0.0,V3,cumulative,21,FAIL,1,0,0,1
s21-N10000-b2048-t128,21,10000,2048,128,0,F4r,0.0,V0,cumulative,21,FAIL,1,0,0,1
s21-N10000-b2048-t128,21,10000,2048,128,100,F4r,0.0,V1,cumulative,21,FAIL,1,0,0,1
s21-N10000-b2048-t128,21,10000,2048,128,0,F4r,0.0,V2minus,cumulative,21,FAIL,1,0,0,1
s21-N10000-b2048-t128,21,10000,2048,128,0,F4r,0.0,V2,cumulative,21,FAIL,1,0,0,1
s21-N10000-b2048-t128,21,10000,2048,128,0,F4r,0.0,V3,cumulative,21,FAIL,1,0,0,1
s21-N10000-b2048-t128,21,10000,2048,128,0,F4m,0.0,V0,cumulative,21,FAIL,0,0,0,1
s21-N10000-b2048-t128,21,10000,2048,128,100,F4m,0.0,V1,cumulative,21,FAIL,0,0,0,1
s21-N10000-b2048-t128,21,10000,2048,128,0,F4m,0.0,V2minus,cumulative,21,FAIL,0,0,0,1
s21-N10000-b2048-t128,21,10000,2048,128,0,F4m,0.0,V2,cumulative,21,FAIL,0,0,0,1
s21-N10000-b2048-t128,21,10000,2048,128,0,F4m,0.0,V3,cumulative,21,FAIL,0,0,0,1
s21-N10000-b2048-t128,21,10000,2048,128,0,F5,0.0,V0,cumulative,21,PASS,0,0,1,0
s21-N10000-b2048-t128,21,10000,2048,128,100,F5,0.0,V1,cumulative,21,PASS,0,0,1,0
s21-N10000-b2048-t128,21,10000,2048,128,0,F5,0.0,V2minus,cumulative,21,FAIL,1,0,0,1
s21-N10000-b2048-t128,21,10000,2048,128,0,F5,0.0,V2,cumulative,21,FAIL,1,0,0,1
s21-N10000-b2048-t128,21,10000,2048,128,0,F5,0.0,V3,cumulative,21,FAIL,1,0,0,1
s21-N10000-b2048-t128,21,10000,2048,128,0,F5,0.05,V0,cumulative,21,PASS,0,0,500,0
s21-N10000-b2048-t128,21,10000,2048,128,100,F5,0.05,V1,cumulative,21,PASS,0,0,500,0
s21-N10000-b2048-t128,21,10000,2048,128,0,F5,0.05,V2minus,cumulative,21,FAIL,500,0,0,1
s21-N10000-b2048-t128,21,10000,2048,128,0,F5,0.05,V2,cumulative,21,FAIL,500,0,0,1
s21-N10000-b2048-t128,21,10000,2048,128,0,F5,0.05,V3,cumulative,21,FAIL,500,0,0,1
s21-N10000-b2048-t128,21,10000,2048,128,0,F5b,0.0,V0,cumulative,21,PASS,0,0,1,0
s21-N10000-b2048-t128,21,10000,2048,128,100,F5b,0.0,V1,cumulative,21,PASS,0,0,1,0
s21-N10000-b2048-t128,21,10000,2048,128,0,F5b,0.0,V2minus,cumulative,21,FAIL,1,0,0,1
s21-N10000-b2048-t128,21,10000,2048,128,0,F5b,0.0,V2,cumulative,21,FAIL,1,0,0,1
s21-N10000-b2048-t128,21,10000,2048,128,0,F5b,0.0,V3,cumulative,21,FAIL,1,0,0,1
s21-N10000-b2048-t128,21,10000,2048,128,0,F5c,0.0,V0,cumulative,21,PASS,0,0,2,0
s21-N10000-b2048-t128,21,10000,2048,128,100,F5c,0.0,V1,cumulative,21,PASS,0,0,2,0
s21-N10000-b2048-t128,21,10000,2048,128,0,F5c,0.0,V2minus,cumulative,21,FAIL,2,0,0,1
s21-N10000-b2048-t128,21,10000,2048,128,0,F5c,0.0,V2,cumulative,21,FAIL,2,0,0,1
s21-N10000-b2048-t128,21,10000,2048,128,0,F5c,0.0,V3,cumulative,21,FAIL,2,0,0,1
s21-N10000-b2048-t128,21,10000,2048,128,0,F6,0.0,V0,cumulative,21,INCOMPLETE,0,0,0,1
s21-N10000-b2048-t128,21,10000,2048,128,100,F6,0.0,V1,cumulative,21,INCOMPLETE,0,0,0,1
s21-N10000-b2048-t128,21,10000,2048,128,0,F6,0.0,V2minus,cumulative,21,INCOMPLETE,0,0,0,1
s21-N10000-b2048-t128,21,10000,2048,128,0,F6,0.0,V2,cumulative,21,INCOMPLETE,0,0,0,1
s21-N10000-b2048-t128,21,10000,2048,128,0,F6,0.0,V3,cumulative,21,INCOMPLETE,0,0,0,1
s21-N10000-b2048-t128,21,10000,2048,128,0,F7,0.0,V2minus,cumulative,21,UNRUNNABLE,0,0,1,0
s21-N10000-b2048-t128,21,10000,2048,128,0,F7,0.0,V2,cumulative,21,FAIL,1,0,0,1
s22-N10000-b2048-t128,22,10000,2048,128,0,F0,0.0,V0,cumulative,22,PASS,0,0,0,0
s22-N10000-b2048-t128,22,10000,2048,128,100,F0,0.0,V1,cumulative,22,PASS,0,0,0,0
s22-N10000-b2048-t128,22,10000,2048,128,0,F0,0.0,V2minus,cumulative,22,PASS,0,0,0,0
s22-N10000-b2048-t128,22,10000,2048,128,0,F0,0.0,V2,cumulative,22,PASS,0,0,0,0
s22-N10000-b2048-t128,22,10000,2048,128,0,F0,0.0,V3,cumulative,22,PASS,0,0,0,0
s22-N10000-b2048-t128,22,10000,2048,128,0,F1a,0.0,V0,cumulative,22,FAIL,1,0,0,1
s22-N10000-b2048-t128,22,10000,2048,128,100,F1a,0.0,V1,cumulative,22,FAIL,1,0,0,1
s22-N10000-b2048-t128,22,10000,2048,128,0,F1a,0.0,V2minus,cumulative,22,FAIL,1,0,0,1
s22-N10000-b2048-t128,22,10000,2048,128,0,F1a,0.0,V2,cumulative,22,FAIL,1,0,0,1
s22-N10000-b2048-t128,22,10000,2048,128,0,F1a,0.0,V3,cumulative,22,FAIL,1,0,0,1
s22-N10000-b2048-t128,22,10000,2048,128,0,F1b,0.0,V0,cumulative,22,FAIL,1,0,0,1
s22-N10000-b2048-t128,22,10000,2048,128,100,F1b,0.0,V1,cumulative,22,FAIL,1,0,0,1
s22-N10000-b2048-t128,22,10000,2048,128,0,F1b,0.0,V2minus,cumulative,22,FAIL,1,0,0,1
s22-N10000-b2048-t128,22,10000,2048,128,0,F1b,0.0,V2,cumulative,22,FAIL,1,0,0,1
s22-N10000-b2048-t128,22,10000,2048,128,0,F1b,0.0,V3,cumulative,22,FAIL,1,0,0,1
s22-N10000-b2048-t128,22,10000,2048,128,0,F2,0.0,V0,cumulative,22,FAIL,1,0,0,1
s22-N10000-b2048-t128,22,10000,2048,128,100,F2,0.0,V1,cumulative,22,FAIL,1,0,0,1
s22-N10000-b2048-t128,22,10000,2048,128,0,F2,0.0,V2minus,cumulative,22,FAIL,1,0,0,1
s22-N10000-b2048-t128,22,10000,2048,128,0,F2,0.0,V2,cumulative,22,FAIL,1,0,0,1
s22-N10000-b2048-t128,22,10000,2048,128,0,F2,0.0,V3,cumulative,22,FAIL,1,0,0,1
s22-N10000-b2048-t128,22,10000,2048,128,0,F3,0.0,V0,cumulative,22,FAIL,1,0,0,1
s22-N10000-b2048-t128,22,10000,2048,128,100,F3,0.0,V1,cumulative,22,FAIL,1,0,0,1
s22-N10000-b2048-t128,22,10000,2048,128,0,F3,0.0,V2minus,cumulative,22,FAIL,1,0,0,1
s22-N10000-b2048-t128,22,10000,2048,128,0,F3,0.0,V2,cumulative,22,FAIL,1,0,0,1
s22-N10000-b2048-t128,22,10000,2048,128,0,F3,0.0,V3,cumulative,22,FAIL,1,0,0,1
s22-N10000-b2048-t128,22,10000,2048,128,0,F4r,0.0,V0,cumulative,22,FAIL,1,0,0,1
s22-N10000-b2048-t128,22,10000,2048,128,100,F4r,0.0,V1,cumulative,22,FAIL,1,0,0,1
s22-N10000-b2048-t128,22,10000,2048,128,0,F4r,0.0,V2minus,cumulative,22,FAIL,1,0,0,1
s22-N10000-b2048-t128,22,10000,2048,128,0,F4r,0.0,V2,cumulative,22,FAIL,1,0,0,1
s22-N10000-b2048-t128,22,10000,2048,128,0,F4r,0.0,V3,cumulative,22,FAIL,1,0,0,1
s22-N10000-b2048-t128,22,10000,2048,128,0,F4m,0.0,V0,cumulative,22,FAIL,0,0,0,1
s22-N10000-b2048-t128,22,10000,2048,128,100,F4m,0.0,V1,cumulative,22,FAIL,0,0,0,1
s22-N10000-b2048-t128,22,10000,2048,128,0,F4m,0.0,V2minus,cumulative,22,FAIL,0,0,0,1
s22-N10000-b2048-t128,22,10000,2048,128,0,F4m,0.0,V2,cumulative,22,FAIL,0,0,0,1
s22-N10000-b2048-t128,22,10000,2048,128,0,F4m,0.0,V3,cumulative,22,FAIL,0,0,0,1
s22-N10000-b2048-t128,22,10000,2048,128,0,F5,0.0,V0,cumulative,22,PASS,0,0,1,0
s22-N10000-b2048-t128,22,10000,2048,128,100,F5,0.0,V1,cumulative,22,PASS,0,0,1,0
s22-N10000-b2048-t128,22,10000,2048,128,0,F5,0.0,V2minus,cumulative,22,FAIL,1,0,0,1
s22-N10000-b2048-t128,22,10000,2048,128,0,F5,0.0,V2,cumulative,22,FAIL,1,0,0,1
s22-N10000-b2048-t128,22,10000,2048,128,0,F5,0.0,V3,cumulative,22,FAIL,1,0,0,1
s22-N10000-b2048-t128,22,10000,2048,128,0,F5,0.05,V0,cumulative,22,PASS,0,0,500,0
s22-N10000-b2048-t128,22,10000,2048,128,100,F5,0.05,V1,cumulative,22,PASS,0,0,500,0
s22-N10000-b2048-t128,22,10000,2048,128,0,F5,0.05,V2minus,cumulative,22,FAIL,500,0,0,1
s22-N10000-b2048-t128,22,10000,2048,128,0,F5,0.05,V2,cumulative,22,FAIL,500,0,0,1
s22-N10000-b2048-t128,22,10000,2048,128,0,F5,0.05,V3,cumulative,22,FAIL,500,0,0,1
s22-N10000-b2048-t128,22,10000,2048,128,0,F5b,0.0,V0,cumulative,22,PASS,0,0,1,0
s22-N10000-b2048-t128,22,10000,2048,128,100,F5b,0.0,V1,cumulative,22,PASS,0,0,1,0
s22-N10000-b2048-t128,22,10000,2048,128,0,F5b,0.0,V2minus,cumulative,22,FAIL,1,0,0,1
s22-N10000-b2048-t128,22,10000,2048,128,0,F5b,0.0,V2,cumulative,22,FAIL,1,0,0,1
s22-N10000-b2048-t128,22,10000,2048,128,0,F5b,0.0,V3,cumulative,22,FAIL,1,0,0,1
s22-N10000-b2048-t128,22,10000,2048,128,0,F5c,0.0,V0,cumulative,22,PASS,0,0,2,0
s22-N10000-b2048-t128,22,10000,2048,128,100,F5c,0.0,V1,cumulative,22,PASS,0,0,2,0
s22-N10000-b2048-t128,22,10000,2048,128,0,F5c,0.0,V2minus,cumulative,22,FAIL,2,0,0,1
s22-N10000-b2048-t128,22,10000,2048,128,0,F5c,0.0,V2,cumulative,22,FAIL,2,0,0,1
s22-N10000-b2048-t128,22,10000,2048,128,0,F5c,0.0,V3,cumulative,22,FAIL,2,0,0,1
s22-N10000-b2048-t128,22,10000,2048,128,0,F6,0.0,V0,cumulative,22,INCOMPLETE,0,0,0,1
s22-N10000-b2048-t128,22,10000,2048,128,100,F6,0.0,V1,cumulative,22,INCOMPLETE,0,0,0,1
s22-N10000-b2048-t128,22,10000,2048,128,0,F6,0.0,V2minus,cumulative,22,INCOMPLETE,0,0,0,1
s22-N10000-b2048-t128,22,10000,2048,128,0,F6,0.0,V2,cumulative,22,INCOMPLETE,0,0,0,1
s22-N10000-b2048-t128,22,10000,2048,128,0,F6,0.0,V3,cumulative,22,INCOMPLETE,0,0,0,1
s22-N10000-b2048-t128,22,10000,2048,128,0,F7,0.0,V2minus,cumulative,22,UNRUNNABLE,0,0,1,0
s22-N10000-b2048-t128,22,10000,2048,128,0,F7,0.0,V2,cumulative,22,FAIL,1,0,0,1
s23-N10000-b2048-t128,23,10000,2048,128,0,F0,0.0,V0,cumulative,23,PASS,0,0,0,0
s23-N10000-b2048-t128,23,10000,2048,128,100,F0,0.0,V1,cumulative,23,PASS,0,0,0,0
s23-N10000-b2048-t128,23,10000,2048,128,0,F0,0.0,V2minus,cumulative,23,PASS,0,0,0,0
s23-N10000-b2048-t128,23,10000,2048,128,0,F0,0.0,V2,cumulative,23,PASS,0,0,0,0
s23-N10000-b2048-t128,23,10000,2048,128,0,F0,0.0,V3,cumulative,23,PASS,0,0,0,0
s23-N10000-b2048-t128,23,10000,2048,128,0,F1a,0.0,V0,cumulative,23,FAIL,1,0,0,1
s23-N10000-b2048-t128,23,10000,2048,128,100,F1a,0.0,V1,cumulative,23,FAIL,1,0,0,1
s23-N10000-b2048-t128,23,10000,2048,128,0,F1a,0.0,V2minus,cumulative,23,FAIL,1,0,0,1
s23-N10000-b2048-t128,23,10000,2048,128,0,F1a,0.0,V2,cumulative,23,FAIL,1,0,0,1
s23-N10000-b2048-t128,23,10000,2048,128,0,F1a,0.0,V3,cumulative,23,FAIL,1,0,0,1
s23-N10000-b2048-t128,23,10000,2048,128,0,F1b,0.0,V0,cumulative,23,FAIL,1,0,0,1
s23-N10000-b2048-t128,23,10000,2048,128,100,F1b,0.0,V1,cumulative,23,FAIL,1,0,0,1
s23-N10000-b2048-t128,23,10000,2048,128,0,F1b,0.0,V2minus,cumulative,23,FAIL,1,0,0,1
s23-N10000-b2048-t128,23,10000,2048,128,0,F1b,0.0,V2,cumulative,23,FAIL,1,0,0,1
s23-N10000-b2048-t128,23,10000,2048,128,0,F1b,0.0,V3,cumulative,23,FAIL,1,0,0,1
s23-N10000-b2048-t128,23,10000,2048,128,0,F2,0.0,V0,cumulative,23,FAIL,1,0,0,1
s23-N10000-b2048-t128,23,10000,2048,128,100,F2,0.0,V1,cumulative,23,FAIL,1,0,0,1
s23-N10000-b2048-t128,23,10000,2048,128,0,F2,0.0,V2minus,cumulative,23,FAIL,1,0,0,1
s23-N10000-b2048-t128,23,10000,2048,128,0,F2,0.0,V2,cumulative,23,FAIL,1,0,0,1
s23-N10000-b2048-t128,23,10000,2048,128,0,F2,0.0,V3,cumulative,23,FAIL,1,0,0,1
s23-N10000-b2048-t128,23,10000,2048,128,0,F3,0.0,V0,cumulative,23,FAIL,1,0,0,1
s23-N10000-b2048-t128,23,10000,2048,128,100,F3,0.0,V1,cumulative,23,FAIL,1,0,0,1
s23-N10000-b2048-t128,23,10000,2048,128,0,F3,0.0,V2minus,cumulative,23,FAIL,1,0,0,1
s23-N10000-b2048-t128,23,10000,2048,128,0,F3,0.0,V2,cumulative,23,FAIL,1,0,0,1
s23-N10000-b2048-t128,23,10000,2048,128,0,F3,0.0,V3,cumulative,23,FAIL,1,0,0,1
s23-N10000-b2048-t128,23,10000,2048,128,0,F4r,0.0,V0,cumulative,23,FAIL,1,0,0,1
s23-N10000-b2048-t128,23,10000,2048,128,100,F4r,0.0,V1,cumulative,23,FAIL,1,0,0,1
s23-N10000-b2048-t128,23,10000,2048,128,0,F4r,0.0,V2minus,cumulative,23,FAIL,1,0,0,1
s23-N10000-b2048-t128,23,10000,2048,128,0,F4r,0.0,V2,cumulative,23,FAIL,1,0,0,1
s23-N10000-b2048-t128,23,10000,2048,128,0,F4r,0.0,V3,cumulative,23,FAIL,1,0,0,1
s23-N10000-b2048-t128,23,10000,2048,128,0,F4m,0.0,V0,cumulative,23,FAIL,0,0,0,1
s23-N10000-b2048-t128,23,10000,2048,128,100,F4m,0.0,V1,cumulative,23,FAIL,0,0,0,1
s23-N10000-b2048-t128,23,10000,2048,128,0,F4m,0.0,V2minus,cumulative,23,FAIL,0,0,0,1
s23-N10000-b2048-t128,23,10000,2048,128,0,F4m,0.0,V2,cumulative,23,FAIL,0,0,0,1
s23-N10000-b2048-t128,23,10000,2048,128,0,F4m,0.0,V3,cumulative,23,FAIL,0,0,0,1
s23-N10000-b2048-t128,23,10000,2048,128,0,F5,0.0,V0,cumulative,23,PASS,0,0,1,0
s23-N10000-b2048-t128,23,10000,2048,128,100,F5,0.0,V1,cumulative,23,PASS,0,0,1,0
s23-N10000-b2048-t128,23,10000,2048,128,0,F5,0.0,V2minus,cumulative,23,FAIL,1,0,0,1
s23-N10000-b2048-t128,23,10000,2048,128,0,F5,0.0,V2,cumulative,23,FAIL,1,0,0,1
s23-N10000-b2048-t128,23,10000,2048,128,0,F5,0.0,V3,cumulative,23,FAIL,1,0,0,1
s23-N10000-b2048-t128,23,10000,2048,128,0,F5,0.05,V0,cumulative,23,PASS,0,0,500,0
s23-N10000-b2048-t128,23,10000,2048,128,100,F5,0.05,V1,cumulative,23,PASS,0,0,500,0
s23-N10000-b2048-t128,23,10000,2048,128,0,F5,0.05,V2minus,cumulative,23,FAIL,500,0,0,1
s23-N10000-b2048-t128,23,10000,2048,128,0,F5,0.05,V2,cumulative,23,FAIL,500,0,0,1
s23-N10000-b2048-t128,23,10000,2048,128,0,F5,0.05,V3,cumulative,23,FAIL,500,0,0,1
s23-N10000-b2048-t128,23,10000,2048,128,0,F5b,0.0,V0,cumulative,23,PASS,0,0,1,0
s23-N10000-b2048-t128,23,10000,2048,128,100,F5b,0.0,V1,cumulative,23,PASS,0,0,1,0
s23-N10000-b2048-t128,23,10000,2048,128,0,F5b,0.0,V2minus,cumulative,23,FAIL,1,0,0,1
s23-N10000-b2048-t128,23,10000,2048,128,0,F5b,0.0,V2,cumulative,23,FAIL,1,0,0,1
s23-N10000-b2048-t128,23,10000,2048,128,0,F5b,0.0,V3,cumulative,23,FAIL,1,0,0,1
s23-N10000-b2048-t128,23,10000,2048,128,0,F5c,0.0,V0,cumulative,23,PASS,0,0,2,0
s23-N10000-b2048-t128,23,10000,2048,128,100,F5c,0.0,V1,cumulative,23,PASS,0,0,2,0
s23-N10000-b2048-t128,23,10000,2048,128,0,F5c,0.0,V2minus,cumulative,23,FAIL,2,0,0,1
s23-N10000-b2048-t128,23,10000,2048,128,0,F5c,0.0,V2,cumulative,23,FAIL,2,0,0,1
s23-N10000-b2048-t128,23,10000,2048,128,0,F5c,0.0,V3,cumulative,23,FAIL,2,0,0,1
s23-N10000-b2048-t128,23,10000,2048,128,0,F6,0.0,V0,cumulative,23,INCOMPLETE,0,0,0,1
s23-N10000-b2048-t128,23,10000,2048,128,100,F6,0.0,V1,cumulative,23,INCOMPLETE,0,0,0,1
s23-N10000-b2048-t128,23,10000,2048,128,0,F6,0.0,V2minus,cumulative,23,INCOMPLETE,0,0,0,1
s23-N10000-b2048-t128,23,10000,2048,128,0,F6,0.0,V2,cumulative,23,INCOMPLETE,0,0,0,1
s23-N10000-b2048-t128,23,10000,2048,128,0,F6,0.0,V3,cumulative,23,INCOMPLETE,0,0,0,1
s23-N10000-b2048-t128,23,10000,2048,128,0,F7,0.0,V2minus,cumulative,23,UNRUNNABLE,0,0,1,0
s23-N10000-b2048-t128,23,10000,2048,128,0,F7,0.0,V2,cumulative,23,FAIL,1,0,0,1
s24-N10000-b2048-t128,24,10000,2048,128,0,F0,0.0,V0,cumulative,24,PASS,0,0,0,0
s24-N10000-b2048-t128,24,10000,2048,128,100,F0,0.0,V1,cumulative,24,PASS,0,0,0,0
s24-N10000-b2048-t128,24,10000,2048,128,0,F0,0.0,V2minus,cumulative,24,PASS,0,0,0,0
s24-N10000-b2048-t128,24,10000,2048,128,0,F0,0.0,V2,cumulative,24,PASS,0,0,0,0
s24-N10000-b2048-t128,24,10000,2048,128,0,F0,0.0,V3,cumulative,24,PASS,0,0,0,0
s24-N10000-b2048-t128,24,10000,2048,128,0,F1a,0.0,V0,cumulative,24,FAIL,1,0,0,1
s24-N10000-b2048-t128,24,10000,2048,128,100,F1a,0.0,V1,cumulative,24,FAIL,1,0,0,1
s24-N10000-b2048-t128,24,10000,2048,128,0,F1a,0.0,V2minus,cumulative,24,FAIL,1,0,0,1
s24-N10000-b2048-t128,24,10000,2048,128,0,F1a,0.0,V2,cumulative,24,FAIL,1,0,0,1
s24-N10000-b2048-t128,24,10000,2048,128,0,F1a,0.0,V3,cumulative,24,FAIL,1,0,0,1
s24-N10000-b2048-t128,24,10000,2048,128,0,F1b,0.0,V0,cumulative,24,FAIL,1,0,0,1
s24-N10000-b2048-t128,24,10000,2048,128,100,F1b,0.0,V1,cumulative,24,FAIL,1,0,0,1
s24-N10000-b2048-t128,24,10000,2048,128,0,F1b,0.0,V2minus,cumulative,24,FAIL,1,0,0,1
s24-N10000-b2048-t128,24,10000,2048,128,0,F1b,0.0,V2,cumulative,24,FAIL,1,0,0,1
s24-N10000-b2048-t128,24,10000,2048,128,0,F1b,0.0,V3,cumulative,24,FAIL,1,0,0,1
s24-N10000-b2048-t128,24,10000,2048,128,0,F2,0.0,V0,cumulative,24,FAIL,1,0,0,1
s24-N10000-b2048-t128,24,10000,2048,128,100,F2,0.0,V1,cumulative,24,FAIL,1,0,0,1
s24-N10000-b2048-t128,24,10000,2048,128,0,F2,0.0,V2minus,cumulative,24,FAIL,1,0,0,1
s24-N10000-b2048-t128,24,10000,2048,128,0,F2,0.0,V2,cumulative,24,FAIL,1,0,0,1
s24-N10000-b2048-t128,24,10000,2048,128,0,F2,0.0,V3,cumulative,24,FAIL,1,0,0,1
s24-N10000-b2048-t128,24,10000,2048,128,0,F3,0.0,V0,cumulative,24,FAIL,1,0,0,1
s24-N10000-b2048-t128,24,10000,2048,128,100,F3,0.0,V1,cumulative,24,FAIL,1,0,0,1
s24-N10000-b2048-t128,24,10000,2048,128,0,F3,0.0,V2minus,cumulative,24,FAIL,1,0,0,1
s24-N10000-b2048-t128,24,10000,2048,128,0,F3,0.0,V2,cumulative,24,FAIL,1,0,0,1
s24-N10000-b2048-t128,24,10000,2048,128,0,F3,0.0,V3,cumulative,24,FAIL,1,0,0,1
s24-N10000-b2048-t128,24,10000,2048,128,0,F4r,0.0,V0,cumulative,24,FAIL,1,0,0,1
s24-N10000-b2048-t128,24,10000,2048,128,100,F4r,0.0,V1,cumulative,24,FAIL,1,0,0,1
s24-N10000-b2048-t128,24,10000,2048,128,0,F4r,0.0,V2minus,cumulative,24,FAIL,1,0,0,1
s24-N10000-b2048-t128,24,10000,2048,128,0,F4r,0.0,V2,cumulative,24,FAIL,1,0,0,1
s24-N10000-b2048-t128,24,10000,2048,128,0,F4r,0.0,V3,cumulative,24,FAIL,1,0,0,1
s24-N10000-b2048-t128,24,10000,2048,128,0,F4m,0.0,V0,cumulative,24,FAIL,0,0,0,1
s24-N10000-b2048-t128,24,10000,2048,128,100,F4m,0.0,V1,cumulative,24,FAIL,0,0,0,1
s24-N10000-b2048-t128,24,10000,2048,128,0,F4m,0.0,V2minus,cumulative,24,FAIL,0,0,0,1
s24-N10000-b2048-t128,24,10000,2048,128,0,F4m,0.0,V2,cumulative,24,FAIL,0,0,0,1
s24-N10000-b2048-t128,24,10000,2048,128,0,F4m,0.0,V3,cumulative,24,FAIL,0,0,0,1
s24-N10000-b2048-t128,24,10000,2048,128,0,F5,0.0,V0,cumulative,24,PASS,0,0,1,0
s24-N10000-b2048-t128,24,10000,2048,128,100,F5,0.0,V1,cumulative,24,PASS,0,0,1,0
s24-N10000-b2048-t128,24,10000,2048,128,0,F5,0.0,V2minus,cumulative,24,FAIL,1,0,0,1
s24-N10000-b2048-t128,24,10000,2048,128,0,F5,0.0,V2,cumulative,24,FAIL,1,0,0,1
s24-N10000-b2048-t128,24,10000,2048,128,0,F5,0.0,V3,cumulative,24,FAIL,1,0,0,1
s24-N10000-b2048-t128,24,10000,2048,128,0,F5,0.05,V0,cumulative,24,PASS,0,0,500,0
s24-N10000-b2048-t128,24,10000,2048,128,100,F5,0.05,V1,cumulative,24,PASS,0,0,500,0
s24-N10000-b2048-t128,24,10000,2048,128,0,F5,0.05,V2minus,cumulative,24,FAIL,500,0,0,1
s24-N10000-b2048-t128,24,10000,2048,128,0,F5,0.05,V2,cumulative,24,FAIL,500,0,0,1
s24-N10000-b2048-t128,24,10000,2048,128,0,F5,0.05,V3,cumulative,24,FAIL,500,0,0,1
s24-N10000-b2048-t128,24,10000,2048,128,0,F5b,0.0,V0,cumulative,24,PASS,0,0,1,0
s24-N10000-b2048-t128,24,10000,2048,128,100,F5b,0.0,V1,cumulative,24,PASS,0,0,1,0
s24-N10000-b2048-t128,24,10000,2048,128,0,F5b,0.0,V2minus,cumulative,24,FAIL,1,0,0,1
s24-N10000-b2048-t128,24,10000,2048,128,0,F5b,0.0,V2,cumulative,24,FAIL,1,0,0,1
s24-N10000-b2048-t128,24,10000,2048,128,0,F5b,0.0,V3,cumulative,24,FAIL,1,0,0,1
s24-N10000-b2048-t128,24,10000,2048,128,0,F5c,0.0,V0,cumulative,24,PASS,0,0,2,0
s24-N10000-b2048-t128,24,10000,2048,128,100,F5c,0.0,V1,cumulative,24,PASS,0,0,2,0
s24-N10000-b2048-t128,24,10000,2048,128,0,F5c,0.0,V2minus,cumulative,24,FAIL,2,0,0,1
s24-N10000-b2048-t128,24,10000,2048,128,0,F5c,0.0,V2,cumulative,24,FAIL,2,0,0,1
s24-N10000-b2048-t128,24,10000,2048,128,0,F5c,0.0,V3,cumulative,24,FAIL,2,0,0,1
s24-N10000-b2048-t128,24,10000,2048,128,0,F6,0.0,V0,cumulative,24,INCOMPLETE,0,0,0,1
s24-N10000-b2048-t128,24,10000,2048,128,100,F6,0.0,V1,cumulative,24,INCOMPLETE,0,0,0,1
s24-N10000-b2048-t128,24,10000,2048,128,0,F6,0.0,V2minus,cumulative,24,INCOMPLETE,0,0,0,1
s24-N10000-b2048-t128,24,10000,2048,128,0,F6,0.0,V2,cumulative,24,INCOMPLETE,0,0,0,1
s24-N10000-b2048-t128,24,10000,2048,128,0,F6,0.0,V3,cumulative,24,INCOMPLETE,0,0,0,1
s24-N10000-b2048-t128,24,10000,2048,128,0,F7,0.0,V2minus,cumulative,24,UNRUNNABLE,0,0,1,0
s24-N10000-b2048-t128,24,10000,2048,128,0,F7,0.0,V2,cumulative,24,FAIL,1,0,0,1
s25-N10000-b2048-t128,25,10000,2048,128,0,F0,0.0,V0,cumulative,25,PASS,0,0,0,0
s25-N10000-b2048-t128,25,10000,2048,128,100,F0,0.0,V1,cumulative,25,PASS,0,0,0,0
s25-N10000-b2048-t128,25,10000,2048,128,0,F0,0.0,V2minus,cumulative,25,PASS,0,0,0,0
s25-N10000-b2048-t128,25,10000,2048,128,0,F0,0.0,V2,cumulative,25,PASS,0,0,0,0
s25-N10000-b2048-t128,25,10000,2048,128,0,F0,0.0,V3,cumulative,25,PASS,0,0,0,0
s25-N10000-b2048-t128,25,10000,2048,128,0,F1a,0.0,V0,cumulative,25,FAIL,1,0,0,1
s25-N10000-b2048-t128,25,10000,2048,128,100,F1a,0.0,V1,cumulative,25,FAIL,1,0,0,1
s25-N10000-b2048-t128,25,10000,2048,128,0,F1a,0.0,V2minus,cumulative,25,FAIL,1,0,0,1
s25-N10000-b2048-t128,25,10000,2048,128,0,F1a,0.0,V2,cumulative,25,FAIL,1,0,0,1
s25-N10000-b2048-t128,25,10000,2048,128,0,F1a,0.0,V3,cumulative,25,FAIL,1,0,0,1
s25-N10000-b2048-t128,25,10000,2048,128,0,F1b,0.0,V0,cumulative,25,FAIL,1,0,0,1
s25-N10000-b2048-t128,25,10000,2048,128,100,F1b,0.0,V1,cumulative,25,FAIL,1,0,0,1
s25-N10000-b2048-t128,25,10000,2048,128,0,F1b,0.0,V2minus,cumulative,25,FAIL,1,0,0,1
s25-N10000-b2048-t128,25,10000,2048,128,0,F1b,0.0,V2,cumulative,25,FAIL,1,0,0,1
s25-N10000-b2048-t128,25,10000,2048,128,0,F1b,0.0,V3,cumulative,25,FAIL,1,0,0,1
s25-N10000-b2048-t128,25,10000,2048,128,0,F2,0.0,V0,cumulative,25,FAIL,1,0,0,1
s25-N10000-b2048-t128,25,10000,2048,128,100,F2,0.0,V1,cumulative,25,FAIL,1,0,0,1
s25-N10000-b2048-t128,25,10000,2048,128,0,F2,0.0,V2minus,cumulative,25,FAIL,1,0,0,1
s25-N10000-b2048-t128,25,10000,2048,128,0,F2,0.0,V2,cumulative,25,FAIL,1,0,0,1
s25-N10000-b2048-t128,25,10000,2048,128,0,F2,0.0,V3,cumulative,25,FAIL,1,0,0,1
s25-N10000-b2048-t128,25,10000,2048,128,0,F3,0.0,V0,cumulative,25,FAIL,1,0,0,1
s25-N10000-b2048-t128,25,10000,2048,128,100,F3,0.0,V1,cumulative,25,FAIL,1,0,0,1
s25-N10000-b2048-t128,25,10000,2048,128,0,F3,0.0,V2minus,cumulative,25,FAIL,1,0,0,1
s25-N10000-b2048-t128,25,10000,2048,128,0,F3,0.0,V2,cumulative,25,FAIL,1,0,0,1
s25-N10000-b2048-t128,25,10000,2048,128,0,F3,0.0,V3,cumulative,25,FAIL,1,0,0,1
s25-N10000-b2048-t128,25,10000,2048,128,0,F4r,0.0,V0,cumulative,25,FAIL,1,0,0,1
s25-N10000-b2048-t128,25,10000,2048,128,100,F4r,0.0,V1,cumulative,25,FAIL,1,0,0,1
s25-N10000-b2048-t128,25,10000,2048,128,0,F4r,0.0,V2minus,cumulative,25,FAIL,1,0,0,1
s25-N10000-b2048-t128,25,10000,2048,128,0,F4r,0.0,V2,cumulative,25,FAIL,1,0,0,1
s25-N10000-b2048-t128,25,10000,2048,128,0,F4r,0.0,V3,cumulative,25,FAIL,1,0,0,1
s25-N10000-b2048-t128,25,10000,2048,128,0,F4m,0.0,V0,cumulative,25,FAIL,0,0,0,1
s25-N10000-b2048-t128,25,10000,2048,128,100,F4m,0.0,V1,cumulative,25,FAIL,0,0,0,1
s25-N10000-b2048-t128,25,10000,2048,128,0,F4m,0.0,V2minus,cumulative,25,FAIL,0,0,0,1
s25-N10000-b2048-t128,25,10000,2048,128,0,F4m,0.0,V2,cumulative,25,FAIL,0,0,0,1
s25-N10000-b2048-t128,25,10000,2048,128,0,F4m,0.0,V3,cumulative,25,FAIL,0,0,0,1
s25-N10000-b2048-t128,25,10000,2048,128,0,F5,0.0,V0,cumulative,25,PASS,0,0,1,0
s25-N10000-b2048-t128,25,10000,2048,128,100,F5,0.0,V1,cumulative,25,PASS,0,0,1,0
s25-N10000-b2048-t128,25,10000,2048,128,0,F5,0.0,V2minus,cumulative,25,FAIL,1,0,0,1
s25-N10000-b2048-t128,25,10000,2048,128,0,F5,0.0,V2,cumulative,25,FAIL,1,0,0,1
s25-N10000-b2048-t128,25,10000,2048,128,0,F5,0.0,V3,cumulative,25,FAIL,1,0,0,1
s25-N10000-b2048-t128,25,10000,2048,128,0,F5,0.05,V0,cumulative,25,PASS,0,0,500,0
s25-N10000-b2048-t128,25,10000,2048,128,100,F5,0.05,V1,cumulative,25,PASS,0,0,500,0
s25-N10000-b2048-t128,25,10000,2048,128,0,F5,0.05,V2minus,cumulative,25,FAIL,500,0,0,1
s25-N10000-b2048-t128,25,10000,2048,128,0,F5,0.05,V2,cumulative,25,FAIL,500,0,0,1
s25-N10000-b2048-t128,25,10000,2048,128,0,F5,0.05,V3,cumulative,25,FAIL,500,0,0,1
s25-N10000-b2048-t128,25,10000,2048,128,0,F5b,0.0,V0,cumulative,25,PASS,0,0,1,0
s25-N10000-b2048-t128,25,10000,2048,128,100,F5b,0.0,V1,cumulative,25,PASS,0,0,1,0
s25-N10000-b2048-t128,25,10000,2048,128,0,F5b,0.0,V2minus,cumulative,25,FAIL,1,0,0,1
s25-N10000-b2048-t128,25,10000,2048,128,0,F5b,0.0,V2,cumulative,25,FAIL,1,0,0,1
s25-N10000-b2048-t128,25,10000,2048,128,0,F5b,0.0,V3,cumulative,25,FAIL,1,0,0,1
s25-N10000-b2048-t128,25,10000,2048,128,0,F5c,0.0,V0,cumulative,25,PASS,0,0,2,0
s25-N10000-b2048-t128,25,10000,2048,128,100,F5c,0.0,V1,cumulative,25,PASS,0,0,2,0
s25-N10000-b2048-t128,25,10000,2048,128,0,F5c,0.0,V2minus,cumulative,25,FAIL,2,0,0,1
s25-N10000-b2048-t128,25,10000,2048,128,0,F5c,0.0,V2,cumulative,25,FAIL,2,0,0,1
s25-N10000-b2048-t128,25,10000,2048,128,0,F5c,0.0,V3,cumulative,25,FAIL,2,0,0,1
s25-N10000-b2048-t128,25,10000,2048,128,0,F6,0.0,V0,cumulative,25,INCOMPLETE,0,0,0,1
s25-N10000-b2048-t128,25,10000,2048,128,100,F6,0.0,V1,cumulative,25,INCOMPLETE,0,0,0,1
s25-N10000-b2048-t128,25,10000,2048,128,0,F6,0.0,V2minus,cumulative,25,INCOMPLETE,0,0,0,1
s25-N10000-b2048-t128,25,10000,2048,128,0,F6,0.0,V2,cumulative,25,INCOMPLETE,0,0,0,1
s25-N10000-b2048-t128,25,10000,2048,128,0,F6,0.0,V3,cumulative,25,INCOMPLETE,0,0,0,1
s25-N10000-b2048-t128,25,10000,2048,128,0,F7,0.0,V2minus,cumulative,25,UNRUNNABLE,0,0,1,0
s25-N10000-b2048-t128,25,10000,2048,128,0,F7,0.0,V2,cumulative,25,FAIL,1,0,0,1
s26-N10000-b2048-t128,26,10000,2048,128,0,F0,0.0,V0,cumulative,26,PASS,0,0,0,0
s26-N10000-b2048-t128,26,10000,2048,128,100,F0,0.0,V1,cumulative,26,PASS,0,0,0,0
s26-N10000-b2048-t128,26,10000,2048,128,0,F0,0.0,V2minus,cumulative,26,PASS,0,0,0,0
s26-N10000-b2048-t128,26,10000,2048,128,0,F0,0.0,V2,cumulative,26,PASS,0,0,0,0
s26-N10000-b2048-t128,26,10000,2048,128,0,F0,0.0,V3,cumulative,26,PASS,0,0,0,0
s26-N10000-b2048-t128,26,10000,2048,128,0,F1a,0.0,V0,cumulative,26,FAIL,1,0,0,1
s26-N10000-b2048-t128,26,10000,2048,128,100,F1a,0.0,V1,cumulative,26,FAIL,1,0,0,1
s26-N10000-b2048-t128,26,10000,2048,128,0,F1a,0.0,V2minus,cumulative,26,FAIL,1,0,0,1
s26-N10000-b2048-t128,26,10000,2048,128,0,F1a,0.0,V2,cumulative,26,FAIL,1,0,0,1
s26-N10000-b2048-t128,26,10000,2048,128,0,F1a,0.0,V3,cumulative,26,FAIL,1,0,0,1
s26-N10000-b2048-t128,26,10000,2048,128,0,F1b,0.0,V0,cumulative,26,FAIL,1,0,0,1
s26-N10000-b2048-t128,26,10000,2048,128,100,F1b,0.0,V1,cumulative,26,FAIL,1,0,0,1
s26-N10000-b2048-t128,26,10000,2048,128,0,F1b,0.0,V2minus,cumulative,26,FAIL,1,0,0,1
s26-N10000-b2048-t128,26,10000,2048,128,0,F1b,0.0,V2,cumulative,26,FAIL,1,0,0,1
s26-N10000-b2048-t128,26,10000,2048,128,0,F1b,0.0,V3,cumulative,26,FAIL,1,0,0,1
s26-N10000-b2048-t128,26,10000,2048,128,0,F2,0.0,V0,cumulative,26,FAIL,1,0,0,1
s26-N10000-b2048-t128,26,10000,2048,128,100,F2,0.0,V1,cumulative,26,FAIL,1,0,0,1
s26-N10000-b2048-t128,26,10000,2048,128,0,F2,0.0,V2minus,cumulative,26,FAIL,1,0,0,1
s26-N10000-b2048-t128,26,10000,2048,128,0,F2,0.0,V2,cumulative,26,FAIL,1,0,0,1
s26-N10000-b2048-t128,26,10000,2048,128,0,F2,0.0,V3,cumulative,26,FAIL,1,0,0,1
s26-N10000-b2048-t128,26,10000,2048,128,0,F3,0.0,V0,cumulative,26,FAIL,1,0,0,1
s26-N10000-b2048-t128,26,10000,2048,128,100,F3,0.0,V1,cumulative,26,FAIL,1,0,0,1
s26-N10000-b2048-t128,26,10000,2048,128,0,F3,0.0,V2minus,cumulative,26,FAIL,1,0,0,1
s26-N10000-b2048-t128,26,10000,2048,128,0,F3,0.0,V2,cumulative,26,FAIL,1,0,0,1
s26-N10000-b2048-t128,26,10000,2048,128,0,F3,0.0,V3,cumulative,26,FAIL,1,0,0,1
s26-N10000-b2048-t128,26,10000,2048,128,0,F4r,0.0,V0,cumulative,26,FAIL,1,1,0,1
s26-N10000-b2048-t128,26,10000,2048,128,100,F4r,0.0,V1,cumulative,26,FAIL,1,1,0,1
s26-N10000-b2048-t128,26,10000,2048,128,0,F4r,0.0,V2minus,cumulative,26,FAIL,1,1,0,1
s26-N10000-b2048-t128,26,10000,2048,128,0,F4r,0.0,V2,cumulative,26,FAIL,1,1,0,1
s26-N10000-b2048-t128,26,10000,2048,128,0,F4r,0.0,V3,cumulative,26,FAIL,1,1,0,1
s26-N10000-b2048-t128,26,10000,2048,128,0,F4m,0.0,V0,cumulative,26,FAIL,0,0,0,1
s26-N10000-b2048-t128,26,10000,2048,128,100,F4m,0.0,V1,cumulative,26,FAIL,0,0,0,1
s26-N10000-b2048-t128,26,10000,2048,128,0,F4m,0.0,V2minus,cumulative,26,FAIL,0,0,0,1
s26-N10000-b2048-t128,26,10000,2048,128,0,F4m,0.0,V2,cumulative,26,FAIL,0,0,0,1
s26-N10000-b2048-t128,26,10000,2048,128,0,F4m,0.0,V3,cumulative,26,FAIL,0,0,0,1
s26-N10000-b2048-t128,26,10000,2048,128,0,F5,0.0,V0,cumulative,26,PASS,0,0,1,0
s26-N10000-b2048-t128,26,10000,2048,128,100,F5,0.0,V1,cumulative,26,PASS,0,0,1,0
s26-N10000-b2048-t128,26,10000,2048,128,0,F5,0.0,V2minus,cumulative,26,FAIL,1,0,0,1
s26-N10000-b2048-t128,26,10000,2048,128,0,F5,0.0,V2,cumulative,26,FAIL,1,0,0,1
s26-N10000-b2048-t128,26,10000,2048,128,0,F5,0.0,V3,cumulative,26,FAIL,1,0,0,1
s26-N10000-b2048-t128,26,10000,2048,128,0,F5,0.05,V0,cumulative,26,PASS,0,0,500,0
s26-N10000-b2048-t128,26,10000,2048,128,100,F5,0.05,V1,cumulative,26,PASS,0,0,500,0
s26-N10000-b2048-t128,26,10000,2048,128,0,F5,0.05,V2minus,cumulative,26,FAIL,500,0,0,1
s26-N10000-b2048-t128,26,10000,2048,128,0,F5,0.05,V2,cumulative,26,FAIL,500,0,0,1
s26-N10000-b2048-t128,26,10000,2048,128,0,F5,0.05,V3,cumulative,26,FAIL,500,0,0,1
s26-N10000-b2048-t128,26,10000,2048,128,0,F5b,0.0,V0,cumulative,26,PASS,0,0,1,0
s26-N10000-b2048-t128,26,10000,2048,128,100,F5b,0.0,V1,cumulative,26,PASS,0,0,1,0
s26-N10000-b2048-t128,26,10000,2048,128,0,F5b,0.0,V2minus,cumulative,26,FAIL,1,0,0,1
s26-N10000-b2048-t128,26,10000,2048,128,0,F5b,0.0,V2,cumulative,26,FAIL,1,0,0,1
s26-N10000-b2048-t128,26,10000,2048,128,0,F5b,0.0,V3,cumulative,26,FAIL,1,0,0,1
s26-N10000-b2048-t128,26,10000,2048,128,0,F5c,0.0,V0,cumulative,26,PASS,0,0,2,0
s26-N10000-b2048-t128,26,10000,2048,128,100,F5c,0.0,V1,cumulative,26,PASS,0,0,2,0
s26-N10000-b2048-t128,26,10000,2048,128,0,F5c,0.0,V2minus,cumulative,26,FAIL,2,0,0,1
s26-N10000-b2048-t128,26,10000,2048,128,0,F5c,0.0,V2,cumulative,26,FAIL,2,0,0,1
s26-N10000-b2048-t128,26,10000,2048,128,0,F5c,0.0,V3,cumulative,26,FAIL,2,0,0,1
s26-N10000-b2048-t128,26,10000,2048,128,0,F6,0.0,V0,cumulative,26,INCOMPLETE,0,0,0,1
s26-N10000-b2048-t128,26,10000,2048,128,100,F6,0.0,V1,cumulative,26,INCOMPLETE,0,0,0,1
s26-N10000-b2048-t128,26,10000,2048,128,0,F6,0.0,V2minus,cumulative,26,INCOMPLETE,0,0,0,1
s26-N10000-b2048-t128,26,10000,2048,128,0,F6,0.0,V2,cumulative,26,INCOMPLETE,0,0,0,1
s26-N10000-b2048-t128,26,10000,2048,128,0,F6,0.0,V3,cumulative,26,INCOMPLETE,0,0,0,1
s26-N10000-b2048-t128,26,10000,2048,128,0,F7,0.0,V2minus,cumulative,26,UNRUNNABLE,0,0,1,0
s26-N10000-b2048-t128,26,10000,2048,128,0,F7,0.0,V2,cumulative,26,FAIL,1,0,0,1
s27-N10000-b2048-t128,27,10000,2048,128,0,F0,0.0,V0,cumulative,27,PASS,0,0,0,0
s27-N10000-b2048-t128,27,10000,2048,128,100,F0,0.0,V1,cumulative,27,PASS,0,0,0,0
s27-N10000-b2048-t128,27,10000,2048,128,0,F0,0.0,V2minus,cumulative,27,PASS,0,0,0,0
s27-N10000-b2048-t128,27,10000,2048,128,0,F0,0.0,V2,cumulative,27,PASS,0,0,0,0
s27-N10000-b2048-t128,27,10000,2048,128,0,F0,0.0,V3,cumulative,27,PASS,0,0,0,0
s27-N10000-b2048-t128,27,10000,2048,128,0,F1a,0.0,V0,cumulative,27,FAIL,1,0,0,1
s27-N10000-b2048-t128,27,10000,2048,128,100,F1a,0.0,V1,cumulative,27,FAIL,1,0,0,1
s27-N10000-b2048-t128,27,10000,2048,128,0,F1a,0.0,V2minus,cumulative,27,FAIL,1,0,0,1
s27-N10000-b2048-t128,27,10000,2048,128,0,F1a,0.0,V2,cumulative,27,FAIL,1,0,0,1
s27-N10000-b2048-t128,27,10000,2048,128,0,F1a,0.0,V3,cumulative,27,FAIL,1,0,0,1
s27-N10000-b2048-t128,27,10000,2048,128,0,F1b,0.0,V0,cumulative,27,FAIL,1,0,0,1
s27-N10000-b2048-t128,27,10000,2048,128,100,F1b,0.0,V1,cumulative,27,FAIL,1,0,0,1
s27-N10000-b2048-t128,27,10000,2048,128,0,F1b,0.0,V2minus,cumulative,27,FAIL,1,0,0,1
s27-N10000-b2048-t128,27,10000,2048,128,0,F1b,0.0,V2,cumulative,27,FAIL,1,0,0,1
s27-N10000-b2048-t128,27,10000,2048,128,0,F1b,0.0,V3,cumulative,27,FAIL,1,0,0,1
s27-N10000-b2048-t128,27,10000,2048,128,0,F2,0.0,V0,cumulative,27,FAIL,1,0,0,1
s27-N10000-b2048-t128,27,10000,2048,128,100,F2,0.0,V1,cumulative,27,FAIL,1,0,0,1
s27-N10000-b2048-t128,27,10000,2048,128,0,F2,0.0,V2minus,cumulative,27,FAIL,1,0,0,1
s27-N10000-b2048-t128,27,10000,2048,128,0,F2,0.0,V2,cumulative,27,FAIL,1,0,0,1
s27-N10000-b2048-t128,27,10000,2048,128,0,F2,0.0,V3,cumulative,27,FAIL,1,0,0,1
s27-N10000-b2048-t128,27,10000,2048,128,0,F3,0.0,V0,cumulative,27,FAIL,1,0,0,1
s27-N10000-b2048-t128,27,10000,2048,128,100,F3,0.0,V1,cumulative,27,FAIL,1,0,0,1
s27-N10000-b2048-t128,27,10000,2048,128,0,F3,0.0,V2minus,cumulative,27,FAIL,1,0,0,1
s27-N10000-b2048-t128,27,10000,2048,128,0,F3,0.0,V2,cumulative,27,FAIL,1,0,0,1
s27-N10000-b2048-t128,27,10000,2048,128,0,F3,0.0,V3,cumulative,27,FAIL,1,0,0,1
s27-N10000-b2048-t128,27,10000,2048,128,0,F4r,0.0,V0,cumulative,27,FAIL,1,0,0,1
s27-N10000-b2048-t128,27,10000,2048,128,100,F4r,0.0,V1,cumulative,27,FAIL,1,0,0,1
s27-N10000-b2048-t128,27,10000,2048,128,0,F4r,0.0,V2minus,cumulative,27,FAIL,1,0,0,1
s27-N10000-b2048-t128,27,10000,2048,128,0,F4r,0.0,V2,cumulative,27,FAIL,1,0,0,1
s27-N10000-b2048-t128,27,10000,2048,128,0,F4r,0.0,V3,cumulative,27,FAIL,1,0,0,1
s27-N10000-b2048-t128,27,10000,2048,128,0,F4m,0.0,V0,cumulative,27,FAIL,0,0,0,1
s27-N10000-b2048-t128,27,10000,2048,128,100,F4m,0.0,V1,cumulative,27,FAIL,0,0,0,1
s27-N10000-b2048-t128,27,10000,2048,128,0,F4m,0.0,V2minus,cumulative,27,FAIL,0,0,0,1
s27-N10000-b2048-t128,27,10000,2048,128,0,F4m,0.0,V2,cumulative,27,FAIL,0,0,0,1
s27-N10000-b2048-t128,27,10000,2048,128,0,F4m,0.0,V3,cumulative,27,FAIL,0,0,0,1
s27-N10000-b2048-t128,27,10000,2048,128,0,F5,0.0,V0,cumulative,27,PASS,0,0,1,0
s27-N10000-b2048-t128,27,10000,2048,128,100,F5,0.0,V1,cumulative,27,PASS,0,0,1,0
s27-N10000-b2048-t128,27,10000,2048,128,0,F5,0.0,V2minus,cumulative,27,FAIL,1,0,0,1
s27-N10000-b2048-t128,27,10000,2048,128,0,F5,0.0,V2,cumulative,27,FAIL,1,0,0,1
s27-N10000-b2048-t128,27,10000,2048,128,0,F5,0.0,V3,cumulative,27,FAIL,1,0,0,1
s27-N10000-b2048-t128,27,10000,2048,128,0,F5,0.05,V0,cumulative,27,PASS,0,0,500,0
s27-N10000-b2048-t128,27,10000,2048,128,100,F5,0.05,V1,cumulative,27,PASS,0,0,500,0
s27-N10000-b2048-t128,27,10000,2048,128,0,F5,0.05,V2minus,cumulative,27,FAIL,500,0,0,1
s27-N10000-b2048-t128,27,10000,2048,128,0,F5,0.05,V2,cumulative,27,FAIL,500,0,0,1
s27-N10000-b2048-t128,27,10000,2048,128,0,F5,0.05,V3,cumulative,27,FAIL,500,0,0,1
s27-N10000-b2048-t128,27,10000,2048,128,0,F5b,0.0,V0,cumulative,27,PASS,0,0,1,0
s27-N10000-b2048-t128,27,10000,2048,128,100,F5b,0.0,V1,cumulative,27,PASS,0,0,1,0
s27-N10000-b2048-t128,27,10000,2048,128,0,F5b,0.0,V2minus,cumulative,27,FAIL,1,0,0,1
s27-N10000-b2048-t128,27,10000,2048,128,0,F5b,0.0,V2,cumulative,27,FAIL,1,0,0,1
s27-N10000-b2048-t128,27,10000,2048,128,0,F5b,0.0,V3,cumulative,27,FAIL,1,0,0,1
s27-N10000-b2048-t128,27,10000,2048,128,0,F5c,0.0,V0,cumulative,27,PASS,0,0,2,0
s27-N10000-b2048-t128,27,10000,2048,128,100,F5c,0.0,V1,cumulative,27,PASS,0,0,2,0
s27-N10000-b2048-t128,27,10000,2048,128,0,F5c,0.0,V2minus,cumulative,27,FAIL,2,0,0,1
s27-N10000-b2048-t128,27,10000,2048,128,0,F5c,0.0,V2,cumulative,27,FAIL,2,0,0,1
s27-N10000-b2048-t128,27,10000,2048,128,0,F5c,0.0,V3,cumulative,27,FAIL,2,0,0,1
s27-N10000-b2048-t128,27,10000,2048,128,0,F6,0.0,V0,cumulative,27,INCOMPLETE,0,0,0,1
s27-N10000-b2048-t128,27,10000,2048,128,100,F6,0.0,V1,cumulative,27,INCOMPLETE,0,0,0,1
s27-N10000-b2048-t128,27,10000,2048,128,0,F6,0.0,V2minus,cumulative,27,INCOMPLETE,0,0,0,1
s27-N10000-b2048-t128,27,10000,2048,128,0,F6,0.0,V2,cumulative,27,INCOMPLETE,0,0,0,1
s27-N10000-b2048-t128,27,10000,2048,128,0,F6,0.0,V3,cumulative,27,INCOMPLETE,0,0,0,1
s27-N10000-b2048-t128,27,10000,2048,128,0,F7,0.0,V2minus,cumulative,27,UNRUNNABLE,0,0,1,0
s27-N10000-b2048-t128,27,10000,2048,128,0,F7,0.0,V2,cumulative,27,FAIL,1,0,0,1
s28-N10000-b2048-t128,28,10000,2048,128,0,F0,0.0,V0,cumulative,28,PASS,0,0,0,0
s28-N10000-b2048-t128,28,10000,2048,128,100,F0,0.0,V1,cumulative,28,PASS,0,0,0,0
s28-N10000-b2048-t128,28,10000,2048,128,0,F0,0.0,V2minus,cumulative,28,PASS,0,0,0,0
s28-N10000-b2048-t128,28,10000,2048,128,0,F0,0.0,V2,cumulative,28,PASS,0,0,0,0
s28-N10000-b2048-t128,28,10000,2048,128,0,F0,0.0,V3,cumulative,28,PASS,0,0,0,0
s28-N10000-b2048-t128,28,10000,2048,128,0,F1a,0.0,V0,cumulative,28,FAIL,1,0,0,1
s28-N10000-b2048-t128,28,10000,2048,128,100,F1a,0.0,V1,cumulative,28,FAIL,1,0,0,1
s28-N10000-b2048-t128,28,10000,2048,128,0,F1a,0.0,V2minus,cumulative,28,FAIL,1,0,0,1
s28-N10000-b2048-t128,28,10000,2048,128,0,F1a,0.0,V2,cumulative,28,FAIL,1,0,0,1
s28-N10000-b2048-t128,28,10000,2048,128,0,F1a,0.0,V3,cumulative,28,FAIL,1,0,0,1
s28-N10000-b2048-t128,28,10000,2048,128,0,F1b,0.0,V0,cumulative,28,FAIL,1,0,0,1
s28-N10000-b2048-t128,28,10000,2048,128,100,F1b,0.0,V1,cumulative,28,FAIL,1,0,0,1
s28-N10000-b2048-t128,28,10000,2048,128,0,F1b,0.0,V2minus,cumulative,28,FAIL,1,0,0,1
s28-N10000-b2048-t128,28,10000,2048,128,0,F1b,0.0,V2,cumulative,28,FAIL,1,0,0,1
s28-N10000-b2048-t128,28,10000,2048,128,0,F1b,0.0,V3,cumulative,28,FAIL,1,0,0,1
s28-N10000-b2048-t128,28,10000,2048,128,0,F2,0.0,V0,cumulative,28,FAIL,1,0,0,1
s28-N10000-b2048-t128,28,10000,2048,128,100,F2,0.0,V1,cumulative,28,FAIL,1,0,0,1
s28-N10000-b2048-t128,28,10000,2048,128,0,F2,0.0,V2minus,cumulative,28,FAIL,1,0,0,1
s28-N10000-b2048-t128,28,10000,2048,128,0,F2,0.0,V2,cumulative,28,FAIL,1,0,0,1
s28-N10000-b2048-t128,28,10000,2048,128,0,F2,0.0,V3,cumulative,28,FAIL,1,0,0,1
s28-N10000-b2048-t128,28,10000,2048,128,0,F3,0.0,V0,cumulative,28,FAIL,1,0,0,1
s28-N10000-b2048-t128,28,10000,2048,128,100,F3,0.0,V1,cumulative,28,FAIL,1,0,0,1
s28-N10000-b2048-t128,28,10000,2048,128,0,F3,0.0,V2minus,cumulative,28,FAIL,1,0,0,1
s28-N10000-b2048-t128,28,10000,2048,128,0,F3,0.0,V2,cumulative,28,FAIL,1,0,0,1
s28-N10000-b2048-t128,28,10000,2048,128,0,F3,0.0,V3,cumulative,28,FAIL,1,0,0,1
s28-N10000-b2048-t128,28,10000,2048,128,0,F4r,0.0,V0,cumulative,28,FAIL,1,1,0,1
s28-N10000-b2048-t128,28,10000,2048,128,100,F4r,0.0,V1,cumulative,28,FAIL,1,1,0,1
s28-N10000-b2048-t128,28,10000,2048,128,0,F4r,0.0,V2minus,cumulative,28,FAIL,1,1,0,1
s28-N10000-b2048-t128,28,10000,2048,128,0,F4r,0.0,V2,cumulative,28,FAIL,1,1,0,1
s28-N10000-b2048-t128,28,10000,2048,128,0,F4r,0.0,V3,cumulative,28,FAIL,1,1,0,1
s28-N10000-b2048-t128,28,10000,2048,128,0,F4m,0.0,V0,cumulative,28,FAIL,0,0,0,1
s28-N10000-b2048-t128,28,10000,2048,128,100,F4m,0.0,V1,cumulative,28,FAIL,0,0,0,1
s28-N10000-b2048-t128,28,10000,2048,128,0,F4m,0.0,V2minus,cumulative,28,FAIL,0,0,0,1
s28-N10000-b2048-t128,28,10000,2048,128,0,F4m,0.0,V2,cumulative,28,FAIL,0,0,0,1
s28-N10000-b2048-t128,28,10000,2048,128,0,F4m,0.0,V3,cumulative,28,FAIL,0,0,0,1
s28-N10000-b2048-t128,28,10000,2048,128,0,F5,0.0,V0,cumulative,28,PASS,0,0,1,0
s28-N10000-b2048-t128,28,10000,2048,128,100,F5,0.0,V1,cumulative,28,PASS,0,0,1,0
s28-N10000-b2048-t128,28,10000,2048,128,0,F5,0.0,V2minus,cumulative,28,FAIL,1,0,0,1
s28-N10000-b2048-t128,28,10000,2048,128,0,F5,0.0,V2,cumulative,28,FAIL,1,0,0,1
s28-N10000-b2048-t128,28,10000,2048,128,0,F5,0.0,V3,cumulative,28,FAIL,1,0,0,1
s28-N10000-b2048-t128,28,10000,2048,128,0,F5,0.05,V0,cumulative,28,PASS,0,0,500,0
s28-N10000-b2048-t128,28,10000,2048,128,100,F5,0.05,V1,cumulative,28,PASS,0,0,500,0
s28-N10000-b2048-t128,28,10000,2048,128,0,F5,0.05,V2minus,cumulative,28,FAIL,500,0,0,1
s28-N10000-b2048-t128,28,10000,2048,128,0,F5,0.05,V2,cumulative,28,FAIL,500,0,0,1
s28-N10000-b2048-t128,28,10000,2048,128,0,F5,0.05,V3,cumulative,28,FAIL,500,0,0,1
s28-N10000-b2048-t128,28,10000,2048,128,0,F5b,0.0,V0,cumulative,28,PASS,0,0,1,0
s28-N10000-b2048-t128,28,10000,2048,128,100,F5b,0.0,V1,cumulative,28,PASS,0,0,1,0
s28-N10000-b2048-t128,28,10000,2048,128,0,F5b,0.0,V2minus,cumulative,28,FAIL,1,0,0,1
s28-N10000-b2048-t128,28,10000,2048,128,0,F5b,0.0,V2,cumulative,28,FAIL,1,0,0,1
s28-N10000-b2048-t128,28,10000,2048,128,0,F5b,0.0,V3,cumulative,28,FAIL,1,0,0,1
s28-N10000-b2048-t128,28,10000,2048,128,0,F5c,0.0,V0,cumulative,28,PASS,0,0,2,0
s28-N10000-b2048-t128,28,10000,2048,128,100,F5c,0.0,V1,cumulative,28,PASS,0,0,2,0
s28-N10000-b2048-t128,28,10000,2048,128,0,F5c,0.0,V2minus,cumulative,28,FAIL,2,0,0,1
s28-N10000-b2048-t128,28,10000,2048,128,0,F5c,0.0,V2,cumulative,28,FAIL,2,0,0,1
s28-N10000-b2048-t128,28,10000,2048,128,0,F5c,0.0,V3,cumulative,28,FAIL,2,0,0,1
s28-N10000-b2048-t128,28,10000,2048,128,0,F6,0.0,V0,cumulative,28,INCOMPLETE,0,0,0,1
s28-N10000-b2048-t128,28,10000,2048,128,100,F6,0.0,V1,cumulative,28,INCOMPLETE,0,0,0,1
s28-N10000-b2048-t128,28,10000,2048,128,0,F6,0.0,V2minus,cumulative,28,INCOMPLETE,0,0,0,1
s28-N10000-b2048-t128,28,10000,2048,128,0,F6,0.0,V2,cumulative,28,INCOMPLETE,0,0,0,1
s28-N10000-b2048-t128,28,10000,2048,128,0,F6,0.0,V3,cumulative,28,INCOMPLETE,0,0,0,1
s28-N10000-b2048-t128,28,10000,2048,128,0,F7,0.0,V2minus,cumulative,28,UNRUNNABLE,0,0,1,0
s28-N10000-b2048-t128,28,10000,2048,128,0,F7,0.0,V2,cumulative,28,FAIL,1,0,0,1
s29-N10000-b2048-t128,29,10000,2048,128,0,F0,0.0,V0,cumulative,29,PASS,0,0,0,0
s29-N10000-b2048-t128,29,10000,2048,128,100,F0,0.0,V1,cumulative,29,PASS,0,0,0,0
s29-N10000-b2048-t128,29,10000,2048,128,0,F0,0.0,V2minus,cumulative,29,PASS,0,0,0,0
s29-N10000-b2048-t128,29,10000,2048,128,0,F0,0.0,V2,cumulative,29,PASS,0,0,0,0
s29-N10000-b2048-t128,29,10000,2048,128,0,F0,0.0,V3,cumulative,29,PASS,0,0,0,0
s29-N10000-b2048-t128,29,10000,2048,128,0,F1a,0.0,V0,cumulative,29,FAIL,1,0,0,1
s29-N10000-b2048-t128,29,10000,2048,128,100,F1a,0.0,V1,cumulative,29,FAIL,1,0,0,1
s29-N10000-b2048-t128,29,10000,2048,128,0,F1a,0.0,V2minus,cumulative,29,FAIL,1,0,0,1
s29-N10000-b2048-t128,29,10000,2048,128,0,F1a,0.0,V2,cumulative,29,FAIL,1,0,0,1
s29-N10000-b2048-t128,29,10000,2048,128,0,F1a,0.0,V3,cumulative,29,FAIL,1,0,0,1
s29-N10000-b2048-t128,29,10000,2048,128,0,F1b,0.0,V0,cumulative,29,FAIL,1,0,0,1
s29-N10000-b2048-t128,29,10000,2048,128,100,F1b,0.0,V1,cumulative,29,FAIL,1,0,0,1
s29-N10000-b2048-t128,29,10000,2048,128,0,F1b,0.0,V2minus,cumulative,29,FAIL,1,0,0,1
s29-N10000-b2048-t128,29,10000,2048,128,0,F1b,0.0,V2,cumulative,29,FAIL,1,0,0,1
s29-N10000-b2048-t128,29,10000,2048,128,0,F1b,0.0,V3,cumulative,29,FAIL,1,0,0,1
s29-N10000-b2048-t128,29,10000,2048,128,0,F2,0.0,V0,cumulative,29,FAIL,1,0,0,1
s29-N10000-b2048-t128,29,10000,2048,128,100,F2,0.0,V1,cumulative,29,FAIL,1,0,0,1
s29-N10000-b2048-t128,29,10000,2048,128,0,F2,0.0,V2minus,cumulative,29,FAIL,1,0,0,1
s29-N10000-b2048-t128,29,10000,2048,128,0,F2,0.0,V2,cumulative,29,FAIL,1,0,0,1
s29-N10000-b2048-t128,29,10000,2048,128,0,F2,0.0,V3,cumulative,29,FAIL,1,0,0,1
s29-N10000-b2048-t128,29,10000,2048,128,0,F3,0.0,V0,cumulative,29,FAIL,1,0,0,1
s29-N10000-b2048-t128,29,10000,2048,128,100,F3,0.0,V1,cumulative,29,FAIL,1,0,0,1
s29-N10000-b2048-t128,29,10000,2048,128,0,F3,0.0,V2minus,cumulative,29,FAIL,1,0,0,1
s29-N10000-b2048-t128,29,10000,2048,128,0,F3,0.0,V2,cumulative,29,FAIL,1,0,0,1
s29-N10000-b2048-t128,29,10000,2048,128,0,F3,0.0,V3,cumulative,29,FAIL,1,0,0,1
s29-N10000-b2048-t128,29,10000,2048,128,0,F4r,0.0,V0,cumulative,29,FAIL,1,0,0,1
s29-N10000-b2048-t128,29,10000,2048,128,100,F4r,0.0,V1,cumulative,29,FAIL,1,0,0,1
s29-N10000-b2048-t128,29,10000,2048,128,0,F4r,0.0,V2minus,cumulative,29,FAIL,1,0,0,1
s29-N10000-b2048-t128,29,10000,2048,128,0,F4r,0.0,V2,cumulative,29,FAIL,1,0,0,1
s29-N10000-b2048-t128,29,10000,2048,128,0,F4r,0.0,V3,cumulative,29,FAIL,1,0,0,1
s29-N10000-b2048-t128,29,10000,2048,128,0,F4m,0.0,V0,cumulative,29,FAIL,0,0,0,1
s29-N10000-b2048-t128,29,10000,2048,128,100,F4m,0.0,V1,cumulative,29,FAIL,0,0,0,1
s29-N10000-b2048-t128,29,10000,2048,128,0,F4m,0.0,V2minus,cumulative,29,FAIL,0,0,0,1
s29-N10000-b2048-t128,29,10000,2048,128,0,F4m,0.0,V2,cumulative,29,FAIL,0,0,0,1
s29-N10000-b2048-t128,29,10000,2048,128,0,F4m,0.0,V3,cumulative,29,FAIL,0,0,0,1
s29-N10000-b2048-t128,29,10000,2048,128,0,F5,0.0,V0,cumulative,29,PASS,0,0,1,0
s29-N10000-b2048-t128,29,10000,2048,128,100,F5,0.0,V1,cumulative,29,PASS,0,0,1,0
s29-N10000-b2048-t128,29,10000,2048,128,0,F5,0.0,V2minus,cumulative,29,FAIL,1,0,0,1
s29-N10000-b2048-t128,29,10000,2048,128,0,F5,0.0,V2,cumulative,29,FAIL,1,0,0,1
s29-N10000-b2048-t128,29,10000,2048,128,0,F5,0.0,V3,cumulative,29,FAIL,1,0,0,1
s29-N10000-b2048-t128,29,10000,2048,128,0,F5,0.05,V0,cumulative,29,PASS,0,0,500,0
s29-N10000-b2048-t128,29,10000,2048,128,100,F5,0.05,V1,cumulative,29,PASS,0,0,500,0
s29-N10000-b2048-t128,29,10000,2048,128,0,F5,0.05,V2minus,cumulative,29,FAIL,500,0,0,1
s29-N10000-b2048-t128,29,10000,2048,128,0,F5,0.05,V2,cumulative,29,FAIL,500,0,0,1
s29-N10000-b2048-t128,29,10000,2048,128,0,F5,0.05,V3,cumulative,29,FAIL,500,0,0,1
s29-N10000-b2048-t128,29,10000,2048,128,0,F5b,0.0,V0,cumulative,29,PASS,0,0,1,0
s29-N10000-b2048-t128,29,10000,2048,128,100,F5b,0.0,V1,cumulative,29,PASS,0,0,1,0
s29-N10000-b2048-t128,29,10000,2048,128,0,F5b,0.0,V2minus,cumulative,29,FAIL,1,0,0,1
s29-N10000-b2048-t128,29,10000,2048,128,0,F5b,0.0,V2,cumulative,29,FAIL,1,0,0,1
s29-N10000-b2048-t128,29,10000,2048,128,0,F5b,0.0,V3,cumulative,29,FAIL,1,0,0,1
s29-N10000-b2048-t128,29,10000,2048,128,0,F5c,0.0,V0,cumulative,29,PASS,0,0,2,0
s29-N10000-b2048-t128,29,10000,2048,128,100,F5c,0.0,V1,cumulative,29,PASS,0,0,2,0
s29-N10000-b2048-t128,29,10000,2048,128,0,F5c,0.0,V2minus,cumulative,29,FAIL,2,0,0,1
s29-N10000-b2048-t128,29,10000,2048,128,0,F5c,0.0,V2,cumulative,29,FAIL,2,0,0,1
s29-N10000-b2048-t128,29,10000,2048,128,0,F5c,0.0,V3,cumulative,29,FAIL,2,0,0,1
s29-N10000-b2048-t128,29,10000,2048,128,0,F6,0.0,V0,cumulative,29,INCOMPLETE,0,0,0,1
s29-N10000-b2048-t128,29,10000,2048,128,100,F6,0.0,V1,cumulative,29,INCOMPLETE,0,0,0,1
s29-N10000-b2048-t128,29,10000,2048,128,0,F6,0.0,V2minus,cumulative,29,INCOMPLETE,0,0,0,1
s29-N10000-b2048-t128,29,10000,2048,128,0,F6,0.0,V2,cumulative,29,INCOMPLETE,0,0,0,1
s29-N10000-b2048-t128,29,10000,2048,128,0,F6,0.0,V3,cumulative,29,INCOMPLETE,0,0,0,1
s29-N10000-b2048-t128,29,10000,2048,128,0,F7,0.0,V2minus,cumulative,29,UNRUNNABLE,0,0,1,0
s29-N10000-b2048-t128,29,10000,2048,128,0,F7,0.0,V2,cumulative,29,FAIL,1,0,0,1
s30-N10000-b2048-t128,30,10000,2048,128,0,F0,0.0,V0,cumulative,30,PASS,0,0,0,0
s30-N10000-b2048-t128,30,10000,2048,128,100,F0,0.0,V1,cumulative,30,PASS,0,0,0,0
s30-N10000-b2048-t128,30,10000,2048,128,0,F0,0.0,V2minus,cumulative,30,PASS,0,0,0,0
s30-N10000-b2048-t128,30,10000,2048,128,0,F0,0.0,V2,cumulative,30,PASS,0,0,0,0
s30-N10000-b2048-t128,30,10000,2048,128,0,F0,0.0,V3,cumulative,30,PASS,0,0,0,0
s30-N10000-b2048-t128,30,10000,2048,128,0,F1a,0.0,V0,cumulative,30,FAIL,1,0,0,1
s30-N10000-b2048-t128,30,10000,2048,128,100,F1a,0.0,V1,cumulative,30,FAIL,1,0,0,1
s30-N10000-b2048-t128,30,10000,2048,128,0,F1a,0.0,V2minus,cumulative,30,FAIL,1,0,0,1
s30-N10000-b2048-t128,30,10000,2048,128,0,F1a,0.0,V2,cumulative,30,FAIL,1,0,0,1
s30-N10000-b2048-t128,30,10000,2048,128,0,F1a,0.0,V3,cumulative,30,FAIL,1,0,0,1
s30-N10000-b2048-t128,30,10000,2048,128,0,F1b,0.0,V0,cumulative,30,FAIL,1,0,0,1
s30-N10000-b2048-t128,30,10000,2048,128,100,F1b,0.0,V1,cumulative,30,FAIL,1,0,0,1
s30-N10000-b2048-t128,30,10000,2048,128,0,F1b,0.0,V2minus,cumulative,30,FAIL,1,0,0,1
s30-N10000-b2048-t128,30,10000,2048,128,0,F1b,0.0,V2,cumulative,30,FAIL,1,0,0,1
s30-N10000-b2048-t128,30,10000,2048,128,0,F1b,0.0,V3,cumulative,30,FAIL,1,0,0,1
s30-N10000-b2048-t128,30,10000,2048,128,0,F2,0.0,V0,cumulative,30,FAIL,1,0,0,1
s30-N10000-b2048-t128,30,10000,2048,128,100,F2,0.0,V1,cumulative,30,FAIL,1,0,0,1
s30-N10000-b2048-t128,30,10000,2048,128,0,F2,0.0,V2minus,cumulative,30,FAIL,1,0,0,1
s30-N10000-b2048-t128,30,10000,2048,128,0,F2,0.0,V2,cumulative,30,FAIL,1,0,0,1
s30-N10000-b2048-t128,30,10000,2048,128,0,F2,0.0,V3,cumulative,30,FAIL,1,0,0,1
s30-N10000-b2048-t128,30,10000,2048,128,0,F3,0.0,V0,cumulative,30,FAIL,1,0,0,1
s30-N10000-b2048-t128,30,10000,2048,128,100,F3,0.0,V1,cumulative,30,FAIL,1,0,0,1
s30-N10000-b2048-t128,30,10000,2048,128,0,F3,0.0,V2minus,cumulative,30,FAIL,1,0,0,1
s30-N10000-b2048-t128,30,10000,2048,128,0,F3,0.0,V2,cumulative,30,FAIL,1,0,0,1
s30-N10000-b2048-t128,30,10000,2048,128,0,F3,0.0,V3,cumulative,30,FAIL,1,0,0,1
s30-N10000-b2048-t128,30,10000,2048,128,0,F4r,0.0,V0,cumulative,30,FAIL,1,0,0,1
s30-N10000-b2048-t128,30,10000,2048,128,100,F4r,0.0,V1,cumulative,30,FAIL,1,0,0,1
s30-N10000-b2048-t128,30,10000,2048,128,0,F4r,0.0,V2minus,cumulative,30,FAIL,1,0,0,1
s30-N10000-b2048-t128,30,10000,2048,128,0,F4r,0.0,V2,cumulative,30,FAIL,1,0,0,1
s30-N10000-b2048-t128,30,10000,2048,128,0,F4r,0.0,V3,cumulative,30,FAIL,1,0,0,1
s30-N10000-b2048-t128,30,10000,2048,128,0,F4m,0.0,V0,cumulative,30,FAIL,0,0,0,1
s30-N10000-b2048-t128,30,10000,2048,128,100,F4m,0.0,V1,cumulative,30,FAIL,0,0,0,1
s30-N10000-b2048-t128,30,10000,2048,128,0,F4m,0.0,V2minus,cumulative,30,FAIL,0,0,0,1
s30-N10000-b2048-t128,30,10000,2048,128,0,F4m,0.0,V2,cumulative,30,FAIL,0,0,0,1
s30-N10000-b2048-t128,30,10000,2048,128,0,F4m,0.0,V3,cumulative,30,FAIL,0,0,0,1
s30-N10000-b2048-t128,30,10000,2048,128,0,F5,0.0,V0,cumulative,30,PASS,0,0,1,0
s30-N10000-b2048-t128,30,10000,2048,128,100,F5,0.0,V1,cumulative,30,PASS,0,0,1,0
s30-N10000-b2048-t128,30,10000,2048,128,0,F5,0.0,V2minus,cumulative,30,FAIL,1,0,0,1
s30-N10000-b2048-t128,30,10000,2048,128,0,F5,0.0,V2,cumulative,30,FAIL,1,0,0,1
s30-N10000-b2048-t128,30,10000,2048,128,0,F5,0.0,V3,cumulative,30,FAIL,1,0,0,1
s30-N10000-b2048-t128,30,10000,2048,128,0,F5,0.05,V0,cumulative,30,PASS,0,0,500,0
s30-N10000-b2048-t128,30,10000,2048,128,100,F5,0.05,V1,cumulative,30,PASS,0,0,500,0
s30-N10000-b2048-t128,30,10000,2048,128,0,F5,0.05,V2minus,cumulative,30,FAIL,500,0,0,1
s30-N10000-b2048-t128,30,10000,2048,128,0,F5,0.05,V2,cumulative,30,FAIL,500,0,0,1
s30-N10000-b2048-t128,30,10000,2048,128,0,F5,0.05,V3,cumulative,30,FAIL,500,0,0,1
s30-N10000-b2048-t128,30,10000,2048,128,0,F5b,0.0,V0,cumulative,30,PASS,0,0,1,0
s30-N10000-b2048-t128,30,10000,2048,128,100,F5b,0.0,V1,cumulative,30,PASS,0,0,1,0
s30-N10000-b2048-t128,30,10000,2048,128,0,F5b,0.0,V2minus,cumulative,30,FAIL,1,0,0,1
s30-N10000-b2048-t128,30,10000,2048,128,0,F5b,0.0,V2,cumulative,30,FAIL,1,0,0,1
s30-N10000-b2048-t128,30,10000,2048,128,0,F5b,0.0,V3,cumulative,30,FAIL,1,0,0,1
s30-N10000-b2048-t128,30,10000,2048,128,0,F5c,0.0,V0,cumulative,30,PASS,0,0,2,0
s30-N10000-b2048-t128,30,10000,2048,128,100,F5c,0.0,V1,cumulative,30,PASS,0,0,2,0
s30-N10000-b2048-t128,30,10000,2048,128,0,F5c,0.0,V2minus,cumulative,30,FAIL,2,0,0,1
s30-N10000-b2048-t128,30,10000,2048,128,0,F5c,0.0,V2,cumulative,30,FAIL,2,0,0,1
s30-N10000-b2048-t128,30,10000,2048,128,0,F5c,0.0,V3,cumulative,30,FAIL,2,0,0,1
s30-N10000-b2048-t128,30,10000,2048,128,0,F6,0.0,V0,cumulative,30,INCOMPLETE,0,0,0,1
s30-N10000-b2048-t128,30,10000,2048,128,100,F6,0.0,V1,cumulative,30,INCOMPLETE,0,0,0,1
s30-N10000-b2048-t128,30,10000,2048,128,0,F6,0.0,V2minus,cumulative,30,INCOMPLETE,0,0,0,1
s30-N10000-b2048-t128,30,10000,2048,128,0,F6,0.0,V2,cumulative,30,INCOMPLETE,0,0,0,1
s30-N10000-b2048-t128,30,10000,2048,128,0,F6,0.0,V3,cumulative,30,INCOMPLETE,0,0,0,1
s30-N10000-b2048-t128,30,10000,2048,128,0,F7,0.0,V2minus,cumulative,30,UNRUNNABLE,0,0,1,0
s30-N10000-b2048-t128,30,10000,2048,128,0,F7,0.0,V2,cumulative,30,FAIL,1,0,0,1
s31-N10000-b2048-t128,31,10000,2048,128,0,F0,0.0,V0,cumulative,31,PASS,0,0,0,0
s31-N10000-b2048-t128,31,10000,2048,128,100,F0,0.0,V1,cumulative,31,PASS,0,0,0,0
s31-N10000-b2048-t128,31,10000,2048,128,0,F0,0.0,V2minus,cumulative,31,PASS,0,0,0,0
s31-N10000-b2048-t128,31,10000,2048,128,0,F0,0.0,V2,cumulative,31,PASS,0,0,0,0
s31-N10000-b2048-t128,31,10000,2048,128,0,F0,0.0,V3,cumulative,31,PASS,0,0,0,0
s31-N10000-b2048-t128,31,10000,2048,128,0,F1a,0.0,V0,cumulative,31,FAIL,1,0,0,1
s31-N10000-b2048-t128,31,10000,2048,128,100,F1a,0.0,V1,cumulative,31,FAIL,1,0,0,1
s31-N10000-b2048-t128,31,10000,2048,128,0,F1a,0.0,V2minus,cumulative,31,FAIL,1,0,0,1
s31-N10000-b2048-t128,31,10000,2048,128,0,F1a,0.0,V2,cumulative,31,FAIL,1,0,0,1
s31-N10000-b2048-t128,31,10000,2048,128,0,F1a,0.0,V3,cumulative,31,FAIL,1,0,0,1
s31-N10000-b2048-t128,31,10000,2048,128,0,F1b,0.0,V0,cumulative,31,FAIL,1,0,0,1
s31-N10000-b2048-t128,31,10000,2048,128,100,F1b,0.0,V1,cumulative,31,FAIL,1,0,0,1
s31-N10000-b2048-t128,31,10000,2048,128,0,F1b,0.0,V2minus,cumulative,31,FAIL,1,0,0,1
s31-N10000-b2048-t128,31,10000,2048,128,0,F1b,0.0,V2,cumulative,31,FAIL,1,0,0,1
s31-N10000-b2048-t128,31,10000,2048,128,0,F1b,0.0,V3,cumulative,31,FAIL,1,0,0,1
s31-N10000-b2048-t128,31,10000,2048,128,0,F2,0.0,V0,cumulative,31,FAIL,1,0,0,1
s31-N10000-b2048-t128,31,10000,2048,128,100,F2,0.0,V1,cumulative,31,FAIL,1,0,0,1
s31-N10000-b2048-t128,31,10000,2048,128,0,F2,0.0,V2minus,cumulative,31,FAIL,1,0,0,1
s31-N10000-b2048-t128,31,10000,2048,128,0,F2,0.0,V2,cumulative,31,FAIL,1,0,0,1
s31-N10000-b2048-t128,31,10000,2048,128,0,F2,0.0,V3,cumulative,31,FAIL,1,0,0,1
s31-N10000-b2048-t128,31,10000,2048,128,0,F3,0.0,V0,cumulative,31,FAIL,1,0,0,1
s31-N10000-b2048-t128,31,10000,2048,128,100,F3,0.0,V1,cumulative,31,FAIL,1,0,0,1
s31-N10000-b2048-t128,31,10000,2048,128,0,F3,0.0,V2minus,cumulative,31,FAIL,1,0,0,1
s31-N10000-b2048-t128,31,10000,2048,128,0,F3,0.0,V2,cumulative,31,FAIL,1,0,0,1
s31-N10000-b2048-t128,31,10000,2048,128,0,F3,0.0,V3,cumulative,31,FAIL,1,0,0,1
s31-N10000-b2048-t128,31,10000,2048,128,0,F4r,0.0,V0,cumulative,31,FAIL,1,0,0,1
s31-N10000-b2048-t128,31,10000,2048,128,100,F4r,0.0,V1,cumulative,31,FAIL,1,0,0,1
s31-N10000-b2048-t128,31,10000,2048,128,0,F4r,0.0,V2minus,cumulative,31,FAIL,1,0,0,1
s31-N10000-b2048-t128,31,10000,2048,128,0,F4r,0.0,V2,cumulative,31,FAIL,1,0,0,1
s31-N10000-b2048-t128,31,10000,2048,128,0,F4r,0.0,V3,cumulative,31,FAIL,1,0,0,1
s31-N10000-b2048-t128,31,10000,2048,128,0,F4m,0.0,V0,cumulative,31,FAIL,0,0,0,1
s31-N10000-b2048-t128,31,10000,2048,128,100,F4m,0.0,V1,cumulative,31,FAIL,0,0,0,1
s31-N10000-b2048-t128,31,10000,2048,128,0,F4m,0.0,V2minus,cumulative,31,FAIL,0,0,0,1
s31-N10000-b2048-t128,31,10000,2048,128,0,F4m,0.0,V2,cumulative,31,FAIL,0,0,0,1
s31-N10000-b2048-t128,31,10000,2048,128,0,F4m,0.0,V3,cumulative,31,FAIL,0,0,0,1
s31-N10000-b2048-t128,31,10000,2048,128,0,F5,0.0,V0,cumulative,31,PASS,0,0,1,0
s31-N10000-b2048-t128,31,10000,2048,128,100,F5,0.0,V1,cumulative,31,PASS,0,0,1,0
s31-N10000-b2048-t128,31,10000,2048,128,0,F5,0.0,V2minus,cumulative,31,FAIL,1,0,0,1
s31-N10000-b2048-t128,31,10000,2048,128,0,F5,0.0,V2,cumulative,31,FAIL,1,0,0,1
s31-N10000-b2048-t128,31,10000,2048,128,0,F5,0.0,V3,cumulative,31,FAIL,1,0,0,1
s31-N10000-b2048-t128,31,10000,2048,128,0,F5,0.05,V0,cumulative,31,PASS,0,0,500,0
s31-N10000-b2048-t128,31,10000,2048,128,100,F5,0.05,V1,cumulative,31,PASS,0,0,500,0
s31-N10000-b2048-t128,31,10000,2048,128,0,F5,0.05,V2minus,cumulative,31,FAIL,500,0,0,1
s31-N10000-b2048-t128,31,10000,2048,128,0,F5,0.05,V2,cumulative,31,FAIL,500,0,0,1
s31-N10000-b2048-t128,31,10000,2048,128,0,F5,0.05,V3,cumulative,31,FAIL,500,0,0,1
s31-N10000-b2048-t128,31,10000,2048,128,0,F5b,0.0,V0,cumulative,31,PASS,0,0,1,0
s31-N10000-b2048-t128,31,10000,2048,128,100,F5b,0.0,V1,cumulative,31,PASS,0,0,1,0
s31-N10000-b2048-t128,31,10000,2048,128,0,F5b,0.0,V2minus,cumulative,31,FAIL,1,0,0,1
s31-N10000-b2048-t128,31,10000,2048,128,0,F5b,0.0,V2,cumulative,31,FAIL,1,0,0,1
s31-N10000-b2048-t128,31,10000,2048,128,0,F5b,0.0,V3,cumulative,31,FAIL,1,0,0,1
s31-N10000-b2048-t128,31,10000,2048,128,0,F5c,0.0,V0,cumulative,31,PASS,0,0,2,0
s31-N10000-b2048-t128,31,10000,2048,128,100,F5c,0.0,V1,cumulative,31,PASS,0,0,2,0
s31-N10000-b2048-t128,31,10000,2048,128,0,F5c,0.0,V2minus,cumulative,31,FAIL,2,0,0,1
s31-N10000-b2048-t128,31,10000,2048,128,0,F5c,0.0,V2,cumulative,31,FAIL,2,0,0,1
s31-N10000-b2048-t128,31,10000,2048,128,0,F5c,0.0,V3,cumulative,31,FAIL,2,0,0,1
s31-N10000-b2048-t128,31,10000,2048,128,0,F6,0.0,V0,cumulative,31,INCOMPLETE,0,0,0,1
s31-N10000-b2048-t128,31,10000,2048,128,100,F6,0.0,V1,cumulative,31,INCOMPLETE,0,0,0,1
s31-N10000-b2048-t128,31,10000,2048,128,0,F6,0.0,V2minus,cumulative,31,INCOMPLETE,0,0,0,1
s31-N10000-b2048-t128,31,10000,2048,128,0,F6,0.0,V2,cumulative,31,INCOMPLETE,0,0,0,1
s31-N10000-b2048-t128,31,10000,2048,128,0,F6,0.0,V3,cumulative,31,INCOMPLETE,0,0,0,1
s31-N10000-b2048-t128,31,10000,2048,128,0,F7,0.0,V2minus,cumulative,31,UNRUNNABLE,0,0,1,0
s31-N10000-b2048-t128,31,10000,2048,128,0,F7,0.0,V2,cumulative,31,FAIL,1,0,0,1
s32-N10000-b2048-t128,32,10000,2048,128,0,F0,0.0,V0,cumulative,32,PASS,0,0,0,0
s32-N10000-b2048-t128,32,10000,2048,128,100,F0,0.0,V1,cumulative,32,PASS,0,0,0,0
s32-N10000-b2048-t128,32,10000,2048,128,0,F0,0.0,V2minus,cumulative,32,PASS,0,0,0,0
s32-N10000-b2048-t128,32,10000,2048,128,0,F0,0.0,V2,cumulative,32,PASS,0,0,0,0
s32-N10000-b2048-t128,32,10000,2048,128,0,F0,0.0,V3,cumulative,32,PASS,0,0,0,0
s32-N10000-b2048-t128,32,10000,2048,128,0,F1a,0.0,V0,cumulative,32,FAIL,1,0,0,1
s32-N10000-b2048-t128,32,10000,2048,128,100,F1a,0.0,V1,cumulative,32,FAIL,1,0,0,1
s32-N10000-b2048-t128,32,10000,2048,128,0,F1a,0.0,V2minus,cumulative,32,FAIL,1,0,0,1
s32-N10000-b2048-t128,32,10000,2048,128,0,F1a,0.0,V2,cumulative,32,FAIL,1,0,0,1
s32-N10000-b2048-t128,32,10000,2048,128,0,F1a,0.0,V3,cumulative,32,FAIL,1,0,0,1
s32-N10000-b2048-t128,32,10000,2048,128,0,F1b,0.0,V0,cumulative,32,FAIL,1,0,0,1
s32-N10000-b2048-t128,32,10000,2048,128,100,F1b,0.0,V1,cumulative,32,FAIL,1,0,0,1
s32-N10000-b2048-t128,32,10000,2048,128,0,F1b,0.0,V2minus,cumulative,32,FAIL,1,0,0,1
s32-N10000-b2048-t128,32,10000,2048,128,0,F1b,0.0,V2,cumulative,32,FAIL,1,0,0,1
s32-N10000-b2048-t128,32,10000,2048,128,0,F1b,0.0,V3,cumulative,32,FAIL,1,0,0,1
s32-N10000-b2048-t128,32,10000,2048,128,0,F2,0.0,V0,cumulative,32,FAIL,1,0,0,1
s32-N10000-b2048-t128,32,10000,2048,128,100,F2,0.0,V1,cumulative,32,FAIL,1,0,0,1
s32-N10000-b2048-t128,32,10000,2048,128,0,F2,0.0,V2minus,cumulative,32,FAIL,1,0,0,1
s32-N10000-b2048-t128,32,10000,2048,128,0,F2,0.0,V2,cumulative,32,FAIL,1,0,0,1
s32-N10000-b2048-t128,32,10000,2048,128,0,F2,0.0,V3,cumulative,32,FAIL,1,0,0,1
s32-N10000-b2048-t128,32,10000,2048,128,0,F3,0.0,V0,cumulative,32,FAIL,1,0,0,1
s32-N10000-b2048-t128,32,10000,2048,128,100,F3,0.0,V1,cumulative,32,FAIL,1,0,0,1
s32-N10000-b2048-t128,32,10000,2048,128,0,F3,0.0,V2minus,cumulative,32,FAIL,1,0,0,1
s32-N10000-b2048-t128,32,10000,2048,128,0,F3,0.0,V2,cumulative,32,FAIL,1,0,0,1
s32-N10000-b2048-t128,32,10000,2048,128,0,F3,0.0,V3,cumulative,32,FAIL,1,0,0,1
s32-N10000-b2048-t128,32,10000,2048,128,0,F4r,0.0,V0,cumulative,32,FAIL,1,0,0,1
s32-N10000-b2048-t128,32,10000,2048,128,100,F4r,0.0,V1,cumulative,32,FAIL,1,0,0,1
s32-N10000-b2048-t128,32,10000,2048,128,0,F4r,0.0,V2minus,cumulative,32,FAIL,1,0,0,1
s32-N10000-b2048-t128,32,10000,2048,128,0,F4r,0.0,V2,cumulative,32,FAIL,1,0,0,1
s32-N10000-b2048-t128,32,10000,2048,128,0,F4r,0.0,V3,cumulative,32,FAIL,1,0,0,1
s32-N10000-b2048-t128,32,10000,2048,128,0,F4m,0.0,V0,cumulative,32,FAIL,0,0,0,1
s32-N10000-b2048-t128,32,10000,2048,128,100,F4m,0.0,V1,cumulative,32,FAIL,0,0,0,1
s32-N10000-b2048-t128,32,10000,2048,128,0,F4m,0.0,V2minus,cumulative,32,FAIL,0,0,0,1
s32-N10000-b2048-t128,32,10000,2048,128,0,F4m,0.0,V2,cumulative,32,FAIL,0,0,0,1
s32-N10000-b2048-t128,32,10000,2048,128,0,F4m,0.0,V3,cumulative,32,FAIL,0,0,0,1
s32-N10000-b2048-t128,32,10000,2048,128,0,F5,0.0,V0,cumulative,32,PASS,0,0,1,0
s32-N10000-b2048-t128,32,10000,2048,128,100,F5,0.0,V1,cumulative,32,PASS,0,0,1,0
s32-N10000-b2048-t128,32,10000,2048,128,0,F5,0.0,V2minus,cumulative,32,FAIL,1,0,0,1
s32-N10000-b2048-t128,32,10000,2048,128,0,F5,0.0,V2,cumulative,32,FAIL,1,0,0,1
s32-N10000-b2048-t128,32,10000,2048,128,0,F5,0.0,V3,cumulative,32,FAIL,1,0,0,1
s32-N10000-b2048-t128,32,10000,2048,128,0,F5,0.05,V0,cumulative,32,PASS,0,0,500,0
s32-N10000-b2048-t128,32,10000,2048,128,100,F5,0.05,V1,cumulative,32,PASS,0,0,500,0
s32-N10000-b2048-t128,32,10000,2048,128,0,F5,0.05,V2minus,cumulative,32,FAIL,500,0,0,1
s32-N10000-b2048-t128,32,10000,2048,128,0,F5,0.05,V2,cumulative,32,FAIL,500,0,0,1
s32-N10000-b2048-t128,32,10000,2048,128,0,F5,0.05,V3,cumulative,32,FAIL,500,0,0,1
s32-N10000-b2048-t128,32,10000,2048,128,0,F5b,0.0,V0,cumulative,32,PASS,0,0,1,0
s32-N10000-b2048-t128,32,10000,2048,128,100,F5b,0.0,V1,cumulative,32,PASS,0,0,1,0
s32-N10000-b2048-t128,32,10000,2048,128,0,F5b,0.0,V2minus,cumulative,32,FAIL,1,0,0,1
s32-N10000-b2048-t128,32,10000,2048,128,0,F5b,0.0,V2,cumulative,32,FAIL,1,0,0,1
s32-N10000-b2048-t128,32,10000,2048,128,0,F5b,0.0,V3,cumulative,32,FAIL,1,0,0,1
s32-N10000-b2048-t128,32,10000,2048,128,0,F5c,0.0,V0,cumulative,32,PASS,0,0,2,0
s32-N10000-b2048-t128,32,10000,2048,128,100,F5c,0.0,V1,cumulative,32,PASS,0,0,2,0
s32-N10000-b2048-t128,32,10000,2048,128,0,F5c,0.0,V2minus,cumulative,32,FAIL,2,0,0,1
s32-N10000-b2048-t128,32,10000,2048,128,0,F5c,0.0,V2,cumulative,32,FAIL,2,0,0,1
s32-N10000-b2048-t128,32,10000,2048,128,0,F5c,0.0,V3,cumulative,32,FAIL,2,0,0,1
s32-N10000-b2048-t128,32,10000,2048,128,0,F6,0.0,V0,cumulative,32,INCOMPLETE,0,0,0,1
s32-N10000-b2048-t128,32,10000,2048,128,100,F6,0.0,V1,cumulative,32,INCOMPLETE,0,0,0,1
s32-N10000-b2048-t128,32,10000,2048,128,0,F6,0.0,V2minus,cumulative,32,INCOMPLETE,0,0,0,1
s32-N10000-b2048-t128,32,10000,2048,128,0,F6,0.0,V2,cumulative,32,INCOMPLETE,0,0,0,1
s32-N10000-b2048-t128,32,10000,2048,128,0,F6,0.0,V3,cumulative,32,INCOMPLETE,0,0,0,1
s32-N10000-b2048-t128,32,10000,2048,128,0,F7,0.0,V2minus,cumulative,32,UNRUNNABLE,0,0,1,0
s32-N10000-b2048-t128,32,10000,2048,128,0,F7,0.0,V2,cumulative,32,FAIL,1,0,0,1
s33-N10000-b2048-t128,33,10000,2048,128,0,F0,0.0,V0,cumulative,33,PASS,0,0,0,0
s33-N10000-b2048-t128,33,10000,2048,128,100,F0,0.0,V1,cumulative,33,PASS,0,0,0,0
s33-N10000-b2048-t128,33,10000,2048,128,0,F0,0.0,V2minus,cumulative,33,PASS,0,0,0,0
s33-N10000-b2048-t128,33,10000,2048,128,0,F0,0.0,V2,cumulative,33,PASS,0,0,0,0
s33-N10000-b2048-t128,33,10000,2048,128,0,F0,0.0,V3,cumulative,33,PASS,0,0,0,0
s33-N10000-b2048-t128,33,10000,2048,128,0,F1a,0.0,V0,cumulative,33,FAIL,1,0,0,1
s33-N10000-b2048-t128,33,10000,2048,128,100,F1a,0.0,V1,cumulative,33,FAIL,1,0,0,1
s33-N10000-b2048-t128,33,10000,2048,128,0,F1a,0.0,V2minus,cumulative,33,FAIL,1,0,0,1
s33-N10000-b2048-t128,33,10000,2048,128,0,F1a,0.0,V2,cumulative,33,FAIL,1,0,0,1
s33-N10000-b2048-t128,33,10000,2048,128,0,F1a,0.0,V3,cumulative,33,FAIL,1,0,0,1
s33-N10000-b2048-t128,33,10000,2048,128,0,F1b,0.0,V0,cumulative,33,FAIL,1,0,0,1
s33-N10000-b2048-t128,33,10000,2048,128,100,F1b,0.0,V1,cumulative,33,FAIL,1,0,0,1
s33-N10000-b2048-t128,33,10000,2048,128,0,F1b,0.0,V2minus,cumulative,33,FAIL,1,0,0,1
s33-N10000-b2048-t128,33,10000,2048,128,0,F1b,0.0,V2,cumulative,33,FAIL,1,0,0,1
s33-N10000-b2048-t128,33,10000,2048,128,0,F1b,0.0,V3,cumulative,33,FAIL,1,0,0,1
s33-N10000-b2048-t128,33,10000,2048,128,0,F2,0.0,V0,cumulative,33,FAIL,1,0,0,1
s33-N10000-b2048-t128,33,10000,2048,128,100,F2,0.0,V1,cumulative,33,FAIL,1,0,0,1
s33-N10000-b2048-t128,33,10000,2048,128,0,F2,0.0,V2minus,cumulative,33,FAIL,1,0,0,1
s33-N10000-b2048-t128,33,10000,2048,128,0,F2,0.0,V2,cumulative,33,FAIL,1,0,0,1
s33-N10000-b2048-t128,33,10000,2048,128,0,F2,0.0,V3,cumulative,33,FAIL,1,0,0,1
s33-N10000-b2048-t128,33,10000,2048,128,0,F3,0.0,V0,cumulative,33,FAIL,1,0,0,1
s33-N10000-b2048-t128,33,10000,2048,128,100,F3,0.0,V1,cumulative,33,FAIL,1,0,0,1
s33-N10000-b2048-t128,33,10000,2048,128,0,F3,0.0,V2minus,cumulative,33,FAIL,1,0,0,1
s33-N10000-b2048-t128,33,10000,2048,128,0,F3,0.0,V2,cumulative,33,FAIL,1,0,0,1
s33-N10000-b2048-t128,33,10000,2048,128,0,F3,0.0,V3,cumulative,33,FAIL,1,0,0,1
s33-N10000-b2048-t128,33,10000,2048,128,0,F4r,0.0,V0,cumulative,33,FAIL,1,0,0,1
s33-N10000-b2048-t128,33,10000,2048,128,100,F4r,0.0,V1,cumulative,33,FAIL,1,0,0,1
s33-N10000-b2048-t128,33,10000,2048,128,0,F4r,0.0,V2minus,cumulative,33,FAIL,1,0,0,1
s33-N10000-b2048-t128,33,10000,2048,128,0,F4r,0.0,V2,cumulative,33,FAIL,1,0,0,1
s33-N10000-b2048-t128,33,10000,2048,128,0,F4r,0.0,V3,cumulative,33,FAIL,1,0,0,1
s33-N10000-b2048-t128,33,10000,2048,128,0,F4m,0.0,V0,cumulative,33,FAIL,0,0,0,1
s33-N10000-b2048-t128,33,10000,2048,128,100,F4m,0.0,V1,cumulative,33,FAIL,0,0,0,1
s33-N10000-b2048-t128,33,10000,2048,128,0,F4m,0.0,V2minus,cumulative,33,FAIL,0,0,0,1
s33-N10000-b2048-t128,33,10000,2048,128,0,F4m,0.0,V2,cumulative,33,FAIL,0,0,0,1
s33-N10000-b2048-t128,33,10000,2048,128,0,F4m,0.0,V3,cumulative,33,FAIL,0,0,0,1
s33-N10000-b2048-t128,33,10000,2048,128,0,F5,0.0,V0,cumulative,33,PASS,0,0,1,0
s33-N10000-b2048-t128,33,10000,2048,128,100,F5,0.0,V1,cumulative,33,PASS,0,0,1,0
s33-N10000-b2048-t128,33,10000,2048,128,0,F5,0.0,V2minus,cumulative,33,FAIL,1,0,0,1
s33-N10000-b2048-t128,33,10000,2048,128,0,F5,0.0,V2,cumulative,33,FAIL,1,0,0,1
s33-N10000-b2048-t128,33,10000,2048,128,0,F5,0.0,V3,cumulative,33,FAIL,1,0,0,1
s33-N10000-b2048-t128,33,10000,2048,128,0,F5,0.05,V0,cumulative,33,PASS,0,0,500,0
s33-N10000-b2048-t128,33,10000,2048,128,100,F5,0.05,V1,cumulative,33,PASS,0,0,500,0
s33-N10000-b2048-t128,33,10000,2048,128,0,F5,0.05,V2minus,cumulative,33,FAIL,500,0,0,1
s33-N10000-b2048-t128,33,10000,2048,128,0,F5,0.05,V2,cumulative,33,FAIL,500,0,0,1
s33-N10000-b2048-t128,33,10000,2048,128,0,F5,0.05,V3,cumulative,33,FAIL,500,0,0,1
s33-N10000-b2048-t128,33,10000,2048,128,0,F5b,0.0,V0,cumulative,33,PASS,0,0,1,0
s33-N10000-b2048-t128,33,10000,2048,128,100,F5b,0.0,V1,cumulative,33,PASS,0,0,1,0
s33-N10000-b2048-t128,33,10000,2048,128,0,F5b,0.0,V2minus,cumulative,33,FAIL,1,0,0,1
s33-N10000-b2048-t128,33,10000,2048,128,0,F5b,0.0,V2,cumulative,33,FAIL,1,0,0,1
s33-N10000-b2048-t128,33,10000,2048,128,0,F5b,0.0,V3,cumulative,33,FAIL,1,0,0,1
s33-N10000-b2048-t128,33,10000,2048,128,0,F5c,0.0,V0,cumulative,33,PASS,0,0,2,0
s33-N10000-b2048-t128,33,10000,2048,128,100,F5c,0.0,V1,cumulative,33,PASS,0,0,2,0
s33-N10000-b2048-t128,33,10000,2048,128,0,F5c,0.0,V2minus,cumulative,33,FAIL,2,0,0,1
s33-N10000-b2048-t128,33,10000,2048,128,0,F5c,0.0,V2,cumulative,33,FAIL,2,0,0,1
s33-N10000-b2048-t128,33,10000,2048,128,0,F5c,0.0,V3,cumulative,33,FAIL,2,0,0,1
s33-N10000-b2048-t128,33,10000,2048,128,0,F6,0.0,V0,cumulative,33,INCOMPLETE,0,0,0,1
s33-N10000-b2048-t128,33,10000,2048,128,100,F6,0.0,V1,cumulative,33,INCOMPLETE,0,0,0,1
s33-N10000-b2048-t128,33,10000,2048,128,0,F6,0.0,V2minus,cumulative,33,INCOMPLETE,0,0,0,1
s33-N10000-b2048-t128,33,10000,2048,128,0,F6,0.0,V2,cumulative,33,INCOMPLETE,0,0,0,1
s33-N10000-b2048-t128,33,10000,2048,128,0,F6,0.0,V3,cumulative,33,INCOMPLETE,0,0,0,1
s33-N10000-b2048-t128,33,10000,2048,128,0,F7,0.0,V2minus,cumulative,33,UNRUNNABLE,0,0,1,0
s33-N10000-b2048-t128,33,10000,2048,128,0,F7,0.0,V2,cumulative,33,FAIL,1,0,0,1
s34-N10000-b2048-t128,34,10000,2048,128,0,F0,0.0,V0,cumulative,34,PASS,0,0,0,0
s34-N10000-b2048-t128,34,10000,2048,128,100,F0,0.0,V1,cumulative,34,PASS,0,0,0,0
s34-N10000-b2048-t128,34,10000,2048,128,0,F0,0.0,V2minus,cumulative,34,PASS,0,0,0,0
s34-N10000-b2048-t128,34,10000,2048,128,0,F0,0.0,V2,cumulative,34,PASS,0,0,0,0
s34-N10000-b2048-t128,34,10000,2048,128,0,F0,0.0,V3,cumulative,34,PASS,0,0,0,0
s34-N10000-b2048-t128,34,10000,2048,128,0,F1a,0.0,V0,cumulative,34,FAIL,1,0,0,1
s34-N10000-b2048-t128,34,10000,2048,128,100,F1a,0.0,V1,cumulative,34,FAIL,1,0,0,1
s34-N10000-b2048-t128,34,10000,2048,128,0,F1a,0.0,V2minus,cumulative,34,FAIL,1,0,0,1
s34-N10000-b2048-t128,34,10000,2048,128,0,F1a,0.0,V2,cumulative,34,FAIL,1,0,0,1
s34-N10000-b2048-t128,34,10000,2048,128,0,F1a,0.0,V3,cumulative,34,FAIL,1,0,0,1
s34-N10000-b2048-t128,34,10000,2048,128,0,F1b,0.0,V0,cumulative,34,FAIL,1,0,0,1
s34-N10000-b2048-t128,34,10000,2048,128,100,F1b,0.0,V1,cumulative,34,FAIL,1,0,0,1
s34-N10000-b2048-t128,34,10000,2048,128,0,F1b,0.0,V2minus,cumulative,34,FAIL,1,0,0,1
s34-N10000-b2048-t128,34,10000,2048,128,0,F1b,0.0,V2,cumulative,34,FAIL,1,0,0,1
s34-N10000-b2048-t128,34,10000,2048,128,0,F1b,0.0,V3,cumulative,34,FAIL,1,0,0,1
s34-N10000-b2048-t128,34,10000,2048,128,0,F2,0.0,V0,cumulative,34,FAIL,1,0,0,1
s34-N10000-b2048-t128,34,10000,2048,128,100,F2,0.0,V1,cumulative,34,FAIL,1,0,0,1
s34-N10000-b2048-t128,34,10000,2048,128,0,F2,0.0,V2minus,cumulative,34,FAIL,1,0,0,1
s34-N10000-b2048-t128,34,10000,2048,128,0,F2,0.0,V2,cumulative,34,FAIL,1,0,0,1
s34-N10000-b2048-t128,34,10000,2048,128,0,F2,0.0,V3,cumulative,34,FAIL,1,0,0,1
s34-N10000-b2048-t128,34,10000,2048,128,0,F3,0.0,V0,cumulative,34,FAIL,1,0,0,1
s34-N10000-b2048-t128,34,10000,2048,128,100,F3,0.0,V1,cumulative,34,FAIL,1,0,0,1
s34-N10000-b2048-t128,34,10000,2048,128,0,F3,0.0,V2minus,cumulative,34,FAIL,1,0,0,1
s34-N10000-b2048-t128,34,10000,2048,128,0,F3,0.0,V2,cumulative,34,FAIL,1,0,0,1
s34-N10000-b2048-t128,34,10000,2048,128,0,F3,0.0,V3,cumulative,34,FAIL,1,0,0,1
s34-N10000-b2048-t128,34,10000,2048,128,0,F4r,0.0,V0,cumulative,34,FAIL,1,0,0,1
s34-N10000-b2048-t128,34,10000,2048,128,100,F4r,0.0,V1,cumulative,34,FAIL,1,0,0,1
s34-N10000-b2048-t128,34,10000,2048,128,0,F4r,0.0,V2minus,cumulative,34,FAIL,1,0,0,1
s34-N10000-b2048-t128,34,10000,2048,128,0,F4r,0.0,V2,cumulative,34,FAIL,1,0,0,1
s34-N10000-b2048-t128,34,10000,2048,128,0,F4r,0.0,V3,cumulative,34,FAIL,1,0,0,1
s34-N10000-b2048-t128,34,10000,2048,128,0,F4m,0.0,V0,cumulative,34,FAIL,0,0,0,1
s34-N10000-b2048-t128,34,10000,2048,128,100,F4m,0.0,V1,cumulative,34,FAIL,0,0,0,1
s34-N10000-b2048-t128,34,10000,2048,128,0,F4m,0.0,V2minus,cumulative,34,FAIL,0,0,0,1
s34-N10000-b2048-t128,34,10000,2048,128,0,F4m,0.0,V2,cumulative,34,FAIL,0,0,0,1
s34-N10000-b2048-t128,34,10000,2048,128,0,F4m,0.0,V3,cumulative,34,FAIL,0,0,0,1
s34-N10000-b2048-t128,34,10000,2048,128,0,F5,0.0,V0,cumulative,34,PASS,0,0,1,0
s34-N10000-b2048-t128,34,10000,2048,128,100,F5,0.0,V1,cumulative,34,PASS,0,0,1,0
s34-N10000-b2048-t128,34,10000,2048,128,0,F5,0.0,V2minus,cumulative,34,FAIL,1,0,0,1
s34-N10000-b2048-t128,34,10000,2048,128,0,F5,0.0,V2,cumulative,34,FAIL,1,0,0,1
s34-N10000-b2048-t128,34,10000,2048,128,0,F5,0.0,V3,cumulative,34,FAIL,1,0,0,1
s34-N10000-b2048-t128,34,10000,2048,128,0,F5,0.05,V0,cumulative,34,PASS,0,0,500,0
s34-N10000-b2048-t128,34,10000,2048,128,100,F5,0.05,V1,cumulative,34,PASS,0,0,500,0
s34-N10000-b2048-t128,34,10000,2048,128,0,F5,0.05,V2minus,cumulative,34,FAIL,500,0,0,1
s34-N10000-b2048-t128,34,10000,2048,128,0,F5,0.05,V2,cumulative,34,FAIL,500,0,0,1
s34-N10000-b2048-t128,34,10000,2048,128,0,F5,0.05,V3,cumulative,34,FAIL,500,0,0,1
s34-N10000-b2048-t128,34,10000,2048,128,0,F5b,0.0,V0,cumulative,34,PASS,0,0,1,0
s34-N10000-b2048-t128,34,10000,2048,128,100,F5b,0.0,V1,cumulative,34,PASS,0,0,1,0
s34-N10000-b2048-t128,34,10000,2048,128,0,F5b,0.0,V2minus,cumulative,34,FAIL,1,0,0,1
s34-N10000-b2048-t128,34,10000,2048,128,0,F5b,0.0,V2,cumulative,34,FAIL,1,0,0,1
s34-N10000-b2048-t128,34,10000,2048,128,0,F5b,0.0,V3,cumulative,34,FAIL,1,0,0,1
s34-N10000-b2048-t128,34,10000,2048,128,0,F5c,0.0,V0,cumulative,34,PASS,0,0,2,0
s34-N10000-b2048-t128,34,10000,2048,128,100,F5c,0.0,V1,cumulative,34,PASS,0,0,2,0
s34-N10000-b2048-t128,34,10000,2048,128,0,F5c,0.0,V2minus,cumulative,34,FAIL,2,0,0,1
s34-N10000-b2048-t128,34,10000,2048,128,0,F5c,0.0,V2,cumulative,34,FAIL,2,0,0,1
s34-N10000-b2048-t128,34,10000,2048,128,0,F5c,0.0,V3,cumulative,34,FAIL,2,0,0,1
s34-N10000-b2048-t128,34,10000,2048,128,0,F6,0.0,V0,cumulative,34,INCOMPLETE,0,0,0,1
s34-N10000-b2048-t128,34,10000,2048,128,100,F6,0.0,V1,cumulative,34,INCOMPLETE,0,0,0,1
s34-N10000-b2048-t128,34,10000,2048,128,0,F6,0.0,V2minus,cumulative,34,INCOMPLETE,0,0,0,1
s34-N10000-b2048-t128,34,10000,2048,128,0,F6,0.0,V2,cumulative,34,INCOMPLETE,0,0,0,1
s34-N10000-b2048-t128,34,10000,2048,128,0,F6,0.0,V3,cumulative,34,INCOMPLETE,0,0,0,1
s34-N10000-b2048-t128,34,10000,2048,128,0,F7,0.0,V2minus,cumulative,34,UNRUNNABLE,0,0,1,0
s34-N10000-b2048-t128,34,10000,2048,128,0,F7,0.0,V2,cumulative,34,FAIL,1,0,0,1
s35-N10000-b2048-t128,35,10000,2048,128,0,F0,0.0,V0,cumulative,35,PASS,0,0,0,0
s35-N10000-b2048-t128,35,10000,2048,128,100,F0,0.0,V1,cumulative,35,PASS,0,0,0,0
s35-N10000-b2048-t128,35,10000,2048,128,0,F0,0.0,V2minus,cumulative,35,PASS,0,0,0,0
s35-N10000-b2048-t128,35,10000,2048,128,0,F0,0.0,V2,cumulative,35,PASS,0,0,0,0
s35-N10000-b2048-t128,35,10000,2048,128,0,F0,0.0,V3,cumulative,35,PASS,0,0,0,0
s35-N10000-b2048-t128,35,10000,2048,128,0,F1a,0.0,V0,cumulative,35,FAIL,1,0,0,1
s35-N10000-b2048-t128,35,10000,2048,128,100,F1a,0.0,V1,cumulative,35,FAIL,1,0,0,1
s35-N10000-b2048-t128,35,10000,2048,128,0,F1a,0.0,V2minus,cumulative,35,FAIL,1,0,0,1
s35-N10000-b2048-t128,35,10000,2048,128,0,F1a,0.0,V2,cumulative,35,FAIL,1,0,0,1
s35-N10000-b2048-t128,35,10000,2048,128,0,F1a,0.0,V3,cumulative,35,FAIL,1,0,0,1
s35-N10000-b2048-t128,35,10000,2048,128,0,F1b,0.0,V0,cumulative,35,FAIL,1,0,0,1
s35-N10000-b2048-t128,35,10000,2048,128,100,F1b,0.0,V1,cumulative,35,FAIL,1,0,0,1
s35-N10000-b2048-t128,35,10000,2048,128,0,F1b,0.0,V2minus,cumulative,35,FAIL,1,0,0,1
s35-N10000-b2048-t128,35,10000,2048,128,0,F1b,0.0,V2,cumulative,35,FAIL,1,0,0,1
s35-N10000-b2048-t128,35,10000,2048,128,0,F1b,0.0,V3,cumulative,35,FAIL,1,0,0,1
s35-N10000-b2048-t128,35,10000,2048,128,0,F2,0.0,V0,cumulative,35,FAIL,1,0,0,1
s35-N10000-b2048-t128,35,10000,2048,128,100,F2,0.0,V1,cumulative,35,FAIL,1,0,0,1
s35-N10000-b2048-t128,35,10000,2048,128,0,F2,0.0,V2minus,cumulative,35,FAIL,1,0,0,1
s35-N10000-b2048-t128,35,10000,2048,128,0,F2,0.0,V2,cumulative,35,FAIL,1,0,0,1
s35-N10000-b2048-t128,35,10000,2048,128,0,F2,0.0,V3,cumulative,35,FAIL,1,0,0,1
s35-N10000-b2048-t128,35,10000,2048,128,0,F3,0.0,V0,cumulative,35,FAIL,1,0,0,1
s35-N10000-b2048-t128,35,10000,2048,128,100,F3,0.0,V1,cumulative,35,FAIL,1,0,0,1
s35-N10000-b2048-t128,35,10000,2048,128,0,F3,0.0,V2minus,cumulative,35,FAIL,1,0,0,1
s35-N10000-b2048-t128,35,10000,2048,128,0,F3,0.0,V2,cumulative,35,FAIL,1,0,0,1
s35-N10000-b2048-t128,35,10000,2048,128,0,F3,0.0,V3,cumulative,35,FAIL,1,0,0,1
s35-N10000-b2048-t128,35,10000,2048,128,0,F4r,0.0,V0,cumulative,35,FAIL,1,0,0,1
s35-N10000-b2048-t128,35,10000,2048,128,100,F4r,0.0,V1,cumulative,35,FAIL,1,0,0,1
s35-N10000-b2048-t128,35,10000,2048,128,0,F4r,0.0,V2minus,cumulative,35,FAIL,1,0,0,1
s35-N10000-b2048-t128,35,10000,2048,128,0,F4r,0.0,V2,cumulative,35,FAIL,1,0,0,1
s35-N10000-b2048-t128,35,10000,2048,128,0,F4r,0.0,V3,cumulative,35,FAIL,1,0,0,1
s35-N10000-b2048-t128,35,10000,2048,128,0,F4m,0.0,V0,cumulative,35,FAIL,0,0,0,1
s35-N10000-b2048-t128,35,10000,2048,128,100,F4m,0.0,V1,cumulative,35,FAIL,0,0,0,1
s35-N10000-b2048-t128,35,10000,2048,128,0,F4m,0.0,V2minus,cumulative,35,FAIL,0,0,0,1
s35-N10000-b2048-t128,35,10000,2048,128,0,F4m,0.0,V2,cumulative,35,FAIL,0,0,0,1
s35-N10000-b2048-t128,35,10000,2048,128,0,F4m,0.0,V3,cumulative,35,FAIL,0,0,0,1
s35-N10000-b2048-t128,35,10000,2048,128,0,F5,0.0,V0,cumulative,35,PASS,0,0,1,0
s35-N10000-b2048-t128,35,10000,2048,128,100,F5,0.0,V1,cumulative,35,PASS,0,0,1,0
s35-N10000-b2048-t128,35,10000,2048,128,0,F5,0.0,V2minus,cumulative,35,FAIL,1,0,0,1
s35-N10000-b2048-t128,35,10000,2048,128,0,F5,0.0,V2,cumulative,35,FAIL,1,0,0,1
s35-N10000-b2048-t128,35,10000,2048,128,0,F5,0.0,V3,cumulative,35,FAIL,1,0,0,1
s35-N10000-b2048-t128,35,10000,2048,128,0,F5,0.05,V0,cumulative,35,PASS,0,0,500,0
s35-N10000-b2048-t128,35,10000,2048,128,100,F5,0.05,V1,cumulative,35,PASS,0,0,500,0
s35-N10000-b2048-t128,35,10000,2048,128,0,F5,0.05,V2minus,cumulative,35,FAIL,500,0,0,1
s35-N10000-b2048-t128,35,10000,2048,128,0,F5,0.05,V2,cumulative,35,FAIL,500,0,0,1
s35-N10000-b2048-t128,35,10000,2048,128,0,F5,0.05,V3,cumulative,35,FAIL,500,0,0,1
s35-N10000-b2048-t128,35,10000,2048,128,0,F5b,0.0,V0,cumulative,35,PASS,0,0,1,0
s35-N10000-b2048-t128,35,10000,2048,128,100,F5b,0.0,V1,cumulative,35,PASS,0,0,1,0
s35-N10000-b2048-t128,35,10000,2048,128,0,F5b,0.0,V2minus,cumulative,35,FAIL,1,0,0,1
s35-N10000-b2048-t128,35,10000,2048,128,0,F5b,0.0,V2,cumulative,35,FAIL,1,0,0,1
s35-N10000-b2048-t128,35,10000,2048,128,0,F5b,0.0,V3,cumulative,35,FAIL,1,0,0,1
s35-N10000-b2048-t128,35,10000,2048,128,0,F5c,0.0,V0,cumulative,35,PASS,0,0,2,0
s35-N10000-b2048-t128,35,10000,2048,128,100,F5c,0.0,V1,cumulative,35,PASS,0,0,2,0
s35-N10000-b2048-t128,35,10000,2048,128,0,F5c,0.0,V2minus,cumulative,35,FAIL,2,0,0,1
s35-N10000-b2048-t128,35,10000,2048,128,0,F5c,0.0,V2,cumulative,35,FAIL,2,0,0,1
s35-N10000-b2048-t128,35,10000,2048,128,0,F5c,0.0,V3,cumulative,35,FAIL,2,0,0,1
s35-N10000-b2048-t128,35,10000,2048,128,0,F6,0.0,V0,cumulative,35,INCOMPLETE,0,0,0,1
s35-N10000-b2048-t128,35,10000,2048,128,100,F6,0.0,V1,cumulative,35,INCOMPLETE,0,0,0,1
s35-N10000-b2048-t128,35,10000,2048,128,0,F6,0.0,V2minus,cumulative,35,INCOMPLETE,0,0,0,1
s35-N10000-b2048-t128,35,10000,2048,128,0,F6,0.0,V2,cumulative,35,INCOMPLETE,0,0,0,1
s35-N10000-b2048-t128,35,10000,2048,128,0,F6,0.0,V3,cumulative,35,INCOMPLETE,0,0,0,1
s35-N10000-b2048-t128,35,10000,2048,128,0,F7,0.0,V2minus,cumulative,35,UNRUNNABLE,0,0,1,0
s35-N10000-b2048-t128,35,10000,2048,128,0,F7,0.0,V2,cumulative,35,FAIL,1,0,0,1
s36-N10000-b2048-t128,36,10000,2048,128,0,F0,0.0,V0,cumulative,36,PASS,0,0,0,0
s36-N10000-b2048-t128,36,10000,2048,128,100,F0,0.0,V1,cumulative,36,PASS,0,0,0,0
s36-N10000-b2048-t128,36,10000,2048,128,0,F0,0.0,V2minus,cumulative,36,PASS,0,0,0,0
s36-N10000-b2048-t128,36,10000,2048,128,0,F0,0.0,V2,cumulative,36,PASS,0,0,0,0
s36-N10000-b2048-t128,36,10000,2048,128,0,F0,0.0,V3,cumulative,36,PASS,0,0,0,0
s36-N10000-b2048-t128,36,10000,2048,128,0,F1a,0.0,V0,cumulative,36,FAIL,1,0,0,1
s36-N10000-b2048-t128,36,10000,2048,128,100,F1a,0.0,V1,cumulative,36,FAIL,1,0,0,1
s36-N10000-b2048-t128,36,10000,2048,128,0,F1a,0.0,V2minus,cumulative,36,FAIL,1,0,0,1
s36-N10000-b2048-t128,36,10000,2048,128,0,F1a,0.0,V2,cumulative,36,FAIL,1,0,0,1
s36-N10000-b2048-t128,36,10000,2048,128,0,F1a,0.0,V3,cumulative,36,FAIL,1,0,0,1
s36-N10000-b2048-t128,36,10000,2048,128,0,F1b,0.0,V0,cumulative,36,FAIL,1,0,0,1
s36-N10000-b2048-t128,36,10000,2048,128,100,F1b,0.0,V1,cumulative,36,FAIL,1,0,0,1
s36-N10000-b2048-t128,36,10000,2048,128,0,F1b,0.0,V2minus,cumulative,36,FAIL,1,0,0,1
s36-N10000-b2048-t128,36,10000,2048,128,0,F1b,0.0,V2,cumulative,36,FAIL,1,0,0,1
s36-N10000-b2048-t128,36,10000,2048,128,0,F1b,0.0,V3,cumulative,36,FAIL,1,0,0,1
s36-N10000-b2048-t128,36,10000,2048,128,0,F2,0.0,V0,cumulative,36,FAIL,1,0,0,1
s36-N10000-b2048-t128,36,10000,2048,128,100,F2,0.0,V1,cumulative,36,FAIL,1,0,0,1
s36-N10000-b2048-t128,36,10000,2048,128,0,F2,0.0,V2minus,cumulative,36,FAIL,1,0,0,1
s36-N10000-b2048-t128,36,10000,2048,128,0,F2,0.0,V2,cumulative,36,FAIL,1,0,0,1
s36-N10000-b2048-t128,36,10000,2048,128,0,F2,0.0,V3,cumulative,36,FAIL,1,0,0,1
s36-N10000-b2048-t128,36,10000,2048,128,0,F3,0.0,V0,cumulative,36,FAIL,1,0,0,1
s36-N10000-b2048-t128,36,10000,2048,128,100,F3,0.0,V1,cumulative,36,FAIL,1,0,0,1
s36-N10000-b2048-t128,36,10000,2048,128,0,F3,0.0,V2minus,cumulative,36,FAIL,1,0,0,1
s36-N10000-b2048-t128,36,10000,2048,128,0,F3,0.0,V2,cumulative,36,FAIL,1,0,0,1
s36-N10000-b2048-t128,36,10000,2048,128,0,F3,0.0,V3,cumulative,36,FAIL,1,0,0,1
s36-N10000-b2048-t128,36,10000,2048,128,0,F4r,0.0,V0,cumulative,36,FAIL,1,1,0,1
s36-N10000-b2048-t128,36,10000,2048,128,100,F4r,0.0,V1,cumulative,36,FAIL,1,1,0,1
s36-N10000-b2048-t128,36,10000,2048,128,0,F4r,0.0,V2minus,cumulative,36,FAIL,1,1,0,1
s36-N10000-b2048-t128,36,10000,2048,128,0,F4r,0.0,V2,cumulative,36,FAIL,1,1,0,1
s36-N10000-b2048-t128,36,10000,2048,128,0,F4r,0.0,V3,cumulative,36,FAIL,1,1,0,1
s36-N10000-b2048-t128,36,10000,2048,128,0,F4m,0.0,V0,cumulative,36,FAIL,0,0,0,1
s36-N10000-b2048-t128,36,10000,2048,128,100,F4m,0.0,V1,cumulative,36,FAIL,0,0,0,1
s36-N10000-b2048-t128,36,10000,2048,128,0,F4m,0.0,V2minus,cumulative,36,FAIL,0,0,0,1
s36-N10000-b2048-t128,36,10000,2048,128,0,F4m,0.0,V2,cumulative,36,FAIL,0,0,0,1
s36-N10000-b2048-t128,36,10000,2048,128,0,F4m,0.0,V3,cumulative,36,FAIL,0,0,0,1
s36-N10000-b2048-t128,36,10000,2048,128,0,F5,0.0,V0,cumulative,36,PASS,0,0,1,0
s36-N10000-b2048-t128,36,10000,2048,128,100,F5,0.0,V1,cumulative,36,PASS,0,0,1,0
s36-N10000-b2048-t128,36,10000,2048,128,0,F5,0.0,V2minus,cumulative,36,FAIL,1,0,0,1
s36-N10000-b2048-t128,36,10000,2048,128,0,F5,0.0,V2,cumulative,36,FAIL,1,0,0,1
s36-N10000-b2048-t128,36,10000,2048,128,0,F5,0.0,V3,cumulative,36,FAIL,1,0,0,1
s36-N10000-b2048-t128,36,10000,2048,128,0,F5,0.05,V0,cumulative,36,PASS,0,0,500,0
s36-N10000-b2048-t128,36,10000,2048,128,100,F5,0.05,V1,cumulative,36,PASS,0,0,500,0
s36-N10000-b2048-t128,36,10000,2048,128,0,F5,0.05,V2minus,cumulative,36,FAIL,500,0,0,1
s36-N10000-b2048-t128,36,10000,2048,128,0,F5,0.05,V2,cumulative,36,FAIL,500,0,0,1
s36-N10000-b2048-t128,36,10000,2048,128,0,F5,0.05,V3,cumulative,36,FAIL,500,0,0,1
s36-N10000-b2048-t128,36,10000,2048,128,0,F5b,0.0,V0,cumulative,36,PASS,0,0,1,0
s36-N10000-b2048-t128,36,10000,2048,128,100,F5b,0.0,V1,cumulative,36,PASS,0,0,1,0
s36-N10000-b2048-t128,36,10000,2048,128,0,F5b,0.0,V2minus,cumulative,36,FAIL,1,0,0,1
s36-N10000-b2048-t128,36,10000,2048,128,0,F5b,0.0,V2,cumulative,36,FAIL,1,0,0,1
s36-N10000-b2048-t128,36,10000,2048,128,0,F5b,0.0,V3,cumulative,36,FAIL,1,0,0,1
s36-N10000-b2048-t128,36,10000,2048,128,0,F5c,0.0,V0,cumulative,36,PASS,0,0,2,0
s36-N10000-b2048-t128,36,10000,2048,128,100,F5c,0.0,V1,cumulative,36,PASS,0,0,2,0
s36-N10000-b2048-t128,36,10000,2048,128,0,F5c,0.0,V2minus,cumulative,36,FAIL,2,0,0,1
s36-N10000-b2048-t128,36,10000,2048,128,0,F5c,0.0,V2,cumulative,36,FAIL,2,0,0,1
s36-N10000-b2048-t128,36,10000,2048,128,0,F5c,0.0,V3,cumulative,36,FAIL,2,0,0,1
s36-N10000-b2048-t128,36,10000,2048,128,0,F6,0.0,V0,cumulative,36,INCOMPLETE,0,0,0,1
s36-N10000-b2048-t128,36,10000,2048,128,100,F6,0.0,V1,cumulative,36,INCOMPLETE,0,0,0,1
s36-N10000-b2048-t128,36,10000,2048,128,0,F6,0.0,V2minus,cumulative,36,INCOMPLETE,0,0,0,1
s36-N10000-b2048-t128,36,10000,2048,128,0,F6,0.0,V2,cumulative,36,INCOMPLETE,0,0,0,1
s36-N10000-b2048-t128,36,10000,2048,128,0,F6,0.0,V3,cumulative,36,INCOMPLETE,0,0,0,1
s36-N10000-b2048-t128,36,10000,2048,128,0,F7,0.0,V2minus,cumulative,36,UNRUNNABLE,0,0,1,0
s36-N10000-b2048-t128,36,10000,2048,128,0,F7,0.0,V2,cumulative,36,FAIL,1,0,0,1
s37-N10000-b2048-t128,37,10000,2048,128,0,F0,0.0,V0,cumulative,37,PASS,0,0,0,0
s37-N10000-b2048-t128,37,10000,2048,128,100,F0,0.0,V1,cumulative,37,PASS,0,0,0,0
s37-N10000-b2048-t128,37,10000,2048,128,0,F0,0.0,V2minus,cumulative,37,PASS,0,0,0,0
s37-N10000-b2048-t128,37,10000,2048,128,0,F0,0.0,V2,cumulative,37,PASS,0,0,0,0
s37-N10000-b2048-t128,37,10000,2048,128,0,F0,0.0,V3,cumulative,37,PASS,0,0,0,0
s37-N10000-b2048-t128,37,10000,2048,128,0,F1a,0.0,V0,cumulative,37,FAIL,1,0,0,1
s37-N10000-b2048-t128,37,10000,2048,128,100,F1a,0.0,V1,cumulative,37,FAIL,1,0,0,1
s37-N10000-b2048-t128,37,10000,2048,128,0,F1a,0.0,V2minus,cumulative,37,FAIL,1,0,0,1
s37-N10000-b2048-t128,37,10000,2048,128,0,F1a,0.0,V2,cumulative,37,FAIL,1,0,0,1
s37-N10000-b2048-t128,37,10000,2048,128,0,F1a,0.0,V3,cumulative,37,FAIL,1,0,0,1
s37-N10000-b2048-t128,37,10000,2048,128,0,F1b,0.0,V0,cumulative,37,FAIL,1,0,0,1
s37-N10000-b2048-t128,37,10000,2048,128,100,F1b,0.0,V1,cumulative,37,FAIL,1,0,0,1
s37-N10000-b2048-t128,37,10000,2048,128,0,F1b,0.0,V2minus,cumulative,37,FAIL,1,0,0,1
s37-N10000-b2048-t128,37,10000,2048,128,0,F1b,0.0,V2,cumulative,37,FAIL,1,0,0,1
s37-N10000-b2048-t128,37,10000,2048,128,0,F1b,0.0,V3,cumulative,37,FAIL,1,0,0,1
s37-N10000-b2048-t128,37,10000,2048,128,0,F2,0.0,V0,cumulative,37,FAIL,1,0,0,1
s37-N10000-b2048-t128,37,10000,2048,128,100,F2,0.0,V1,cumulative,37,FAIL,1,0,0,1
s37-N10000-b2048-t128,37,10000,2048,128,0,F2,0.0,V2minus,cumulative,37,FAIL,1,0,0,1
s37-N10000-b2048-t128,37,10000,2048,128,0,F2,0.0,V2,cumulative,37,FAIL,1,0,0,1
s37-N10000-b2048-t128,37,10000,2048,128,0,F2,0.0,V3,cumulative,37,FAIL,1,0,0,1
s37-N10000-b2048-t128,37,10000,2048,128,0,F3,0.0,V0,cumulative,37,FAIL,1,0,0,1
s37-N10000-b2048-t128,37,10000,2048,128,100,F3,0.0,V1,cumulative,37,FAIL,1,0,0,1
s37-N10000-b2048-t128,37,10000,2048,128,0,F3,0.0,V2minus,cumulative,37,FAIL,1,0,0,1
s37-N10000-b2048-t128,37,10000,2048,128,0,F3,0.0,V2,cumulative,37,FAIL,1,0,0,1
s37-N10000-b2048-t128,37,10000,2048,128,0,F3,0.0,V3,cumulative,37,FAIL,1,0,0,1
s37-N10000-b2048-t128,37,10000,2048,128,0,F4r,0.0,V0,cumulative,37,FAIL,1,0,0,1
s37-N10000-b2048-t128,37,10000,2048,128,100,F4r,0.0,V1,cumulative,37,FAIL,1,0,0,1
s37-N10000-b2048-t128,37,10000,2048,128,0,F4r,0.0,V2minus,cumulative,37,FAIL,1,0,0,1
s37-N10000-b2048-t128,37,10000,2048,128,0,F4r,0.0,V2,cumulative,37,FAIL,1,0,0,1
s37-N10000-b2048-t128,37,10000,2048,128,0,F4r,0.0,V3,cumulative,37,FAIL,1,0,0,1
s37-N10000-b2048-t128,37,10000,2048,128,0,F4m,0.0,V0,cumulative,37,FAIL,0,0,0,1
s37-N10000-b2048-t128,37,10000,2048,128,100,F4m,0.0,V1,cumulative,37,FAIL,0,0,0,1
s37-N10000-b2048-t128,37,10000,2048,128,0,F4m,0.0,V2minus,cumulative,37,FAIL,0,0,0,1
s37-N10000-b2048-t128,37,10000,2048,128,0,F4m,0.0,V2,cumulative,37,FAIL,0,0,0,1
s37-N10000-b2048-t128,37,10000,2048,128,0,F4m,0.0,V3,cumulative,37,FAIL,0,0,0,1
s37-N10000-b2048-t128,37,10000,2048,128,0,F5,0.0,V0,cumulative,37,PASS,0,0,1,0
s37-N10000-b2048-t128,37,10000,2048,128,100,F5,0.0,V1,cumulative,37,PASS,0,0,1,0
s37-N10000-b2048-t128,37,10000,2048,128,0,F5,0.0,V2minus,cumulative,37,FAIL,1,0,0,1
s37-N10000-b2048-t128,37,10000,2048,128,0,F5,0.0,V2,cumulative,37,FAIL,1,0,0,1
s37-N10000-b2048-t128,37,10000,2048,128,0,F5,0.0,V3,cumulative,37,FAIL,1,0,0,1
s37-N10000-b2048-t128,37,10000,2048,128,0,F5,0.05,V0,cumulative,37,PASS,0,0,500,0
s37-N10000-b2048-t128,37,10000,2048,128,100,F5,0.05,V1,cumulative,37,PASS,0,0,500,0
s37-N10000-b2048-t128,37,10000,2048,128,0,F5,0.05,V2minus,cumulative,37,FAIL,500,0,0,1
s37-N10000-b2048-t128,37,10000,2048,128,0,F5,0.05,V2,cumulative,37,FAIL,500,0,0,1
s37-N10000-b2048-t128,37,10000,2048,128,0,F5,0.05,V3,cumulative,37,FAIL,500,0,0,1
s37-N10000-b2048-t128,37,10000,2048,128,0,F5b,0.0,V0,cumulative,37,PASS,0,0,1,0
s37-N10000-b2048-t128,37,10000,2048,128,100,F5b,0.0,V1,cumulative,37,PASS,0,0,1,0
s37-N10000-b2048-t128,37,10000,2048,128,0,F5b,0.0,V2minus,cumulative,37,FAIL,1,0,0,1
s37-N10000-b2048-t128,37,10000,2048,128,0,F5b,0.0,V2,cumulative,37,FAIL,1,0,0,1
s37-N10000-b2048-t128,37,10000,2048,128,0,F5b,0.0,V3,cumulative,37,FAIL,1,0,0,1
s37-N10000-b2048-t128,37,10000,2048,128,0,F5c,0.0,V0,cumulative,37,PASS,0,0,2,0
s37-N10000-b2048-t128,37,10000,2048,128,100,F5c,0.0,V1,cumulative,37,PASS,0,0,2,0
s37-N10000-b2048-t128,37,10000,2048,128,0,F5c,0.0,V2minus,cumulative,37,FAIL,2,0,0,1
s37-N10000-b2048-t128,37,10000,2048,128,0,F5c,0.0,V2,cumulative,37,FAIL,2,0,0,1
s37-N10000-b2048-t128,37,10000,2048,128,0,F5c,0.0,V3,cumulative,37,FAIL,2,0,0,1
s37-N10000-b2048-t128,37,10000,2048,128,0,F6,0.0,V0,cumulative,37,INCOMPLETE,0,0,0,1
s37-N10000-b2048-t128,37,10000,2048,128,100,F6,0.0,V1,cumulative,37,INCOMPLETE,0,0,0,1
s37-N10000-b2048-t128,37,10000,2048,128,0,F6,0.0,V2minus,cumulative,37,INCOMPLETE,0,0,0,1
s37-N10000-b2048-t128,37,10000,2048,128,0,F6,0.0,V2,cumulative,37,INCOMPLETE,0,0,0,1
s37-N10000-b2048-t128,37,10000,2048,128,0,F6,0.0,V3,cumulative,37,INCOMPLETE,0,0,0,1
s37-N10000-b2048-t128,37,10000,2048,128,0,F7,0.0,V2minus,cumulative,37,UNRUNNABLE,0,0,1,0
s37-N10000-b2048-t128,37,10000,2048,128,0,F7,0.0,V2,cumulative,37,FAIL,1,0,0,1
s38-N10000-b2048-t128,38,10000,2048,128,0,F0,0.0,V0,cumulative,38,PASS,0,0,0,0
s38-N10000-b2048-t128,38,10000,2048,128,100,F0,0.0,V1,cumulative,38,PASS,0,0,0,0
s38-N10000-b2048-t128,38,10000,2048,128,0,F0,0.0,V2minus,cumulative,38,PASS,0,0,0,0
s38-N10000-b2048-t128,38,10000,2048,128,0,F0,0.0,V2,cumulative,38,PASS,0,0,0,0
s38-N10000-b2048-t128,38,10000,2048,128,0,F0,0.0,V3,cumulative,38,PASS,0,0,0,0
s38-N10000-b2048-t128,38,10000,2048,128,0,F1a,0.0,V0,cumulative,38,FAIL,1,0,0,1
s38-N10000-b2048-t128,38,10000,2048,128,100,F1a,0.0,V1,cumulative,38,FAIL,1,0,0,1
s38-N10000-b2048-t128,38,10000,2048,128,0,F1a,0.0,V2minus,cumulative,38,FAIL,1,0,0,1
s38-N10000-b2048-t128,38,10000,2048,128,0,F1a,0.0,V2,cumulative,38,FAIL,1,0,0,1
s38-N10000-b2048-t128,38,10000,2048,128,0,F1a,0.0,V3,cumulative,38,FAIL,1,0,0,1
s38-N10000-b2048-t128,38,10000,2048,128,0,F1b,0.0,V0,cumulative,38,FAIL,1,0,0,1
s38-N10000-b2048-t128,38,10000,2048,128,100,F1b,0.0,V1,cumulative,38,FAIL,1,0,0,1
s38-N10000-b2048-t128,38,10000,2048,128,0,F1b,0.0,V2minus,cumulative,38,FAIL,1,0,0,1
s38-N10000-b2048-t128,38,10000,2048,128,0,F1b,0.0,V2,cumulative,38,FAIL,1,0,0,1
s38-N10000-b2048-t128,38,10000,2048,128,0,F1b,0.0,V3,cumulative,38,FAIL,1,0,0,1
s38-N10000-b2048-t128,38,10000,2048,128,0,F2,0.0,V0,cumulative,38,FAIL,1,0,0,1
s38-N10000-b2048-t128,38,10000,2048,128,100,F2,0.0,V1,cumulative,38,FAIL,1,0,0,1
s38-N10000-b2048-t128,38,10000,2048,128,0,F2,0.0,V2minus,cumulative,38,FAIL,1,0,0,1
s38-N10000-b2048-t128,38,10000,2048,128,0,F2,0.0,V2,cumulative,38,FAIL,1,0,0,1
s38-N10000-b2048-t128,38,10000,2048,128,0,F2,0.0,V3,cumulative,38,FAIL,1,0,0,1
s38-N10000-b2048-t128,38,10000,2048,128,0,F3,0.0,V0,cumulative,38,FAIL,1,0,0,1
s38-N10000-b2048-t128,38,10000,2048,128,100,F3,0.0,V1,cumulative,38,FAIL,1,0,0,1
s38-N10000-b2048-t128,38,10000,2048,128,0,F3,0.0,V2minus,cumulative,38,FAIL,1,0,0,1
s38-N10000-b2048-t128,38,10000,2048,128,0,F3,0.0,V2,cumulative,38,FAIL,1,0,0,1
s38-N10000-b2048-t128,38,10000,2048,128,0,F3,0.0,V3,cumulative,38,FAIL,1,0,0,1
s38-N10000-b2048-t128,38,10000,2048,128,0,F4r,0.0,V0,cumulative,38,FAIL,1,0,0,1
s38-N10000-b2048-t128,38,10000,2048,128,100,F4r,0.0,V1,cumulative,38,FAIL,1,0,0,1
s38-N10000-b2048-t128,38,10000,2048,128,0,F4r,0.0,V2minus,cumulative,38,FAIL,1,0,0,1
s38-N10000-b2048-t128,38,10000,2048,128,0,F4r,0.0,V2,cumulative,38,FAIL,1,0,0,1
s38-N10000-b2048-t128,38,10000,2048,128,0,F4r,0.0,V3,cumulative,38,FAIL,1,0,0,1
s38-N10000-b2048-t128,38,10000,2048,128,0,F4m,0.0,V0,cumulative,38,FAIL,0,0,0,1
s38-N10000-b2048-t128,38,10000,2048,128,100,F4m,0.0,V1,cumulative,38,FAIL,0,0,0,1
s38-N10000-b2048-t128,38,10000,2048,128,0,F4m,0.0,V2minus,cumulative,38,FAIL,0,0,0,1
s38-N10000-b2048-t128,38,10000,2048,128,0,F4m,0.0,V2,cumulative,38,FAIL,0,0,0,1
s38-N10000-b2048-t128,38,10000,2048,128,0,F4m,0.0,V3,cumulative,38,FAIL,0,0,0,1
s38-N10000-b2048-t128,38,10000,2048,128,0,F5,0.0,V0,cumulative,38,PASS,0,0,1,0
s38-N10000-b2048-t128,38,10000,2048,128,100,F5,0.0,V1,cumulative,38,PASS,0,0,1,0
s38-N10000-b2048-t128,38,10000,2048,128,0,F5,0.0,V2minus,cumulative,38,FAIL,1,0,0,1
s38-N10000-b2048-t128,38,10000,2048,128,0,F5,0.0,V2,cumulative,38,FAIL,1,0,0,1
s38-N10000-b2048-t128,38,10000,2048,128,0,F5,0.0,V3,cumulative,38,FAIL,1,0,0,1
s38-N10000-b2048-t128,38,10000,2048,128,0,F5,0.05,V0,cumulative,38,PASS,0,0,500,0
s38-N10000-b2048-t128,38,10000,2048,128,100,F5,0.05,V1,cumulative,38,PASS,0,0,500,0
s38-N10000-b2048-t128,38,10000,2048,128,0,F5,0.05,V2minus,cumulative,38,FAIL,500,0,0,1
s38-N10000-b2048-t128,38,10000,2048,128,0,F5,0.05,V2,cumulative,38,FAIL,500,0,0,1
s38-N10000-b2048-t128,38,10000,2048,128,0,F5,0.05,V3,cumulative,38,FAIL,500,0,0,1
s38-N10000-b2048-t128,38,10000,2048,128,0,F5b,0.0,V0,cumulative,38,PASS,0,0,1,0
s38-N10000-b2048-t128,38,10000,2048,128,100,F5b,0.0,V1,cumulative,38,PASS,0,0,1,0
s38-N10000-b2048-t128,38,10000,2048,128,0,F5b,0.0,V2minus,cumulative,38,FAIL,1,0,0,1
s38-N10000-b2048-t128,38,10000,2048,128,0,F5b,0.0,V2,cumulative,38,FAIL,1,0,0,1
s38-N10000-b2048-t128,38,10000,2048,128,0,F5b,0.0,V3,cumulative,38,FAIL,1,0,0,1
s38-N10000-b2048-t128,38,10000,2048,128,0,F5c,0.0,V0,cumulative,38,PASS,0,0,2,0
s38-N10000-b2048-t128,38,10000,2048,128,100,F5c,0.0,V1,cumulative,38,PASS,0,0,2,0
s38-N10000-b2048-t128,38,10000,2048,128,0,F5c,0.0,V2minus,cumulative,38,FAIL,2,0,0,1
s38-N10000-b2048-t128,38,10000,2048,128,0,F5c,0.0,V2,cumulative,38,FAIL,2,0,0,1
s38-N10000-b2048-t128,38,10000,2048,128,0,F5c,0.0,V3,cumulative,38,FAIL,2,0,0,1
s38-N10000-b2048-t128,38,10000,2048,128,0,F6,0.0,V0,cumulative,38,INCOMPLETE,0,0,0,1
s38-N10000-b2048-t128,38,10000,2048,128,100,F6,0.0,V1,cumulative,38,INCOMPLETE,0,0,0,1
s38-N10000-b2048-t128,38,10000,2048,128,0,F6,0.0,V2minus,cumulative,38,INCOMPLETE,0,0,0,1
s38-N10000-b2048-t128,38,10000,2048,128,0,F6,0.0,V2,cumulative,38,INCOMPLETE,0,0,0,1
s38-N10000-b2048-t128,38,10000,2048,128,0,F6,0.0,V3,cumulative,38,INCOMPLETE,0,0,0,1
s38-N10000-b2048-t128,38,10000,2048,128,0,F7,0.0,V2minus,cumulative,38,UNRUNNABLE,0,0,1,0
s38-N10000-b2048-t128,38,10000,2048,128,0,F7,0.0,V2,cumulative,38,FAIL,1,0,0,1
s39-N10000-b2048-t128,39,10000,2048,128,0,F0,0.0,V0,cumulative,39,PASS,0,0,0,0
s39-N10000-b2048-t128,39,10000,2048,128,100,F0,0.0,V1,cumulative,39,PASS,0,0,0,0
s39-N10000-b2048-t128,39,10000,2048,128,0,F0,0.0,V2minus,cumulative,39,PASS,0,0,0,0
s39-N10000-b2048-t128,39,10000,2048,128,0,F0,0.0,V2,cumulative,39,PASS,0,0,0,0
s39-N10000-b2048-t128,39,10000,2048,128,0,F0,0.0,V3,cumulative,39,PASS,0,0,0,0
s39-N10000-b2048-t128,39,10000,2048,128,0,F1a,0.0,V0,cumulative,39,FAIL,1,0,0,1
s39-N10000-b2048-t128,39,10000,2048,128,100,F1a,0.0,V1,cumulative,39,FAIL,1,0,0,1
s39-N10000-b2048-t128,39,10000,2048,128,0,F1a,0.0,V2minus,cumulative,39,FAIL,1,0,0,1
s39-N10000-b2048-t128,39,10000,2048,128,0,F1a,0.0,V2,cumulative,39,FAIL,1,0,0,1
s39-N10000-b2048-t128,39,10000,2048,128,0,F1a,0.0,V3,cumulative,39,FAIL,1,0,0,1
s39-N10000-b2048-t128,39,10000,2048,128,0,F1b,0.0,V0,cumulative,39,FAIL,1,0,0,1
s39-N10000-b2048-t128,39,10000,2048,128,100,F1b,0.0,V1,cumulative,39,FAIL,1,0,0,1
s39-N10000-b2048-t128,39,10000,2048,128,0,F1b,0.0,V2minus,cumulative,39,FAIL,1,0,0,1
s39-N10000-b2048-t128,39,10000,2048,128,0,F1b,0.0,V2,cumulative,39,FAIL,1,0,0,1
s39-N10000-b2048-t128,39,10000,2048,128,0,F1b,0.0,V3,cumulative,39,FAIL,1,0,0,1
s39-N10000-b2048-t128,39,10000,2048,128,0,F2,0.0,V0,cumulative,39,FAIL,1,0,0,1
s39-N10000-b2048-t128,39,10000,2048,128,100,F2,0.0,V1,cumulative,39,FAIL,1,0,0,1
s39-N10000-b2048-t128,39,10000,2048,128,0,F2,0.0,V2minus,cumulative,39,FAIL,1,0,0,1
s39-N10000-b2048-t128,39,10000,2048,128,0,F2,0.0,V2,cumulative,39,FAIL,1,0,0,1
s39-N10000-b2048-t128,39,10000,2048,128,0,F2,0.0,V3,cumulative,39,FAIL,1,0,0,1
s39-N10000-b2048-t128,39,10000,2048,128,0,F3,0.0,V0,cumulative,39,FAIL,1,0,0,1
s39-N10000-b2048-t128,39,10000,2048,128,100,F3,0.0,V1,cumulative,39,FAIL,1,0,0,1
s39-N10000-b2048-t128,39,10000,2048,128,0,F3,0.0,V2minus,cumulative,39,FAIL,1,0,0,1
s39-N10000-b2048-t128,39,10000,2048,128,0,F3,0.0,V2,cumulative,39,FAIL,1,0,0,1
s39-N10000-b2048-t128,39,10000,2048,128,0,F3,0.0,V3,cumulative,39,FAIL,1,0,0,1
s39-N10000-b2048-t128,39,10000,2048,128,0,F4r,0.0,V0,cumulative,39,FAIL,1,0,0,1
s39-N10000-b2048-t128,39,10000,2048,128,100,F4r,0.0,V1,cumulative,39,FAIL,1,0,0,1
s39-N10000-b2048-t128,39,10000,2048,128,0,F4r,0.0,V2minus,cumulative,39,FAIL,1,0,0,1
s39-N10000-b2048-t128,39,10000,2048,128,0,F4r,0.0,V2,cumulative,39,FAIL,1,0,0,1
s39-N10000-b2048-t128,39,10000,2048,128,0,F4r,0.0,V3,cumulative,39,FAIL,1,0,0,1
s39-N10000-b2048-t128,39,10000,2048,128,0,F4m,0.0,V0,cumulative,39,FAIL,0,0,0,1
s39-N10000-b2048-t128,39,10000,2048,128,100,F4m,0.0,V1,cumulative,39,FAIL,0,0,0,1
s39-N10000-b2048-t128,39,10000,2048,128,0,F4m,0.0,V2minus,cumulative,39,FAIL,0,0,0,1
s39-N10000-b2048-t128,39,10000,2048,128,0,F4m,0.0,V2,cumulative,39,FAIL,0,0,0,1
s39-N10000-b2048-t128,39,10000,2048,128,0,F4m,0.0,V3,cumulative,39,FAIL,0,0,0,1
s39-N10000-b2048-t128,39,10000,2048,128,0,F5,0.0,V0,cumulative,39,PASS,0,0,1,0
s39-N10000-b2048-t128,39,10000,2048,128,100,F5,0.0,V1,cumulative,39,PASS,0,0,1,0
s39-N10000-b2048-t128,39,10000,2048,128,0,F5,0.0,V2minus,cumulative,39,FAIL,1,0,0,1
s39-N10000-b2048-t128,39,10000,2048,128,0,F5,0.0,V2,cumulative,39,FAIL,1,0,0,1
s39-N10000-b2048-t128,39,10000,2048,128,0,F5,0.0,V3,cumulative,39,FAIL,1,0,0,1
s39-N10000-b2048-t128,39,10000,2048,128,0,F5,0.05,V0,cumulative,39,PASS,0,0,500,0
s39-N10000-b2048-t128,39,10000,2048,128,100,F5,0.05,V1,cumulative,39,PASS,0,0,500,0
s39-N10000-b2048-t128,39,10000,2048,128,0,F5,0.05,V2minus,cumulative,39,FAIL,500,0,0,1
s39-N10000-b2048-t128,39,10000,2048,128,0,F5,0.05,V2,cumulative,39,FAIL,500,0,0,1
s39-N10000-b2048-t128,39,10000,2048,128,0,F5,0.05,V3,cumulative,39,FAIL,500,0,0,1
s39-N10000-b2048-t128,39,10000,2048,128,0,F5b,0.0,V0,cumulative,39,PASS,0,0,1,0
s39-N10000-b2048-t128,39,10000,2048,128,100,F5b,0.0,V1,cumulative,39,PASS,0,0,1,0
s39-N10000-b2048-t128,39,10000,2048,128,0,F5b,0.0,V2minus,cumulative,39,FAIL,1,0,0,1
s39-N10000-b2048-t128,39,10000,2048,128,0,F5b,0.0,V2,cumulative,39,FAIL,1,0,0,1
s39-N10000-b2048-t128,39,10000,2048,128,0,F5b,0.0,V3,cumulative,39,FAIL,1,0,0,1
s39-N10000-b2048-t128,39,10000,2048,128,0,F5c,0.0,V0,cumulative,39,PASS,0,0,2,0
s39-N10000-b2048-t128,39,10000,2048,128,100,F5c,0.0,V1,cumulative,39,PASS,0,0,2,0
s39-N10000-b2048-t128,39,10000,2048,128,0,F5c,0.0,V2minus,cumulative,39,FAIL,2,0,0,1
s39-N10000-b2048-t128,39,10000,2048,128,0,F5c,0.0,V2,cumulative,39,FAIL,2,0,0,1
s39-N10000-b2048-t128,39,10000,2048,128,0,F5c,0.0,V3,cumulative,39,FAIL,2,0,0,1
s39-N10000-b2048-t128,39,10000,2048,128,0,F6,0.0,V0,cumulative,39,INCOMPLETE,0,0,0,1
s39-N10000-b2048-t128,39,10000,2048,128,100,F6,0.0,V1,cumulative,39,INCOMPLETE,0,0,0,1
s39-N10000-b2048-t128,39,10000,2048,128,0,F6,0.0,V2minus,cumulative,39,INCOMPLETE,0,0,0,1
s39-N10000-b2048-t128,39,10000,2048,128,0,F6,0.0,V2,cumulative,39,INCOMPLETE,0,0,0,1
s39-N10000-b2048-t128,39,10000,2048,128,0,F6,0.0,V3,cumulative,39,INCOMPLETE,0,0,0,1
s39-N10000-b2048-t128,39,10000,2048,128,0,F7,0.0,V2minus,cumulative,39,UNRUNNABLE,0,0,1,0
s39-N10000-b2048-t128,39,10000,2048,128,0,F7,0.0,V2,cumulative,39,FAIL,1,0,0,1
s40-N10000-b2048-t128,40,10000,2048,128,0,F0,0.0,V0,cumulative,40,PASS,0,0,0,0
s40-N10000-b2048-t128,40,10000,2048,128,100,F0,0.0,V1,cumulative,40,PASS,0,0,0,0
s40-N10000-b2048-t128,40,10000,2048,128,0,F0,0.0,V2minus,cumulative,40,PASS,0,0,0,0
s40-N10000-b2048-t128,40,10000,2048,128,0,F0,0.0,V2,cumulative,40,PASS,0,0,0,0
s40-N10000-b2048-t128,40,10000,2048,128,0,F0,0.0,V3,cumulative,40,PASS,0,0,0,0
s40-N10000-b2048-t128,40,10000,2048,128,0,F1a,0.0,V0,cumulative,40,FAIL,1,0,0,1
s40-N10000-b2048-t128,40,10000,2048,128,100,F1a,0.0,V1,cumulative,40,FAIL,1,0,0,1
s40-N10000-b2048-t128,40,10000,2048,128,0,F1a,0.0,V2minus,cumulative,40,FAIL,1,0,0,1
s40-N10000-b2048-t128,40,10000,2048,128,0,F1a,0.0,V2,cumulative,40,FAIL,1,0,0,1
s40-N10000-b2048-t128,40,10000,2048,128,0,F1a,0.0,V3,cumulative,40,FAIL,1,0,0,1
s40-N10000-b2048-t128,40,10000,2048,128,0,F1b,0.0,V0,cumulative,40,FAIL,1,0,0,1
s40-N10000-b2048-t128,40,10000,2048,128,100,F1b,0.0,V1,cumulative,40,FAIL,1,0,0,1
s40-N10000-b2048-t128,40,10000,2048,128,0,F1b,0.0,V2minus,cumulative,40,FAIL,1,0,0,1
s40-N10000-b2048-t128,40,10000,2048,128,0,F1b,0.0,V2,cumulative,40,FAIL,1,0,0,1
s40-N10000-b2048-t128,40,10000,2048,128,0,F1b,0.0,V3,cumulative,40,FAIL,1,0,0,1
s40-N10000-b2048-t128,40,10000,2048,128,0,F2,0.0,V0,cumulative,40,FAIL,1,0,0,1
s40-N10000-b2048-t128,40,10000,2048,128,100,F2,0.0,V1,cumulative,40,FAIL,1,0,0,1
s40-N10000-b2048-t128,40,10000,2048,128,0,F2,0.0,V2minus,cumulative,40,FAIL,1,0,0,1
s40-N10000-b2048-t128,40,10000,2048,128,0,F2,0.0,V2,cumulative,40,FAIL,1,0,0,1
s40-N10000-b2048-t128,40,10000,2048,128,0,F2,0.0,V3,cumulative,40,FAIL,1,0,0,1
s40-N10000-b2048-t128,40,10000,2048,128,0,F3,0.0,V0,cumulative,40,FAIL,1,0,0,1
s40-N10000-b2048-t128,40,10000,2048,128,100,F3,0.0,V1,cumulative,40,FAIL,1,0,0,1
s40-N10000-b2048-t128,40,10000,2048,128,0,F3,0.0,V2minus,cumulative,40,FAIL,1,0,0,1
s40-N10000-b2048-t128,40,10000,2048,128,0,F3,0.0,V2,cumulative,40,FAIL,1,0,0,1
s40-N10000-b2048-t128,40,10000,2048,128,0,F3,0.0,V3,cumulative,40,FAIL,1,0,0,1
s40-N10000-b2048-t128,40,10000,2048,128,0,F4r,0.0,V0,cumulative,40,FAIL,1,1,0,1
s40-N10000-b2048-t128,40,10000,2048,128,100,F4r,0.0,V1,cumulative,40,FAIL,1,1,0,1
s40-N10000-b2048-t128,40,10000,2048,128,0,F4r,0.0,V2minus,cumulative,40,FAIL,1,1,0,1
s40-N10000-b2048-t128,40,10000,2048,128,0,F4r,0.0,V2,cumulative,40,FAIL,1,1,0,1
s40-N10000-b2048-t128,40,10000,2048,128,0,F4r,0.0,V3,cumulative,40,FAIL,1,1,0,1
s40-N10000-b2048-t128,40,10000,2048,128,0,F4m,0.0,V0,cumulative,40,FAIL,0,0,0,1
s40-N10000-b2048-t128,40,10000,2048,128,100,F4m,0.0,V1,cumulative,40,FAIL,0,0,0,1
s40-N10000-b2048-t128,40,10000,2048,128,0,F4m,0.0,V2minus,cumulative,40,FAIL,0,0,0,1
s40-N10000-b2048-t128,40,10000,2048,128,0,F4m,0.0,V2,cumulative,40,FAIL,0,0,0,1
s40-N10000-b2048-t128,40,10000,2048,128,0,F4m,0.0,V3,cumulative,40,FAIL,0,0,0,1
s40-N10000-b2048-t128,40,10000,2048,128,0,F5,0.0,V0,cumulative,40,PASS,0,0,1,0
s40-N10000-b2048-t128,40,10000,2048,128,100,F5,0.0,V1,cumulative,40,PASS,0,0,1,0
s40-N10000-b2048-t128,40,10000,2048,128,0,F5,0.0,V2minus,cumulative,40,FAIL,1,0,0,1
s40-N10000-b2048-t128,40,10000,2048,128,0,F5,0.0,V2,cumulative,40,FAIL,1,0,0,1
s40-N10000-b2048-t128,40,10000,2048,128,0,F5,0.0,V3,cumulative,40,FAIL,1,0,0,1
s40-N10000-b2048-t128,40,10000,2048,128,0,F5,0.05,V0,cumulative,40,PASS,0,0,500,0
s40-N10000-b2048-t128,40,10000,2048,128,100,F5,0.05,V1,cumulative,40,PASS,0,0,500,0
s40-N10000-b2048-t128,40,10000,2048,128,0,F5,0.05,V2minus,cumulative,40,FAIL,500,0,0,1
s40-N10000-b2048-t128,40,10000,2048,128,0,F5,0.05,V2,cumulative,40,FAIL,500,0,0,1
s40-N10000-b2048-t128,40,10000,2048,128,0,F5,0.05,V3,cumulative,40,FAIL,500,0,0,1
s40-N10000-b2048-t128,40,10000,2048,128,0,F5b,0.0,V0,cumulative,40,PASS,0,0,1,0
s40-N10000-b2048-t128,40,10000,2048,128,100,F5b,0.0,V1,cumulative,40,PASS,0,0,1,0
s40-N10000-b2048-t128,40,10000,2048,128,0,F5b,0.0,V2minus,cumulative,40,FAIL,1,0,0,1
s40-N10000-b2048-t128,40,10000,2048,128,0,F5b,0.0,V2,cumulative,40,FAIL,1,0,0,1
s40-N10000-b2048-t128,40,10000,2048,128,0,F5b,0.0,V3,cumulative,40,FAIL,1,0,0,1
s40-N10000-b2048-t128,40,10000,2048,128,0,F5c,0.0,V0,cumulative,40,PASS,0,0,2,0
s40-N10000-b2048-t128,40,10000,2048,128,100,F5c,0.0,V1,cumulative,40,PASS,0,0,2,0
s40-N10000-b2048-t128,40,10000,2048,128,0,F5c,0.0,V2minus,cumulative,40,FAIL,2,0,0,1
s40-N10000-b2048-t128,40,10000,2048,128,0,F5c,0.0,V2,cumulative,40,FAIL,2,0,0,1
s40-N10000-b2048-t128,40,10000,2048,128,0,F5c,0.0,V3,cumulative,40,FAIL,2,0,0,1
s40-N10000-b2048-t128,40,10000,2048,128,0,F6,0.0,V0,cumulative,40,INCOMPLETE,0,0,0,1
s40-N10000-b2048-t128,40,10000,2048,128,100,F6,0.0,V1,cumulative,40,INCOMPLETE,0,0,0,1
s40-N10000-b2048-t128,40,10000,2048,128,0,F6,0.0,V2minus,cumulative,40,INCOMPLETE,0,0,0,1
s40-N10000-b2048-t128,40,10000,2048,128,0,F6,0.0,V2,cumulative,40,INCOMPLETE,0,0,0,1
s40-N10000-b2048-t128,40,10000,2048,128,0,F6,0.0,V3,cumulative,40,INCOMPLETE,0,0,0,1
s40-N10000-b2048-t128,40,10000,2048,128,0,F7,0.0,V2minus,cumulative,40,UNRUNNABLE,0,0,1,0
s40-N10000-b2048-t128,40,10000,2048,128,0,F7,0.0,V2,cumulative,40,FAIL,1,0,0,1
s41-N10000-b2048-t128,41,10000,2048,128,0,F0,0.0,V0,cumulative,41,PASS,0,0,0,0
s41-N10000-b2048-t128,41,10000,2048,128,100,F0,0.0,V1,cumulative,41,PASS,0,0,0,0
s41-N10000-b2048-t128,41,10000,2048,128,0,F0,0.0,V2minus,cumulative,41,PASS,0,0,0,0
s41-N10000-b2048-t128,41,10000,2048,128,0,F0,0.0,V2,cumulative,41,PASS,0,0,0,0
s41-N10000-b2048-t128,41,10000,2048,128,0,F0,0.0,V3,cumulative,41,PASS,0,0,0,0
s41-N10000-b2048-t128,41,10000,2048,128,0,F1a,0.0,V0,cumulative,41,FAIL,1,0,0,1
s41-N10000-b2048-t128,41,10000,2048,128,100,F1a,0.0,V1,cumulative,41,FAIL,1,0,0,1
s41-N10000-b2048-t128,41,10000,2048,128,0,F1a,0.0,V2minus,cumulative,41,FAIL,1,0,0,1
s41-N10000-b2048-t128,41,10000,2048,128,0,F1a,0.0,V2,cumulative,41,FAIL,1,0,0,1
s41-N10000-b2048-t128,41,10000,2048,128,0,F1a,0.0,V3,cumulative,41,FAIL,1,0,0,1
s41-N10000-b2048-t128,41,10000,2048,128,0,F1b,0.0,V0,cumulative,41,FAIL,1,0,0,1
s41-N10000-b2048-t128,41,10000,2048,128,100,F1b,0.0,V1,cumulative,41,FAIL,1,0,0,1
s41-N10000-b2048-t128,41,10000,2048,128,0,F1b,0.0,V2minus,cumulative,41,FAIL,1,0,0,1
s41-N10000-b2048-t128,41,10000,2048,128,0,F1b,0.0,V2,cumulative,41,FAIL,1,0,0,1
s41-N10000-b2048-t128,41,10000,2048,128,0,F1b,0.0,V3,cumulative,41,FAIL,1,0,0,1
s41-N10000-b2048-t128,41,10000,2048,128,0,F2,0.0,V0,cumulative,41,FAIL,1,0,0,1
s41-N10000-b2048-t128,41,10000,2048,128,100,F2,0.0,V1,cumulative,41,FAIL,1,0,0,1
s41-N10000-b2048-t128,41,10000,2048,128,0,F2,0.0,V2minus,cumulative,41,FAIL,1,0,0,1
s41-N10000-b2048-t128,41,10000,2048,128,0,F2,0.0,V2,cumulative,41,FAIL,1,0,0,1
s41-N10000-b2048-t128,41,10000,2048,128,0,F2,0.0,V3,cumulative,41,FAIL,1,0,0,1
s41-N10000-b2048-t128,41,10000,2048,128,0,F3,0.0,V0,cumulative,41,FAIL,1,0,0,1
s41-N10000-b2048-t128,41,10000,2048,128,100,F3,0.0,V1,cumulative,41,FAIL,1,0,0,1
s41-N10000-b2048-t128,41,10000,2048,128,0,F3,0.0,V2minus,cumulative,41,FAIL,1,0,0,1
s41-N10000-b2048-t128,41,10000,2048,128,0,F3,0.0,V2,cumulative,41,FAIL,1,0,0,1
s41-N10000-b2048-t128,41,10000,2048,128,0,F3,0.0,V3,cumulative,41,FAIL,1,0,0,1
s41-N10000-b2048-t128,41,10000,2048,128,0,F4r,0.0,V0,cumulative,41,FAIL,1,0,0,1
s41-N10000-b2048-t128,41,10000,2048,128,100,F4r,0.0,V1,cumulative,41,FAIL,1,0,0,1
s41-N10000-b2048-t128,41,10000,2048,128,0,F4r,0.0,V2minus,cumulative,41,FAIL,1,0,0,1
s41-N10000-b2048-t128,41,10000,2048,128,0,F4r,0.0,V2,cumulative,41,FAIL,1,0,0,1
s41-N10000-b2048-t128,41,10000,2048,128,0,F4r,0.0,V3,cumulative,41,FAIL,1,0,0,1
s41-N10000-b2048-t128,41,10000,2048,128,0,F4m,0.0,V0,cumulative,41,FAIL,0,0,0,1
s41-N10000-b2048-t128,41,10000,2048,128,100,F4m,0.0,V1,cumulative,41,FAIL,0,0,0,1
s41-N10000-b2048-t128,41,10000,2048,128,0,F4m,0.0,V2minus,cumulative,41,FAIL,0,0,0,1
s41-N10000-b2048-t128,41,10000,2048,128,0,F4m,0.0,V2,cumulative,41,FAIL,0,0,0,1
s41-N10000-b2048-t128,41,10000,2048,128,0,F4m,0.0,V3,cumulative,41,FAIL,0,0,0,1
s41-N10000-b2048-t128,41,10000,2048,128,0,F5,0.0,V0,cumulative,41,PASS,0,0,1,0
s41-N10000-b2048-t128,41,10000,2048,128,100,F5,0.0,V1,cumulative,41,PASS,0,0,1,0
s41-N10000-b2048-t128,41,10000,2048,128,0,F5,0.0,V2minus,cumulative,41,FAIL,1,0,0,1
s41-N10000-b2048-t128,41,10000,2048,128,0,F5,0.0,V2,cumulative,41,FAIL,1,0,0,1
s41-N10000-b2048-t128,41,10000,2048,128,0,F5,0.0,V3,cumulative,41,FAIL,1,0,0,1
s41-N10000-b2048-t128,41,10000,2048,128,0,F5,0.05,V0,cumulative,41,PASS,0,0,500,0
s41-N10000-b2048-t128,41,10000,2048,128,100,F5,0.05,V1,cumulative,41,PASS,0,0,500,0
s41-N10000-b2048-t128,41,10000,2048,128,0,F5,0.05,V2minus,cumulative,41,FAIL,500,0,0,1
s41-N10000-b2048-t128,41,10000,2048,128,0,F5,0.05,V2,cumulative,41,FAIL,500,0,0,1
s41-N10000-b2048-t128,41,10000,2048,128,0,F5,0.05,V3,cumulative,41,FAIL,500,0,0,1
s41-N10000-b2048-t128,41,10000,2048,128,0,F5b,0.0,V0,cumulative,41,PASS,0,0,1,0
s41-N10000-b2048-t128,41,10000,2048,128,100,F5b,0.0,V1,cumulative,41,PASS,0,0,1,0
s41-N10000-b2048-t128,41,10000,2048,128,0,F5b,0.0,V2minus,cumulative,41,FAIL,1,0,0,1
s41-N10000-b2048-t128,41,10000,2048,128,0,F5b,0.0,V2,cumulative,41,FAIL,1,0,0,1
s41-N10000-b2048-t128,41,10000,2048,128,0,F5b,0.0,V3,cumulative,41,FAIL,1,0,0,1
s41-N10000-b2048-t128,41,10000,2048,128,0,F5c,0.0,V0,cumulative,41,PASS,0,0,2,0
s41-N10000-b2048-t128,41,10000,2048,128,100,F5c,0.0,V1,cumulative,41,PASS,0,0,2,0
s41-N10000-b2048-t128,41,10000,2048,128,0,F5c,0.0,V2minus,cumulative,41,FAIL,2,0,0,1
s41-N10000-b2048-t128,41,10000,2048,128,0,F5c,0.0,V2,cumulative,41,FAIL,2,0,0,1
s41-N10000-b2048-t128,41,10000,2048,128,0,F5c,0.0,V3,cumulative,41,FAIL,2,0,0,1
s41-N10000-b2048-t128,41,10000,2048,128,0,F6,0.0,V0,cumulative,41,INCOMPLETE,0,0,0,1
s41-N10000-b2048-t128,41,10000,2048,128,100,F6,0.0,V1,cumulative,41,INCOMPLETE,0,0,0,1
s41-N10000-b2048-t128,41,10000,2048,128,0,F6,0.0,V2minus,cumulative,41,INCOMPLETE,0,0,0,1
s41-N10000-b2048-t128,41,10000,2048,128,0,F6,0.0,V2,cumulative,41,INCOMPLETE,0,0,0,1
s41-N10000-b2048-t128,41,10000,2048,128,0,F6,0.0,V3,cumulative,41,INCOMPLETE,0,0,0,1
s41-N10000-b2048-t128,41,10000,2048,128,0,F7,0.0,V2minus,cumulative,41,UNRUNNABLE,0,0,1,0
s41-N10000-b2048-t128,41,10000,2048,128,0,F7,0.0,V2,cumulative,41,FAIL,1,0,0,1
s42-N10000-b2048-t128,42,10000,2048,128,0,F0,0.0,V0,cumulative,42,PASS,0,0,0,0
s42-N10000-b2048-t128,42,10000,2048,128,100,F0,0.0,V1,cumulative,42,PASS,0,0,0,0
s42-N10000-b2048-t128,42,10000,2048,128,0,F0,0.0,V2minus,cumulative,42,PASS,0,0,0,0
s42-N10000-b2048-t128,42,10000,2048,128,0,F0,0.0,V2,cumulative,42,PASS,0,0,0,0
s42-N10000-b2048-t128,42,10000,2048,128,0,F0,0.0,V3,cumulative,42,PASS,0,0,0,0
s42-N10000-b2048-t128,42,10000,2048,128,0,F1a,0.0,V0,cumulative,42,FAIL,1,0,0,1
s42-N10000-b2048-t128,42,10000,2048,128,100,F1a,0.0,V1,cumulative,42,FAIL,1,0,0,1
s42-N10000-b2048-t128,42,10000,2048,128,0,F1a,0.0,V2minus,cumulative,42,FAIL,1,0,0,1
s42-N10000-b2048-t128,42,10000,2048,128,0,F1a,0.0,V2,cumulative,42,FAIL,1,0,0,1
s42-N10000-b2048-t128,42,10000,2048,128,0,F1a,0.0,V3,cumulative,42,FAIL,1,0,0,1
s42-N10000-b2048-t128,42,10000,2048,128,0,F1b,0.0,V0,cumulative,42,FAIL,1,0,0,1
s42-N10000-b2048-t128,42,10000,2048,128,100,F1b,0.0,V1,cumulative,42,FAIL,1,0,0,1
s42-N10000-b2048-t128,42,10000,2048,128,0,F1b,0.0,V2minus,cumulative,42,FAIL,1,0,0,1
s42-N10000-b2048-t128,42,10000,2048,128,0,F1b,0.0,V2,cumulative,42,FAIL,1,0,0,1
s42-N10000-b2048-t128,42,10000,2048,128,0,F1b,0.0,V3,cumulative,42,FAIL,1,0,0,1
s42-N10000-b2048-t128,42,10000,2048,128,0,F2,0.0,V0,cumulative,42,FAIL,1,0,0,1
s42-N10000-b2048-t128,42,10000,2048,128,100,F2,0.0,V1,cumulative,42,FAIL,1,0,0,1
s42-N10000-b2048-t128,42,10000,2048,128,0,F2,0.0,V2minus,cumulative,42,FAIL,1,0,0,1
s42-N10000-b2048-t128,42,10000,2048,128,0,F2,0.0,V2,cumulative,42,FAIL,1,0,0,1
s42-N10000-b2048-t128,42,10000,2048,128,0,F2,0.0,V3,cumulative,42,FAIL,1,0,0,1
s42-N10000-b2048-t128,42,10000,2048,128,0,F3,0.0,V0,cumulative,42,FAIL,1,0,0,1
s42-N10000-b2048-t128,42,10000,2048,128,100,F3,0.0,V1,cumulative,42,FAIL,1,0,0,1
s42-N10000-b2048-t128,42,10000,2048,128,0,F3,0.0,V2minus,cumulative,42,FAIL,1,0,0,1
s42-N10000-b2048-t128,42,10000,2048,128,0,F3,0.0,V2,cumulative,42,FAIL,1,0,0,1
s42-N10000-b2048-t128,42,10000,2048,128,0,F3,0.0,V3,cumulative,42,FAIL,1,0,0,1
s42-N10000-b2048-t128,42,10000,2048,128,0,F4r,0.0,V0,cumulative,42,FAIL,1,0,0,1
s42-N10000-b2048-t128,42,10000,2048,128,100,F4r,0.0,V1,cumulative,42,FAIL,1,0,0,1
s42-N10000-b2048-t128,42,10000,2048,128,0,F4r,0.0,V2minus,cumulative,42,FAIL,1,0,0,1
s42-N10000-b2048-t128,42,10000,2048,128,0,F4r,0.0,V2,cumulative,42,FAIL,1,0,0,1
s42-N10000-b2048-t128,42,10000,2048,128,0,F4r,0.0,V3,cumulative,42,FAIL,1,0,0,1
s42-N10000-b2048-t128,42,10000,2048,128,0,F4m,0.0,V0,cumulative,42,FAIL,0,0,0,1
s42-N10000-b2048-t128,42,10000,2048,128,100,F4m,0.0,V1,cumulative,42,FAIL,0,0,0,1
s42-N10000-b2048-t128,42,10000,2048,128,0,F4m,0.0,V2minus,cumulative,42,FAIL,0,0,0,1
s42-N10000-b2048-t128,42,10000,2048,128,0,F4m,0.0,V2,cumulative,42,FAIL,0,0,0,1
s42-N10000-b2048-t128,42,10000,2048,128,0,F4m,0.0,V3,cumulative,42,FAIL,0,0,0,1
s42-N10000-b2048-t128,42,10000,2048,128,0,F5,0.0,V0,cumulative,42,PASS,0,0,1,0
s42-N10000-b2048-t128,42,10000,2048,128,100,F5,0.0,V1,cumulative,42,PASS,0,0,1,0
s42-N10000-b2048-t128,42,10000,2048,128,0,F5,0.0,V2minus,cumulative,42,FAIL,1,0,0,1
s42-N10000-b2048-t128,42,10000,2048,128,0,F5,0.0,V2,cumulative,42,FAIL,1,0,0,1
s42-N10000-b2048-t128,42,10000,2048,128,0,F5,0.0,V3,cumulative,42,FAIL,1,0,0,1
s42-N10000-b2048-t128,42,10000,2048,128,0,F5,0.05,V0,cumulative,42,PASS,0,0,500,0
s42-N10000-b2048-t128,42,10000,2048,128,100,F5,0.05,V1,cumulative,42,PASS,0,0,500,0
s42-N10000-b2048-t128,42,10000,2048,128,0,F5,0.05,V2minus,cumulative,42,FAIL,500,0,0,1
s42-N10000-b2048-t128,42,10000,2048,128,0,F5,0.05,V2,cumulative,42,FAIL,500,0,0,1
s42-N10000-b2048-t128,42,10000,2048,128,0,F5,0.05,V3,cumulative,42,FAIL,500,0,0,1
s42-N10000-b2048-t128,42,10000,2048,128,0,F5b,0.0,V0,cumulative,42,PASS,0,0,1,0
s42-N10000-b2048-t128,42,10000,2048,128,100,F5b,0.0,V1,cumulative,42,PASS,0,0,1,0
s42-N10000-b2048-t128,42,10000,2048,128,0,F5b,0.0,V2minus,cumulative,42,FAIL,1,0,0,1
s42-N10000-b2048-t128,42,10000,2048,128,0,F5b,0.0,V2,cumulative,42,FAIL,1,0,0,1
s42-N10000-b2048-t128,42,10000,2048,128,0,F5b,0.0,V3,cumulative,42,FAIL,1,0,0,1
s42-N10000-b2048-t128,42,10000,2048,128,0,F5c,0.0,V0,cumulative,42,PASS,0,0,2,0
s42-N10000-b2048-t128,42,10000,2048,128,100,F5c,0.0,V1,cumulative,42,PASS,0,0,2,0
s42-N10000-b2048-t128,42,10000,2048,128,0,F5c,0.0,V2minus,cumulative,42,FAIL,2,0,0,1
s42-N10000-b2048-t128,42,10000,2048,128,0,F5c,0.0,V2,cumulative,42,FAIL,2,0,0,1
s42-N10000-b2048-t128,42,10000,2048,128,0,F5c,0.0,V3,cumulative,42,FAIL,2,0,0,1
s42-N10000-b2048-t128,42,10000,2048,128,0,F6,0.0,V0,cumulative,42,INCOMPLETE,0,0,0,1
s42-N10000-b2048-t128,42,10000,2048,128,100,F6,0.0,V1,cumulative,42,INCOMPLETE,0,0,0,1
s42-N10000-b2048-t128,42,10000,2048,128,0,F6,0.0,V2minus,cumulative,42,INCOMPLETE,0,0,0,1
s42-N10000-b2048-t128,42,10000,2048,128,0,F6,0.0,V2,cumulative,42,INCOMPLETE,0,0,0,1
s42-N10000-b2048-t128,42,10000,2048,128,0,F6,0.0,V3,cumulative,42,INCOMPLETE,0,0,0,1
s42-N10000-b2048-t128,42,10000,2048,128,0,F7,0.0,V2minus,cumulative,42,UNRUNNABLE,0,0,1,0
s42-N10000-b2048-t128,42,10000,2048,128,0,F7,0.0,V2,cumulative,42,FAIL,1,0,0,1
s43-N10000-b2048-t128,43,10000,2048,128,0,F0,0.0,V0,cumulative,43,PASS,0,0,0,0
s43-N10000-b2048-t128,43,10000,2048,128,100,F0,0.0,V1,cumulative,43,PASS,0,0,0,0
s43-N10000-b2048-t128,43,10000,2048,128,0,F0,0.0,V2minus,cumulative,43,PASS,0,0,0,0
s43-N10000-b2048-t128,43,10000,2048,128,0,F0,0.0,V2,cumulative,43,PASS,0,0,0,0
s43-N10000-b2048-t128,43,10000,2048,128,0,F0,0.0,V3,cumulative,43,PASS,0,0,0,0
s43-N10000-b2048-t128,43,10000,2048,128,0,F1a,0.0,V0,cumulative,43,FAIL,1,0,0,1
s43-N10000-b2048-t128,43,10000,2048,128,100,F1a,0.0,V1,cumulative,43,FAIL,1,0,0,1
s43-N10000-b2048-t128,43,10000,2048,128,0,F1a,0.0,V2minus,cumulative,43,FAIL,1,0,0,1
s43-N10000-b2048-t128,43,10000,2048,128,0,F1a,0.0,V2,cumulative,43,FAIL,1,0,0,1
s43-N10000-b2048-t128,43,10000,2048,128,0,F1a,0.0,V3,cumulative,43,FAIL,1,0,0,1
s43-N10000-b2048-t128,43,10000,2048,128,0,F1b,0.0,V0,cumulative,43,FAIL,1,0,0,1
s43-N10000-b2048-t128,43,10000,2048,128,100,F1b,0.0,V1,cumulative,43,FAIL,1,0,0,1
s43-N10000-b2048-t128,43,10000,2048,128,0,F1b,0.0,V2minus,cumulative,43,FAIL,1,0,0,1
s43-N10000-b2048-t128,43,10000,2048,128,0,F1b,0.0,V2,cumulative,43,FAIL,1,0,0,1
s43-N10000-b2048-t128,43,10000,2048,128,0,F1b,0.0,V3,cumulative,43,FAIL,1,0,0,1
s43-N10000-b2048-t128,43,10000,2048,128,0,F2,0.0,V0,cumulative,43,FAIL,1,0,0,1
s43-N10000-b2048-t128,43,10000,2048,128,100,F2,0.0,V1,cumulative,43,FAIL,1,0,0,1
s43-N10000-b2048-t128,43,10000,2048,128,0,F2,0.0,V2minus,cumulative,43,FAIL,1,0,0,1
s43-N10000-b2048-t128,43,10000,2048,128,0,F2,0.0,V2,cumulative,43,FAIL,1,0,0,1
s43-N10000-b2048-t128,43,10000,2048,128,0,F2,0.0,V3,cumulative,43,FAIL,1,0,0,1
s43-N10000-b2048-t128,43,10000,2048,128,0,F3,0.0,V0,cumulative,43,FAIL,1,0,0,1
s43-N10000-b2048-t128,43,10000,2048,128,100,F3,0.0,V1,cumulative,43,FAIL,1,0,0,1
s43-N10000-b2048-t128,43,10000,2048,128,0,F3,0.0,V2minus,cumulative,43,FAIL,1,0,0,1
s43-N10000-b2048-t128,43,10000,2048,128,0,F3,0.0,V2,cumulative,43,FAIL,1,0,0,1
s43-N10000-b2048-t128,43,10000,2048,128,0,F3,0.0,V3,cumulative,43,FAIL,1,0,0,1
s43-N10000-b2048-t128,43,10000,2048,128,0,F4r,0.0,V0,cumulative,43,FAIL,1,1,0,1
s43-N10000-b2048-t128,43,10000,2048,128,100,F4r,0.0,V1,cumulative,43,FAIL,1,1,0,1
s43-N10000-b2048-t128,43,10000,2048,128,0,F4r,0.0,V2minus,cumulative,43,FAIL,1,1,0,1
s43-N10000-b2048-t128,43,10000,2048,128,0,F4r,0.0,V2,cumulative,43,FAIL,1,1,0,1
s43-N10000-b2048-t128,43,10000,2048,128,0,F4r,0.0,V3,cumulative,43,FAIL,1,1,0,1
s43-N10000-b2048-t128,43,10000,2048,128,0,F4m,0.0,V0,cumulative,43,FAIL,0,0,0,1
s43-N10000-b2048-t128,43,10000,2048,128,100,F4m,0.0,V1,cumulative,43,FAIL,0,0,0,1
s43-N10000-b2048-t128,43,10000,2048,128,0,F4m,0.0,V2minus,cumulative,43,FAIL,0,0,0,1
s43-N10000-b2048-t128,43,10000,2048,128,0,F4m,0.0,V2,cumulative,43,FAIL,0,0,0,1
s43-N10000-b2048-t128,43,10000,2048,128,0,F4m,0.0,V3,cumulative,43,FAIL,0,0,0,1
s43-N10000-b2048-t128,43,10000,2048,128,0,F5,0.0,V0,cumulative,43,PASS,0,0,1,0
s43-N10000-b2048-t128,43,10000,2048,128,100,F5,0.0,V1,cumulative,43,PASS,0,0,1,0
s43-N10000-b2048-t128,43,10000,2048,128,0,F5,0.0,V2minus,cumulative,43,FAIL,1,0,0,1
s43-N10000-b2048-t128,43,10000,2048,128,0,F5,0.0,V2,cumulative,43,FAIL,1,0,0,1
s43-N10000-b2048-t128,43,10000,2048,128,0,F5,0.0,V3,cumulative,43,FAIL,1,0,0,1
s43-N10000-b2048-t128,43,10000,2048,128,0,F5,0.05,V0,cumulative,43,PASS,0,0,500,0
s43-N10000-b2048-t128,43,10000,2048,128,100,F5,0.05,V1,cumulative,43,PASS,0,0,500,0
s43-N10000-b2048-t128,43,10000,2048,128,0,F5,0.05,V2minus,cumulative,43,FAIL,500,0,0,1
s43-N10000-b2048-t128,43,10000,2048,128,0,F5,0.05,V2,cumulative,43,FAIL,500,0,0,1
s43-N10000-b2048-t128,43,10000,2048,128,0,F5,0.05,V3,cumulative,43,FAIL,500,0,0,1
s43-N10000-b2048-t128,43,10000,2048,128,0,F5b,0.0,V0,cumulative,43,PASS,0,0,1,0
s43-N10000-b2048-t128,43,10000,2048,128,100,F5b,0.0,V1,cumulative,43,PASS,0,0,1,0
s43-N10000-b2048-t128,43,10000,2048,128,0,F5b,0.0,V2minus,cumulative,43,FAIL,1,0,0,1
s43-N10000-b2048-t128,43,10000,2048,128,0,F5b,0.0,V2,cumulative,43,FAIL,1,0,0,1
s43-N10000-b2048-t128,43,10000,2048,128,0,F5b,0.0,V3,cumulative,43,FAIL,1,0,0,1
s43-N10000-b2048-t128,43,10000,2048,128,0,F5c,0.0,V0,cumulative,43,PASS,0,0,2,0
s43-N10000-b2048-t128,43,10000,2048,128,100,F5c,0.0,V1,cumulative,43,PASS,0,0,2,0
s43-N10000-b2048-t128,43,10000,2048,128,0,F5c,0.0,V2minus,cumulative,43,FAIL,2,0,0,1
s43-N10000-b2048-t128,43,10000,2048,128,0,F5c,0.0,V2,cumulative,43,FAIL,2,0,0,1
s43-N10000-b2048-t128,43,10000,2048,128,0,F5c,0.0,V3,cumulative,43,FAIL,2,0,0,1
s43-N10000-b2048-t128,43,10000,2048,128,0,F6,0.0,V0,cumulative,43,INCOMPLETE,0,0,0,1
s43-N10000-b2048-t128,43,10000,2048,128,100,F6,0.0,V1,cumulative,43,INCOMPLETE,0,0,0,1
s43-N10000-b2048-t128,43,10000,2048,128,0,F6,0.0,V2minus,cumulative,43,INCOMPLETE,0,0,0,1
s43-N10000-b2048-t128,43,10000,2048,128,0,F6,0.0,V2,cumulative,43,INCOMPLETE,0,0,0,1
s43-N10000-b2048-t128,43,10000,2048,128,0,F6,0.0,V3,cumulative,43,INCOMPLETE,0,0,0,1
s43-N10000-b2048-t128,43,10000,2048,128,0,F7,0.0,V2minus,cumulative,43,UNRUNNABLE,0,0,1,0
s43-N10000-b2048-t128,43,10000,2048,128,0,F7,0.0,V2,cumulative,43,FAIL,1,0,0,1
s44-N10000-b2048-t128,44,10000,2048,128,0,F0,0.0,V0,cumulative,44,PASS,0,0,0,0
s44-N10000-b2048-t128,44,10000,2048,128,100,F0,0.0,V1,cumulative,44,PASS,0,0,0,0
s44-N10000-b2048-t128,44,10000,2048,128,0,F0,0.0,V2minus,cumulative,44,PASS,0,0,0,0
s44-N10000-b2048-t128,44,10000,2048,128,0,F0,0.0,V2,cumulative,44,PASS,0,0,0,0
s44-N10000-b2048-t128,44,10000,2048,128,0,F0,0.0,V3,cumulative,44,PASS,0,0,0,0
s44-N10000-b2048-t128,44,10000,2048,128,0,F1a,0.0,V0,cumulative,44,FAIL,1,0,0,1
s44-N10000-b2048-t128,44,10000,2048,128,100,F1a,0.0,V1,cumulative,44,FAIL,1,0,0,1
s44-N10000-b2048-t128,44,10000,2048,128,0,F1a,0.0,V2minus,cumulative,44,FAIL,1,0,0,1
s44-N10000-b2048-t128,44,10000,2048,128,0,F1a,0.0,V2,cumulative,44,FAIL,1,0,0,1
s44-N10000-b2048-t128,44,10000,2048,128,0,F1a,0.0,V3,cumulative,44,FAIL,1,0,0,1
s44-N10000-b2048-t128,44,10000,2048,128,0,F1b,0.0,V0,cumulative,44,FAIL,1,0,0,1
s44-N10000-b2048-t128,44,10000,2048,128,100,F1b,0.0,V1,cumulative,44,FAIL,1,0,0,1
s44-N10000-b2048-t128,44,10000,2048,128,0,F1b,0.0,V2minus,cumulative,44,FAIL,1,0,0,1
s44-N10000-b2048-t128,44,10000,2048,128,0,F1b,0.0,V2,cumulative,44,FAIL,1,0,0,1
s44-N10000-b2048-t128,44,10000,2048,128,0,F1b,0.0,V3,cumulative,44,FAIL,1,0,0,1
s44-N10000-b2048-t128,44,10000,2048,128,0,F2,0.0,V0,cumulative,44,FAIL,1,0,0,1
s44-N10000-b2048-t128,44,10000,2048,128,100,F2,0.0,V1,cumulative,44,FAIL,1,0,0,1
s44-N10000-b2048-t128,44,10000,2048,128,0,F2,0.0,V2minus,cumulative,44,FAIL,1,0,0,1
s44-N10000-b2048-t128,44,10000,2048,128,0,F2,0.0,V2,cumulative,44,FAIL,1,0,0,1
s44-N10000-b2048-t128,44,10000,2048,128,0,F2,0.0,V3,cumulative,44,FAIL,1,0,0,1
s44-N10000-b2048-t128,44,10000,2048,128,0,F3,0.0,V0,cumulative,44,FAIL,1,0,0,1
s44-N10000-b2048-t128,44,10000,2048,128,100,F3,0.0,V1,cumulative,44,FAIL,1,0,0,1
s44-N10000-b2048-t128,44,10000,2048,128,0,F3,0.0,V2minus,cumulative,44,FAIL,1,0,0,1
s44-N10000-b2048-t128,44,10000,2048,128,0,F3,0.0,V2,cumulative,44,FAIL,1,0,0,1
s44-N10000-b2048-t128,44,10000,2048,128,0,F3,0.0,V3,cumulative,44,FAIL,1,0,0,1
s44-N10000-b2048-t128,44,10000,2048,128,0,F4r,0.0,V0,cumulative,44,FAIL,1,0,0,1
s44-N10000-b2048-t128,44,10000,2048,128,100,F4r,0.0,V1,cumulative,44,FAIL,1,0,0,1
s44-N10000-b2048-t128,44,10000,2048,128,0,F4r,0.0,V2minus,cumulative,44,FAIL,1,0,0,1
s44-N10000-b2048-t128,44,10000,2048,128,0,F4r,0.0,V2,cumulative,44,FAIL,1,0,0,1
s44-N10000-b2048-t128,44,10000,2048,128,0,F4r,0.0,V3,cumulative,44,FAIL,1,0,0,1
s44-N10000-b2048-t128,44,10000,2048,128,0,F4m,0.0,V0,cumulative,44,FAIL,0,0,0,1
s44-N10000-b2048-t128,44,10000,2048,128,100,F4m,0.0,V1,cumulative,44,FAIL,0,0,0,1
s44-N10000-b2048-t128,44,10000,2048,128,0,F4m,0.0,V2minus,cumulative,44,FAIL,0,0,0,1
s44-N10000-b2048-t128,44,10000,2048,128,0,F4m,0.0,V2,cumulative,44,FAIL,0,0,0,1
s44-N10000-b2048-t128,44,10000,2048,128,0,F4m,0.0,V3,cumulative,44,FAIL,0,0,0,1
s44-N10000-b2048-t128,44,10000,2048,128,0,F5,0.0,V0,cumulative,44,PASS,0,0,1,0
s44-N10000-b2048-t128,44,10000,2048,128,100,F5,0.0,V1,cumulative,44,PASS,0,0,1,0
s44-N10000-b2048-t128,44,10000,2048,128,0,F5,0.0,V2minus,cumulative,44,FAIL,1,0,0,1
s44-N10000-b2048-t128,44,10000,2048,128,0,F5,0.0,V2,cumulative,44,FAIL,1,0,0,1
s44-N10000-b2048-t128,44,10000,2048,128,0,F5,0.0,V3,cumulative,44,FAIL,1,0,0,1
s44-N10000-b2048-t128,44,10000,2048,128,0,F5,0.05,V0,cumulative,44,PASS,0,0,500,0
s44-N10000-b2048-t128,44,10000,2048,128,100,F5,0.05,V1,cumulative,44,PASS,0,0,500,0
s44-N10000-b2048-t128,44,10000,2048,128,0,F5,0.05,V2minus,cumulative,44,FAIL,500,0,0,1
s44-N10000-b2048-t128,44,10000,2048,128,0,F5,0.05,V2,cumulative,44,FAIL,500,0,0,1
s44-N10000-b2048-t128,44,10000,2048,128,0,F5,0.05,V3,cumulative,44,FAIL,500,0,0,1
s44-N10000-b2048-t128,44,10000,2048,128,0,F5b,0.0,V0,cumulative,44,PASS,0,0,1,0
s44-N10000-b2048-t128,44,10000,2048,128,100,F5b,0.0,V1,cumulative,44,PASS,0,0,1,0
s44-N10000-b2048-t128,44,10000,2048,128,0,F5b,0.0,V2minus,cumulative,44,FAIL,1,0,0,1
s44-N10000-b2048-t128,44,10000,2048,128,0,F5b,0.0,V2,cumulative,44,FAIL,1,0,0,1
s44-N10000-b2048-t128,44,10000,2048,128,0,F5b,0.0,V3,cumulative,44,FAIL,1,0,0,1
s44-N10000-b2048-t128,44,10000,2048,128,0,F5c,0.0,V0,cumulative,44,PASS,0,0,2,0
s44-N10000-b2048-t128,44,10000,2048,128,100,F5c,0.0,V1,cumulative,44,PASS,0,0,2,0
s44-N10000-b2048-t128,44,10000,2048,128,0,F5c,0.0,V2minus,cumulative,44,FAIL,2,0,0,1
s44-N10000-b2048-t128,44,10000,2048,128,0,F5c,0.0,V2,cumulative,44,FAIL,2,0,0,1
s44-N10000-b2048-t128,44,10000,2048,128,0,F5c,0.0,V3,cumulative,44,FAIL,2,0,0,1
s44-N10000-b2048-t128,44,10000,2048,128,0,F6,0.0,V0,cumulative,44,INCOMPLETE,0,0,0,1
s44-N10000-b2048-t128,44,10000,2048,128,100,F6,0.0,V1,cumulative,44,INCOMPLETE,0,0,0,1
s44-N10000-b2048-t128,44,10000,2048,128,0,F6,0.0,V2minus,cumulative,44,INCOMPLETE,0,0,0,1
s44-N10000-b2048-t128,44,10000,2048,128,0,F6,0.0,V2,cumulative,44,INCOMPLETE,0,0,0,1
s44-N10000-b2048-t128,44,10000,2048,128,0,F6,0.0,V3,cumulative,44,INCOMPLETE,0,0,0,1
s44-N10000-b2048-t128,44,10000,2048,128,0,F7,0.0,V2minus,cumulative,44,UNRUNNABLE,0,0,1,0
s44-N10000-b2048-t128,44,10000,2048,128,0,F7,0.0,V2,cumulative,44,FAIL,1,0,0,1
s45-N10000-b2048-t128,45,10000,2048,128,0,F0,0.0,V0,cumulative,45,PASS,0,0,0,0
s45-N10000-b2048-t128,45,10000,2048,128,100,F0,0.0,V1,cumulative,45,PASS,0,0,0,0
s45-N10000-b2048-t128,45,10000,2048,128,0,F0,0.0,V2minus,cumulative,45,PASS,0,0,0,0
s45-N10000-b2048-t128,45,10000,2048,128,0,F0,0.0,V2,cumulative,45,PASS,0,0,0,0
s45-N10000-b2048-t128,45,10000,2048,128,0,F0,0.0,V3,cumulative,45,PASS,0,0,0,0
s45-N10000-b2048-t128,45,10000,2048,128,0,F1a,0.0,V0,cumulative,45,FAIL,1,0,0,1
s45-N10000-b2048-t128,45,10000,2048,128,100,F1a,0.0,V1,cumulative,45,FAIL,1,0,0,1
s45-N10000-b2048-t128,45,10000,2048,128,0,F1a,0.0,V2minus,cumulative,45,FAIL,1,0,0,1
s45-N10000-b2048-t128,45,10000,2048,128,0,F1a,0.0,V2,cumulative,45,FAIL,1,0,0,1
s45-N10000-b2048-t128,45,10000,2048,128,0,F1a,0.0,V3,cumulative,45,FAIL,1,0,0,1
s45-N10000-b2048-t128,45,10000,2048,128,0,F1b,0.0,V0,cumulative,45,FAIL,1,0,0,1
s45-N10000-b2048-t128,45,10000,2048,128,100,F1b,0.0,V1,cumulative,45,FAIL,1,0,0,1
s45-N10000-b2048-t128,45,10000,2048,128,0,F1b,0.0,V2minus,cumulative,45,FAIL,1,0,0,1
s45-N10000-b2048-t128,45,10000,2048,128,0,F1b,0.0,V2,cumulative,45,FAIL,1,0,0,1
s45-N10000-b2048-t128,45,10000,2048,128,0,F1b,0.0,V3,cumulative,45,FAIL,1,0,0,1
s45-N10000-b2048-t128,45,10000,2048,128,0,F2,0.0,V0,cumulative,45,FAIL,1,0,0,1
s45-N10000-b2048-t128,45,10000,2048,128,100,F2,0.0,V1,cumulative,45,FAIL,1,0,0,1
s45-N10000-b2048-t128,45,10000,2048,128,0,F2,0.0,V2minus,cumulative,45,FAIL,1,0,0,1
s45-N10000-b2048-t128,45,10000,2048,128,0,F2,0.0,V2,cumulative,45,FAIL,1,0,0,1
s45-N10000-b2048-t128,45,10000,2048,128,0,F2,0.0,V3,cumulative,45,FAIL,1,0,0,1
s45-N10000-b2048-t128,45,10000,2048,128,0,F3,0.0,V0,cumulative,45,FAIL,1,0,0,1
s45-N10000-b2048-t128,45,10000,2048,128,100,F3,0.0,V1,cumulative,45,FAIL,1,0,0,1
s45-N10000-b2048-t128,45,10000,2048,128,0,F3,0.0,V2minus,cumulative,45,FAIL,1,0,0,1
s45-N10000-b2048-t128,45,10000,2048,128,0,F3,0.0,V2,cumulative,45,FAIL,1,0,0,1
s45-N10000-b2048-t128,45,10000,2048,128,0,F3,0.0,V3,cumulative,45,FAIL,1,0,0,1
s45-N10000-b2048-t128,45,10000,2048,128,0,F4r,0.0,V0,cumulative,45,FAIL,1,0,0,1
s45-N10000-b2048-t128,45,10000,2048,128,100,F4r,0.0,V1,cumulative,45,FAIL,1,0,0,1
s45-N10000-b2048-t128,45,10000,2048,128,0,F4r,0.0,V2minus,cumulative,45,FAIL,1,0,0,1
s45-N10000-b2048-t128,45,10000,2048,128,0,F4r,0.0,V2,cumulative,45,FAIL,1,0,0,1
s45-N10000-b2048-t128,45,10000,2048,128,0,F4r,0.0,V3,cumulative,45,FAIL,1,0,0,1
s45-N10000-b2048-t128,45,10000,2048,128,0,F4m,0.0,V0,cumulative,45,FAIL,0,0,0,1
s45-N10000-b2048-t128,45,10000,2048,128,100,F4m,0.0,V1,cumulative,45,FAIL,0,0,0,1
s45-N10000-b2048-t128,45,10000,2048,128,0,F4m,0.0,V2minus,cumulative,45,FAIL,0,0,0,1
s45-N10000-b2048-t128,45,10000,2048,128,0,F4m,0.0,V2,cumulative,45,FAIL,0,0,0,1
s45-N10000-b2048-t128,45,10000,2048,128,0,F4m,0.0,V3,cumulative,45,FAIL,0,0,0,1
s45-N10000-b2048-t128,45,10000,2048,128,0,F5,0.0,V0,cumulative,45,PASS,0,0,1,0
s45-N10000-b2048-t128,45,10000,2048,128,100,F5,0.0,V1,cumulative,45,PASS,0,0,1,0
s45-N10000-b2048-t128,45,10000,2048,128,0,F5,0.0,V2minus,cumulative,45,FAIL,1,0,0,1
s45-N10000-b2048-t128,45,10000,2048,128,0,F5,0.0,V2,cumulative,45,FAIL,1,0,0,1
s45-N10000-b2048-t128,45,10000,2048,128,0,F5,0.0,V3,cumulative,45,FAIL,1,0,0,1
s45-N10000-b2048-t128,45,10000,2048,128,0,F5,0.05,V0,cumulative,45,PASS,0,0,500,0
s45-N10000-b2048-t128,45,10000,2048,128,100,F5,0.05,V1,cumulative,45,PASS,0,0,500,0
s45-N10000-b2048-t128,45,10000,2048,128,0,F5,0.05,V2minus,cumulative,45,FAIL,500,0,0,1
s45-N10000-b2048-t128,45,10000,2048,128,0,F5,0.05,V2,cumulative,45,FAIL,500,0,0,1
s45-N10000-b2048-t128,45,10000,2048,128,0,F5,0.05,V3,cumulative,45,FAIL,500,0,0,1
s45-N10000-b2048-t128,45,10000,2048,128,0,F5b,0.0,V0,cumulative,45,PASS,0,0,1,0
s45-N10000-b2048-t128,45,10000,2048,128,100,F5b,0.0,V1,cumulative,45,PASS,0,0,1,0
s45-N10000-b2048-t128,45,10000,2048,128,0,F5b,0.0,V2minus,cumulative,45,FAIL,1,0,0,1
s45-N10000-b2048-t128,45,10000,2048,128,0,F5b,0.0,V2,cumulative,45,FAIL,1,0,0,1
s45-N10000-b2048-t128,45,10000,2048,128,0,F5b,0.0,V3,cumulative,45,FAIL,1,0,0,1
s45-N10000-b2048-t128,45,10000,2048,128,0,F5c,0.0,V0,cumulative,45,PASS,0,0,2,0
s45-N10000-b2048-t128,45,10000,2048,128,100,F5c,0.0,V1,cumulative,45,PASS,0,0,2,0
s45-N10000-b2048-t128,45,10000,2048,128,0,F5c,0.0,V2minus,cumulative,45,FAIL,2,0,0,1
s45-N10000-b2048-t128,45,10000,2048,128,0,F5c,0.0,V2,cumulative,45,FAIL,2,0,0,1
s45-N10000-b2048-t128,45,10000,2048,128,0,F5c,0.0,V3,cumulative,45,FAIL,2,0,0,1
s45-N10000-b2048-t128,45,10000,2048,128,0,F6,0.0,V0,cumulative,45,INCOMPLETE,0,0,0,1
s45-N10000-b2048-t128,45,10000,2048,128,100,F6,0.0,V1,cumulative,45,INCOMPLETE,0,0,0,1
s45-N10000-b2048-t128,45,10000,2048,128,0,F6,0.0,V2minus,cumulative,45,INCOMPLETE,0,0,0,1
s45-N10000-b2048-t128,45,10000,2048,128,0,F6,0.0,V2,cumulative,45,INCOMPLETE,0,0,0,1
s45-N10000-b2048-t128,45,10000,2048,128,0,F6,0.0,V3,cumulative,45,INCOMPLETE,0,0,0,1
s45-N10000-b2048-t128,45,10000,2048,128,0,F7,0.0,V2minus,cumulative,45,UNRUNNABLE,0,0,1,0
s45-N10000-b2048-t128,45,10000,2048,128,0,F7,0.0,V2,cumulative,45,FAIL,1,0,0,1
s46-N10000-b2048-t128,46,10000,2048,128,0,F0,0.0,V0,cumulative,46,PASS,0,0,0,0
s46-N10000-b2048-t128,46,10000,2048,128,100,F0,0.0,V1,cumulative,46,PASS,0,0,0,0
s46-N10000-b2048-t128,46,10000,2048,128,0,F0,0.0,V2minus,cumulative,46,PASS,0,0,0,0
s46-N10000-b2048-t128,46,10000,2048,128,0,F0,0.0,V2,cumulative,46,PASS,0,0,0,0
s46-N10000-b2048-t128,46,10000,2048,128,0,F0,0.0,V3,cumulative,46,PASS,0,0,0,0
s46-N10000-b2048-t128,46,10000,2048,128,0,F1a,0.0,V0,cumulative,46,FAIL,1,0,0,1
s46-N10000-b2048-t128,46,10000,2048,128,100,F1a,0.0,V1,cumulative,46,FAIL,1,0,0,1
s46-N10000-b2048-t128,46,10000,2048,128,0,F1a,0.0,V2minus,cumulative,46,FAIL,1,0,0,1
s46-N10000-b2048-t128,46,10000,2048,128,0,F1a,0.0,V2,cumulative,46,FAIL,1,0,0,1
s46-N10000-b2048-t128,46,10000,2048,128,0,F1a,0.0,V3,cumulative,46,FAIL,1,0,0,1
s46-N10000-b2048-t128,46,10000,2048,128,0,F1b,0.0,V0,cumulative,46,FAIL,1,0,0,1
s46-N10000-b2048-t128,46,10000,2048,128,100,F1b,0.0,V1,cumulative,46,FAIL,1,0,0,1
s46-N10000-b2048-t128,46,10000,2048,128,0,F1b,0.0,V2minus,cumulative,46,FAIL,1,0,0,1
s46-N10000-b2048-t128,46,10000,2048,128,0,F1b,0.0,V2,cumulative,46,FAIL,1,0,0,1
s46-N10000-b2048-t128,46,10000,2048,128,0,F1b,0.0,V3,cumulative,46,FAIL,1,0,0,1
s46-N10000-b2048-t128,46,10000,2048,128,0,F2,0.0,V0,cumulative,46,FAIL,1,0,0,1
s46-N10000-b2048-t128,46,10000,2048,128,100,F2,0.0,V1,cumulative,46,FAIL,1,0,0,1
s46-N10000-b2048-t128,46,10000,2048,128,0,F2,0.0,V2minus,cumulative,46,FAIL,1,0,0,1
s46-N10000-b2048-t128,46,10000,2048,128,0,F2,0.0,V2,cumulative,46,FAIL,1,0,0,1
s46-N10000-b2048-t128,46,10000,2048,128,0,F2,0.0,V3,cumulative,46,FAIL,1,0,0,1
s46-N10000-b2048-t128,46,10000,2048,128,0,F3,0.0,V0,cumulative,46,FAIL,1,0,0,1
s46-N10000-b2048-t128,46,10000,2048,128,100,F3,0.0,V1,cumulative,46,FAIL,1,0,0,1
s46-N10000-b2048-t128,46,10000,2048,128,0,F3,0.0,V2minus,cumulative,46,FAIL,1,0,0,1
s46-N10000-b2048-t128,46,10000,2048,128,0,F3,0.0,V2,cumulative,46,FAIL,1,0,0,1
s46-N10000-b2048-t128,46,10000,2048,128,0,F3,0.0,V3,cumulative,46,FAIL,1,0,0,1
s46-N10000-b2048-t128,46,10000,2048,128,0,F4r,0.0,V0,cumulative,46,FAIL,1,0,0,1
s46-N10000-b2048-t128,46,10000,2048,128,100,F4r,0.0,V1,cumulative,46,FAIL,1,0,0,1
s46-N10000-b2048-t128,46,10000,2048,128,0,F4r,0.0,V2minus,cumulative,46,FAIL,1,0,0,1
s46-N10000-b2048-t128,46,10000,2048,128,0,F4r,0.0,V2,cumulative,46,FAIL,1,0,0,1
s46-N10000-b2048-t128,46,10000,2048,128,0,F4r,0.0,V3,cumulative,46,FAIL,1,0,0,1
s46-N10000-b2048-t128,46,10000,2048,128,0,F4m,0.0,V0,cumulative,46,FAIL,0,0,0,1
s46-N10000-b2048-t128,46,10000,2048,128,100,F4m,0.0,V1,cumulative,46,FAIL,0,0,0,1
s46-N10000-b2048-t128,46,10000,2048,128,0,F4m,0.0,V2minus,cumulative,46,FAIL,0,0,0,1
s46-N10000-b2048-t128,46,10000,2048,128,0,F4m,0.0,V2,cumulative,46,FAIL,0,0,0,1
s46-N10000-b2048-t128,46,10000,2048,128,0,F4m,0.0,V3,cumulative,46,FAIL,0,0,0,1
s46-N10000-b2048-t128,46,10000,2048,128,0,F5,0.0,V0,cumulative,46,PASS,0,0,1,0
s46-N10000-b2048-t128,46,10000,2048,128,100,F5,0.0,V1,cumulative,46,PASS,0,0,1,0
s46-N10000-b2048-t128,46,10000,2048,128,0,F5,0.0,V2minus,cumulative,46,FAIL,1,0,0,1
s46-N10000-b2048-t128,46,10000,2048,128,0,F5,0.0,V2,cumulative,46,FAIL,1,0,0,1
s46-N10000-b2048-t128,46,10000,2048,128,0,F5,0.0,V3,cumulative,46,FAIL,1,0,0,1
s46-N10000-b2048-t128,46,10000,2048,128,0,F5,0.05,V0,cumulative,46,PASS,0,0,500,0
s46-N10000-b2048-t128,46,10000,2048,128,100,F5,0.05,V1,cumulative,46,PASS,0,0,500,0
s46-N10000-b2048-t128,46,10000,2048,128,0,F5,0.05,V2minus,cumulative,46,FAIL,500,0,0,1
s46-N10000-b2048-t128,46,10000,2048,128,0,F5,0.05,V2,cumulative,46,FAIL,500,0,0,1
s46-N10000-b2048-t128,46,10000,2048,128,0,F5,0.05,V3,cumulative,46,FAIL,500,0,0,1
s46-N10000-b2048-t128,46,10000,2048,128,0,F5b,0.0,V0,cumulative,46,PASS,0,0,1,0
s46-N10000-b2048-t128,46,10000,2048,128,100,F5b,0.0,V1,cumulative,46,PASS,0,0,1,0
s46-N10000-b2048-t128,46,10000,2048,128,0,F5b,0.0,V2minus,cumulative,46,FAIL,1,0,0,1
s46-N10000-b2048-t128,46,10000,2048,128,0,F5b,0.0,V2,cumulative,46,FAIL,1,0,0,1
s46-N10000-b2048-t128,46,10000,2048,128,0,F5b,0.0,V3,cumulative,46,FAIL,1,0,0,1
s46-N10000-b2048-t128,46,10000,2048,128,0,F5c,0.0,V0,cumulative,46,PASS,0,0,2,0
s46-N10000-b2048-t128,46,10000,2048,128,100,F5c,0.0,V1,cumulative,46,PASS,0,0,2,0
s46-N10000-b2048-t128,46,10000,2048,128,0,F5c,0.0,V2minus,cumulative,46,FAIL,2,0,0,1
s46-N10000-b2048-t128,46,10000,2048,128,0,F5c,0.0,V2,cumulative,46,FAIL,2,0,0,1
s46-N10000-b2048-t128,46,10000,2048,128,0,F5c,0.0,V3,cumulative,46,FAIL,2,0,0,1
s46-N10000-b2048-t128,46,10000,2048,128,0,F6,0.0,V0,cumulative,46,INCOMPLETE,0,0,0,1
s46-N10000-b2048-t128,46,10000,2048,128,100,F6,0.0,V1,cumulative,46,INCOMPLETE,0,0,0,1
s46-N10000-b2048-t128,46,10000,2048,128,0,F6,0.0,V2minus,cumulative,46,INCOMPLETE,0,0,0,1
s46-N10000-b2048-t128,46,10000,2048,128,0,F6,0.0,V2,cumulative,46,INCOMPLETE,0,0,0,1
s46-N10000-b2048-t128,46,10000,2048,128,0,F6,0.0,V3,cumulative,46,INCOMPLETE,0,0,0,1
s46-N10000-b2048-t128,46,10000,2048,128,0,F7,0.0,V2minus,cumulative,46,UNRUNNABLE,0,0,1,0
s46-N10000-b2048-t128,46,10000,2048,128,0,F7,0.0,V2,cumulative,46,FAIL,1,0,0,1
s47-N10000-b2048-t128,47,10000,2048,128,0,F0,0.0,V0,cumulative,47,PASS,0,0,0,0
s47-N10000-b2048-t128,47,10000,2048,128,100,F0,0.0,V1,cumulative,47,PASS,0,0,0,0
s47-N10000-b2048-t128,47,10000,2048,128,0,F0,0.0,V2minus,cumulative,47,PASS,0,0,0,0
s47-N10000-b2048-t128,47,10000,2048,128,0,F0,0.0,V2,cumulative,47,PASS,0,0,0,0
s47-N10000-b2048-t128,47,10000,2048,128,0,F0,0.0,V3,cumulative,47,PASS,0,0,0,0
s47-N10000-b2048-t128,47,10000,2048,128,0,F1a,0.0,V0,cumulative,47,FAIL,1,0,0,1
s47-N10000-b2048-t128,47,10000,2048,128,100,F1a,0.0,V1,cumulative,47,FAIL,1,0,0,1
s47-N10000-b2048-t128,47,10000,2048,128,0,F1a,0.0,V2minus,cumulative,47,FAIL,1,0,0,1
s47-N10000-b2048-t128,47,10000,2048,128,0,F1a,0.0,V2,cumulative,47,FAIL,1,0,0,1
s47-N10000-b2048-t128,47,10000,2048,128,0,F1a,0.0,V3,cumulative,47,FAIL,1,0,0,1
s47-N10000-b2048-t128,47,10000,2048,128,0,F1b,0.0,V0,cumulative,47,FAIL,1,0,0,1
s47-N10000-b2048-t128,47,10000,2048,128,100,F1b,0.0,V1,cumulative,47,FAIL,1,0,0,1
s47-N10000-b2048-t128,47,10000,2048,128,0,F1b,0.0,V2minus,cumulative,47,FAIL,1,0,0,1
s47-N10000-b2048-t128,47,10000,2048,128,0,F1b,0.0,V2,cumulative,47,FAIL,1,0,0,1
s47-N10000-b2048-t128,47,10000,2048,128,0,F1b,0.0,V3,cumulative,47,FAIL,1,0,0,1
s47-N10000-b2048-t128,47,10000,2048,128,0,F2,0.0,V0,cumulative,47,FAIL,1,0,0,1
s47-N10000-b2048-t128,47,10000,2048,128,100,F2,0.0,V1,cumulative,47,FAIL,1,0,0,1
s47-N10000-b2048-t128,47,10000,2048,128,0,F2,0.0,V2minus,cumulative,47,FAIL,1,0,0,1
s47-N10000-b2048-t128,47,10000,2048,128,0,F2,0.0,V2,cumulative,47,FAIL,1,0,0,1
s47-N10000-b2048-t128,47,10000,2048,128,0,F2,0.0,V3,cumulative,47,FAIL,1,0,0,1
s47-N10000-b2048-t128,47,10000,2048,128,0,F3,0.0,V0,cumulative,47,FAIL,1,0,0,1
s47-N10000-b2048-t128,47,10000,2048,128,100,F3,0.0,V1,cumulative,47,FAIL,1,0,0,1
s47-N10000-b2048-t128,47,10000,2048,128,0,F3,0.0,V2minus,cumulative,47,FAIL,1,0,0,1
s47-N10000-b2048-t128,47,10000,2048,128,0,F3,0.0,V2,cumulative,47,FAIL,1,0,0,1
s47-N10000-b2048-t128,47,10000,2048,128,0,F3,0.0,V3,cumulative,47,FAIL,1,0,0,1
s47-N10000-b2048-t128,47,10000,2048,128,0,F4r,0.0,V0,cumulative,47,FAIL,1,1,0,1
s47-N10000-b2048-t128,47,10000,2048,128,100,F4r,0.0,V1,cumulative,47,FAIL,1,1,0,1
s47-N10000-b2048-t128,47,10000,2048,128,0,F4r,0.0,V2minus,cumulative,47,FAIL,1,1,0,1
s47-N10000-b2048-t128,47,10000,2048,128,0,F4r,0.0,V2,cumulative,47,FAIL,1,1,0,1
s47-N10000-b2048-t128,47,10000,2048,128,0,F4r,0.0,V3,cumulative,47,FAIL,1,1,0,1
s47-N10000-b2048-t128,47,10000,2048,128,0,F4m,0.0,V0,cumulative,47,FAIL,0,0,0,1
s47-N10000-b2048-t128,47,10000,2048,128,100,F4m,0.0,V1,cumulative,47,FAIL,0,0,0,1
s47-N10000-b2048-t128,47,10000,2048,128,0,F4m,0.0,V2minus,cumulative,47,FAIL,0,0,0,1
s47-N10000-b2048-t128,47,10000,2048,128,0,F4m,0.0,V2,cumulative,47,FAIL,0,0,0,1
s47-N10000-b2048-t128,47,10000,2048,128,0,F4m,0.0,V3,cumulative,47,FAIL,0,0,0,1
s47-N10000-b2048-t128,47,10000,2048,128,0,F5,0.0,V0,cumulative,47,PASS,0,0,1,0
s47-N10000-b2048-t128,47,10000,2048,128,100,F5,0.0,V1,cumulative,47,PASS,0,0,1,0
s47-N10000-b2048-t128,47,10000,2048,128,0,F5,0.0,V2minus,cumulative,47,FAIL,1,0,0,1
s47-N10000-b2048-t128,47,10000,2048,128,0,F5,0.0,V2,cumulative,47,FAIL,1,0,0,1
s47-N10000-b2048-t128,47,10000,2048,128,0,F5,0.0,V3,cumulative,47,FAIL,1,0,0,1
s47-N10000-b2048-t128,47,10000,2048,128,0,F5,0.05,V0,cumulative,47,PASS,0,0,500,0
s47-N10000-b2048-t128,47,10000,2048,128,100,F5,0.05,V1,cumulative,47,PASS,0,0,500,0
s47-N10000-b2048-t128,47,10000,2048,128,0,F5,0.05,V2minus,cumulative,47,FAIL,500,0,0,1
s47-N10000-b2048-t128,47,10000,2048,128,0,F5,0.05,V2,cumulative,47,FAIL,500,0,0,1
s47-N10000-b2048-t128,47,10000,2048,128,0,F5,0.05,V3,cumulative,47,FAIL,500,0,0,1
s47-N10000-b2048-t128,47,10000,2048,128,0,F5b,0.0,V0,cumulative,47,PASS,0,0,1,0
s47-N10000-b2048-t128,47,10000,2048,128,100,F5b,0.0,V1,cumulative,47,PASS,0,0,1,0
s47-N10000-b2048-t128,47,10000,2048,128,0,F5b,0.0,V2minus,cumulative,47,FAIL,1,0,0,1
s47-N10000-b2048-t128,47,10000,2048,128,0,F5b,0.0,V2,cumulative,47,FAIL,1,0,0,1
s47-N10000-b2048-t128,47,10000,2048,128,0,F5b,0.0,V3,cumulative,47,FAIL,1,0,0,1
s47-N10000-b2048-t128,47,10000,2048,128,0,F5c,0.0,V0,cumulative,47,PASS,0,0,2,0
s47-N10000-b2048-t128,47,10000,2048,128,100,F5c,0.0,V1,cumulative,47,PASS,0,0,2,0
s47-N10000-b2048-t128,47,10000,2048,128,0,F5c,0.0,V2minus,cumulative,47,FAIL,2,0,0,1
s47-N10000-b2048-t128,47,10000,2048,128,0,F5c,0.0,V2,cumulative,47,FAIL,2,0,0,1
s47-N10000-b2048-t128,47,10000,2048,128,0,F5c,0.0,V3,cumulative,47,FAIL,2,0,0,1
s47-N10000-b2048-t128,47,10000,2048,128,0,F6,0.0,V0,cumulative,47,INCOMPLETE,0,0,0,1
s47-N10000-b2048-t128,47,10000,2048,128,100,F6,0.0,V1,cumulative,47,INCOMPLETE,0,0,0,1
s47-N10000-b2048-t128,47,10000,2048,128,0,F6,0.0,V2minus,cumulative,47,INCOMPLETE,0,0,0,1
s47-N10000-b2048-t128,47,10000,2048,128,0,F6,0.0,V2,cumulative,47,INCOMPLETE,0,0,0,1
s47-N10000-b2048-t128,47,10000,2048,128,0,F6,0.0,V3,cumulative,47,INCOMPLETE,0,0,0,1
s47-N10000-b2048-t128,47,10000,2048,128,0,F7,0.0,V2minus,cumulative,47,UNRUNNABLE,0,0,1,0
s47-N10000-b2048-t128,47,10000,2048,128,0,F7,0.0,V2,cumulative,47,FAIL,1,0,0,1
s48-N10000-b2048-t128,48,10000,2048,128,0,F0,0.0,V0,cumulative,48,PASS,0,0,0,0
s48-N10000-b2048-t128,48,10000,2048,128,100,F0,0.0,V1,cumulative,48,PASS,0,0,0,0
s48-N10000-b2048-t128,48,10000,2048,128,0,F0,0.0,V2minus,cumulative,48,PASS,0,0,0,0
s48-N10000-b2048-t128,48,10000,2048,128,0,F0,0.0,V2,cumulative,48,PASS,0,0,0,0
s48-N10000-b2048-t128,48,10000,2048,128,0,F0,0.0,V3,cumulative,48,PASS,0,0,0,0
s48-N10000-b2048-t128,48,10000,2048,128,0,F1a,0.0,V0,cumulative,48,FAIL,1,0,0,1
s48-N10000-b2048-t128,48,10000,2048,128,100,F1a,0.0,V1,cumulative,48,FAIL,1,0,0,1
s48-N10000-b2048-t128,48,10000,2048,128,0,F1a,0.0,V2minus,cumulative,48,FAIL,1,0,0,1
s48-N10000-b2048-t128,48,10000,2048,128,0,F1a,0.0,V2,cumulative,48,FAIL,1,0,0,1
s48-N10000-b2048-t128,48,10000,2048,128,0,F1a,0.0,V3,cumulative,48,FAIL,1,0,0,1
s48-N10000-b2048-t128,48,10000,2048,128,0,F1b,0.0,V0,cumulative,48,FAIL,1,0,0,1
s48-N10000-b2048-t128,48,10000,2048,128,100,F1b,0.0,V1,cumulative,48,FAIL,1,0,0,1
s48-N10000-b2048-t128,48,10000,2048,128,0,F1b,0.0,V2minus,cumulative,48,FAIL,1,0,0,1
s48-N10000-b2048-t128,48,10000,2048,128,0,F1b,0.0,V2,cumulative,48,FAIL,1,0,0,1
s48-N10000-b2048-t128,48,10000,2048,128,0,F1b,0.0,V3,cumulative,48,FAIL,1,0,0,1
s48-N10000-b2048-t128,48,10000,2048,128,0,F2,0.0,V0,cumulative,48,FAIL,1,0,0,1
s48-N10000-b2048-t128,48,10000,2048,128,100,F2,0.0,V1,cumulative,48,FAIL,1,0,0,1
s48-N10000-b2048-t128,48,10000,2048,128,0,F2,0.0,V2minus,cumulative,48,FAIL,1,0,0,1
s48-N10000-b2048-t128,48,10000,2048,128,0,F2,0.0,V2,cumulative,48,FAIL,1,0,0,1
s48-N10000-b2048-t128,48,10000,2048,128,0,F2,0.0,V3,cumulative,48,FAIL,1,0,0,1
s48-N10000-b2048-t128,48,10000,2048,128,0,F3,0.0,V0,cumulative,48,FAIL,1,0,0,1
s48-N10000-b2048-t128,48,10000,2048,128,100,F3,0.0,V1,cumulative,48,FAIL,1,0,0,1
s48-N10000-b2048-t128,48,10000,2048,128,0,F3,0.0,V2minus,cumulative,48,FAIL,1,0,0,1
s48-N10000-b2048-t128,48,10000,2048,128,0,F3,0.0,V2,cumulative,48,FAIL,1,0,0,1
s48-N10000-b2048-t128,48,10000,2048,128,0,F3,0.0,V3,cumulative,48,FAIL,1,0,0,1
s48-N10000-b2048-t128,48,10000,2048,128,0,F4r,0.0,V0,cumulative,48,FAIL,1,0,0,1
s48-N10000-b2048-t128,48,10000,2048,128,100,F4r,0.0,V1,cumulative,48,FAIL,1,0,0,1
s48-N10000-b2048-t128,48,10000,2048,128,0,F4r,0.0,V2minus,cumulative,48,FAIL,1,0,0,1
s48-N10000-b2048-t128,48,10000,2048,128,0,F4r,0.0,V2,cumulative,48,FAIL,1,0,0,1
s48-N10000-b2048-t128,48,10000,2048,128,0,F4r,0.0,V3,cumulative,48,FAIL,1,0,0,1
s48-N10000-b2048-t128,48,10000,2048,128,0,F4m,0.0,V0,cumulative,48,FAIL,0,0,0,1
s48-N10000-b2048-t128,48,10000,2048,128,100,F4m,0.0,V1,cumulative,48,FAIL,0,0,0,1
s48-N10000-b2048-t128,48,10000,2048,128,0,F4m,0.0,V2minus,cumulative,48,FAIL,0,0,0,1
s48-N10000-b2048-t128,48,10000,2048,128,0,F4m,0.0,V2,cumulative,48,FAIL,0,0,0,1
s48-N10000-b2048-t128,48,10000,2048,128,0,F4m,0.0,V3,cumulative,48,FAIL,0,0,0,1
s48-N10000-b2048-t128,48,10000,2048,128,0,F5,0.0,V0,cumulative,48,PASS,0,0,1,0
s48-N10000-b2048-t128,48,10000,2048,128,100,F5,0.0,V1,cumulative,48,PASS,0,0,1,0
s48-N10000-b2048-t128,48,10000,2048,128,0,F5,0.0,V2minus,cumulative,48,FAIL,1,0,0,1
s48-N10000-b2048-t128,48,10000,2048,128,0,F5,0.0,V2,cumulative,48,FAIL,1,0,0,1
s48-N10000-b2048-t128,48,10000,2048,128,0,F5,0.0,V3,cumulative,48,FAIL,1,0,0,1
s48-N10000-b2048-t128,48,10000,2048,128,0,F5,0.05,V0,cumulative,48,PASS,0,0,500,0
s48-N10000-b2048-t128,48,10000,2048,128,100,F5,0.05,V1,cumulative,48,PASS,0,0,500,0
s48-N10000-b2048-t128,48,10000,2048,128,0,F5,0.05,V2minus,cumulative,48,FAIL,500,0,0,1
s48-N10000-b2048-t128,48,10000,2048,128,0,F5,0.05,V2,cumulative,48,FAIL,500,0,0,1
s48-N10000-b2048-t128,48,10000,2048,128,0,F5,0.05,V3,cumulative,48,FAIL,500,0,0,1
s48-N10000-b2048-t128,48,10000,2048,128,0,F5b,0.0,V0,cumulative,48,PASS,0,0,1,0
s48-N10000-b2048-t128,48,10000,2048,128,100,F5b,0.0,V1,cumulative,48,PASS,0,0,1,0
s48-N10000-b2048-t128,48,10000,2048,128,0,F5b,0.0,V2minus,cumulative,48,FAIL,1,0,0,1
s48-N10000-b2048-t128,48,10000,2048,128,0,F5b,0.0,V2,cumulative,48,FAIL,1,0,0,1
s48-N10000-b2048-t128,48,10000,2048,128,0,F5b,0.0,V3,cumulative,48,FAIL,1,0,0,1
s48-N10000-b2048-t128,48,10000,2048,128,0,F5c,0.0,V0,cumulative,48,PASS,0,0,2,0
s48-N10000-b2048-t128,48,10000,2048,128,100,F5c,0.0,V1,cumulative,48,PASS,0,0,2,0
s48-N10000-b2048-t128,48,10000,2048,128,0,F5c,0.0,V2minus,cumulative,48,FAIL,2,0,0,1
s48-N10000-b2048-t128,48,10000,2048,128,0,F5c,0.0,V2,cumulative,48,FAIL,2,0,0,1
s48-N10000-b2048-t128,48,10000,2048,128,0,F5c,0.0,V3,cumulative,48,FAIL,2,0,0,1
s48-N10000-b2048-t128,48,10000,2048,128,0,F6,0.0,V0,cumulative,48,INCOMPLETE,0,0,0,1
s48-N10000-b2048-t128,48,10000,2048,128,100,F6,0.0,V1,cumulative,48,INCOMPLETE,0,0,0,1
s48-N10000-b2048-t128,48,10000,2048,128,0,F6,0.0,V2minus,cumulative,48,INCOMPLETE,0,0,0,1
s48-N10000-b2048-t128,48,10000,2048,128,0,F6,0.0,V2,cumulative,48,INCOMPLETE,0,0,0,1
s48-N10000-b2048-t128,48,10000,2048,128,0,F6,0.0,V3,cumulative,48,INCOMPLETE,0,0,0,1
s48-N10000-b2048-t128,48,10000,2048,128,0,F7,0.0,V2minus,cumulative,48,UNRUNNABLE,0,0,1,0
s48-N10000-b2048-t128,48,10000,2048,128,0,F7,0.0,V2,cumulative,48,FAIL,1,0,0,1
s49-N10000-b2048-t128,49,10000,2048,128,0,F0,0.0,V0,cumulative,49,PASS,0,0,0,0
s49-N10000-b2048-t128,49,10000,2048,128,100,F0,0.0,V1,cumulative,49,PASS,0,0,0,0
s49-N10000-b2048-t128,49,10000,2048,128,0,F0,0.0,V2minus,cumulative,49,PASS,0,0,0,0
s49-N10000-b2048-t128,49,10000,2048,128,0,F0,0.0,V2,cumulative,49,PASS,0,0,0,0
s49-N10000-b2048-t128,49,10000,2048,128,0,F0,0.0,V3,cumulative,49,PASS,0,0,0,0
s49-N10000-b2048-t128,49,10000,2048,128,0,F1a,0.0,V0,cumulative,49,FAIL,1,0,0,1
s49-N10000-b2048-t128,49,10000,2048,128,100,F1a,0.0,V1,cumulative,49,FAIL,1,0,0,1
s49-N10000-b2048-t128,49,10000,2048,128,0,F1a,0.0,V2minus,cumulative,49,FAIL,1,0,0,1
s49-N10000-b2048-t128,49,10000,2048,128,0,F1a,0.0,V2,cumulative,49,FAIL,1,0,0,1
s49-N10000-b2048-t128,49,10000,2048,128,0,F1a,0.0,V3,cumulative,49,FAIL,1,0,0,1
s49-N10000-b2048-t128,49,10000,2048,128,0,F1b,0.0,V0,cumulative,49,FAIL,1,0,0,1
s49-N10000-b2048-t128,49,10000,2048,128,100,F1b,0.0,V1,cumulative,49,FAIL,1,0,0,1
s49-N10000-b2048-t128,49,10000,2048,128,0,F1b,0.0,V2minus,cumulative,49,FAIL,1,0,0,1
s49-N10000-b2048-t128,49,10000,2048,128,0,F1b,0.0,V2,cumulative,49,FAIL,1,0,0,1
s49-N10000-b2048-t128,49,10000,2048,128,0,F1b,0.0,V3,cumulative,49,FAIL,1,0,0,1
s49-N10000-b2048-t128,49,10000,2048,128,0,F2,0.0,V0,cumulative,49,FAIL,1,0,0,1
s49-N10000-b2048-t128,49,10000,2048,128,100,F2,0.0,V1,cumulative,49,FAIL,1,0,0,1
s49-N10000-b2048-t128,49,10000,2048,128,0,F2,0.0,V2minus,cumulative,49,FAIL,1,0,0,1
s49-N10000-b2048-t128,49,10000,2048,128,0,F2,0.0,V2,cumulative,49,FAIL,1,0,0,1
s49-N10000-b2048-t128,49,10000,2048,128,0,F2,0.0,V3,cumulative,49,FAIL,1,0,0,1
s49-N10000-b2048-t128,49,10000,2048,128,0,F3,0.0,V0,cumulative,49,FAIL,1,0,0,1
s49-N10000-b2048-t128,49,10000,2048,128,100,F3,0.0,V1,cumulative,49,FAIL,1,0,0,1
s49-N10000-b2048-t128,49,10000,2048,128,0,F3,0.0,V2minus,cumulative,49,FAIL,1,0,0,1
s49-N10000-b2048-t128,49,10000,2048,128,0,F3,0.0,V2,cumulative,49,FAIL,1,0,0,1
s49-N10000-b2048-t128,49,10000,2048,128,0,F3,0.0,V3,cumulative,49,FAIL,1,0,0,1
s49-N10000-b2048-t128,49,10000,2048,128,0,F4r,0.0,V0,cumulative,49,FAIL,1,1,0,1
s49-N10000-b2048-t128,49,10000,2048,128,100,F4r,0.0,V1,cumulative,49,FAIL,1,1,0,1
s49-N10000-b2048-t128,49,10000,2048,128,0,F4r,0.0,V2minus,cumulative,49,FAIL,1,1,0,1
s49-N10000-b2048-t128,49,10000,2048,128,0,F4r,0.0,V2,cumulative,49,FAIL,1,1,0,1
s49-N10000-b2048-t128,49,10000,2048,128,0,F4r,0.0,V3,cumulative,49,FAIL,1,1,0,1
s49-N10000-b2048-t128,49,10000,2048,128,0,F4m,0.0,V0,cumulative,49,FAIL,0,0,0,1
s49-N10000-b2048-t128,49,10000,2048,128,100,F4m,0.0,V1,cumulative,49,FAIL,0,0,0,1
s49-N10000-b2048-t128,49,10000,2048,128,0,F4m,0.0,V2minus,cumulative,49,FAIL,0,0,0,1
s49-N10000-b2048-t128,49,10000,2048,128,0,F4m,0.0,V2,cumulative,49,FAIL,0,0,0,1
s49-N10000-b2048-t128,49,10000,2048,128,0,F4m,0.0,V3,cumulative,49,FAIL,0,0,0,1
s49-N10000-b2048-t128,49,10000,2048,128,0,F5,0.0,V0,cumulative,49,PASS,0,0,1,0
s49-N10000-b2048-t128,49,10000,2048,128,100,F5,0.0,V1,cumulative,49,PASS,0,0,1,0
s49-N10000-b2048-t128,49,10000,2048,128,0,F5,0.0,V2minus,cumulative,49,FAIL,1,0,0,1
s49-N10000-b2048-t128,49,10000,2048,128,0,F5,0.0,V2,cumulative,49,FAIL,1,0,0,1
s49-N10000-b2048-t128,49,10000,2048,128,0,F5,0.0,V3,cumulative,49,FAIL,1,0,0,1
s49-N10000-b2048-t128,49,10000,2048,128,0,F5,0.05,V0,cumulative,49,PASS,0,0,500,0
s49-N10000-b2048-t128,49,10000,2048,128,100,F5,0.05,V1,cumulative,49,PASS,0,0,500,0
s49-N10000-b2048-t128,49,10000,2048,128,0,F5,0.05,V2minus,cumulative,49,FAIL,500,0,0,1
s49-N10000-b2048-t128,49,10000,2048,128,0,F5,0.05,V2,cumulative,49,FAIL,500,0,0,1
s49-N10000-b2048-t128,49,10000,2048,128,0,F5,0.05,V3,cumulative,49,FAIL,500,0,0,1
s49-N10000-b2048-t128,49,10000,2048,128,0,F5b,0.0,V0,cumulative,49,PASS,0,0,1,0
s49-N10000-b2048-t128,49,10000,2048,128,100,F5b,0.0,V1,cumulative,49,PASS,0,0,1,0
s49-N10000-b2048-t128,49,10000,2048,128,0,F5b,0.0,V2minus,cumulative,49,FAIL,1,0,0,1
s49-N10000-b2048-t128,49,10000,2048,128,0,F5b,0.0,V2,cumulative,49,FAIL,1,0,0,1
s49-N10000-b2048-t128,49,10000,2048,128,0,F5b,0.0,V3,cumulative,49,FAIL,1,0,0,1
s49-N10000-b2048-t128,49,10000,2048,128,0,F5c,0.0,V0,cumulative,49,PASS,0,0,2,0
s49-N10000-b2048-t128,49,10000,2048,128,100,F5c,0.0,V1,cumulative,49,PASS,0,0,2,0
s49-N10000-b2048-t128,49,10000,2048,128,0,F5c,0.0,V2minus,cumulative,49,FAIL,2,0,0,1
s49-N10000-b2048-t128,49,10000,2048,128,0,F5c,0.0,V2,cumulative,49,FAIL,2,0,0,1
s49-N10000-b2048-t128,49,10000,2048,128,0,F5c,0.0,V3,cumulative,49,FAIL,2,0,0,1
s49-N10000-b2048-t128,49,10000,2048,128,0,F6,0.0,V0,cumulative,49,INCOMPLETE,0,0,0,1
s49-N10000-b2048-t128,49,10000,2048,128,100,F6,0.0,V1,cumulative,49,INCOMPLETE,0,0,0,1
s49-N10000-b2048-t128,49,10000,2048,128,0,F6,0.0,V2minus,cumulative,49,INCOMPLETE,0,0,0,1
s49-N10000-b2048-t128,49,10000,2048,128,0,F6,0.0,V2,cumulative,49,INCOMPLETE,0,0,0,1
s49-N10000-b2048-t128,49,10000,2048,128,0,F6,0.0,V3,cumulative,49,INCOMPLETE,0,0,0,1
s49-N10000-b2048-t128,49,10000,2048,128,0,F7,0.0,V2minus,cumulative,49,UNRUNNABLE,0,0,1,0
s49-N10000-b2048-t128,49,10000,2048,128,0,F7,0.0,V2,cumulative,49,FAIL,1,0,0,1
s50-N10000-b2048-t128,50,10000,2048,128,0,F0,0.0,V0,cumulative,50,PASS,0,0,0,0
s50-N10000-b2048-t128,50,10000,2048,128,100,F0,0.0,V1,cumulative,50,PASS,0,0,0,0
s50-N10000-b2048-t128,50,10000,2048,128,0,F0,0.0,V2minus,cumulative,50,PASS,0,0,0,0
s50-N10000-b2048-t128,50,10000,2048,128,0,F0,0.0,V2,cumulative,50,PASS,0,0,0,0
s50-N10000-b2048-t128,50,10000,2048,128,0,F0,0.0,V3,cumulative,50,PASS,0,0,0,0
s50-N10000-b2048-t128,50,10000,2048,128,0,F1a,0.0,V0,cumulative,50,FAIL,1,0,0,1
s50-N10000-b2048-t128,50,10000,2048,128,100,F1a,0.0,V1,cumulative,50,FAIL,1,0,0,1
s50-N10000-b2048-t128,50,10000,2048,128,0,F1a,0.0,V2minus,cumulative,50,FAIL,1,0,0,1
s50-N10000-b2048-t128,50,10000,2048,128,0,F1a,0.0,V2,cumulative,50,FAIL,1,0,0,1
s50-N10000-b2048-t128,50,10000,2048,128,0,F1a,0.0,V3,cumulative,50,FAIL,1,0,0,1
s50-N10000-b2048-t128,50,10000,2048,128,0,F1b,0.0,V0,cumulative,50,FAIL,1,0,0,1
s50-N10000-b2048-t128,50,10000,2048,128,100,F1b,0.0,V1,cumulative,50,FAIL,1,0,0,1
s50-N10000-b2048-t128,50,10000,2048,128,0,F1b,0.0,V2minus,cumulative,50,FAIL,1,0,0,1
s50-N10000-b2048-t128,50,10000,2048,128,0,F1b,0.0,V2,cumulative,50,FAIL,1,0,0,1
s50-N10000-b2048-t128,50,10000,2048,128,0,F1b,0.0,V3,cumulative,50,FAIL,1,0,0,1
s50-N10000-b2048-t128,50,10000,2048,128,0,F2,0.0,V0,cumulative,50,FAIL,1,0,0,1
s50-N10000-b2048-t128,50,10000,2048,128,100,F2,0.0,V1,cumulative,50,FAIL,1,0,0,1
s50-N10000-b2048-t128,50,10000,2048,128,0,F2,0.0,V2minus,cumulative,50,FAIL,1,0,0,1
s50-N10000-b2048-t128,50,10000,2048,128,0,F2,0.0,V2,cumulative,50,FAIL,1,0,0,1
s50-N10000-b2048-t128,50,10000,2048,128,0,F2,0.0,V3,cumulative,50,FAIL,1,0,0,1
s50-N10000-b2048-t128,50,10000,2048,128,0,F3,0.0,V0,cumulative,50,FAIL,1,0,0,1
s50-N10000-b2048-t128,50,10000,2048,128,100,F3,0.0,V1,cumulative,50,FAIL,1,0,0,1
s50-N10000-b2048-t128,50,10000,2048,128,0,F3,0.0,V2minus,cumulative,50,FAIL,1,0,0,1
s50-N10000-b2048-t128,50,10000,2048,128,0,F3,0.0,V2,cumulative,50,FAIL,1,0,0,1
s50-N10000-b2048-t128,50,10000,2048,128,0,F3,0.0,V3,cumulative,50,FAIL,1,0,0,1
s50-N10000-b2048-t128,50,10000,2048,128,0,F4r,0.0,V0,cumulative,50,FAIL,1,0,0,1
s50-N10000-b2048-t128,50,10000,2048,128,100,F4r,0.0,V1,cumulative,50,FAIL,1,0,0,1
s50-N10000-b2048-t128,50,10000,2048,128,0,F4r,0.0,V2minus,cumulative,50,FAIL,1,0,0,1
s50-N10000-b2048-t128,50,10000,2048,128,0,F4r,0.0,V2,cumulative,50,FAIL,1,0,0,1
s50-N10000-b2048-t128,50,10000,2048,128,0,F4r,0.0,V3,cumulative,50,FAIL,1,0,0,1
s50-N10000-b2048-t128,50,10000,2048,128,0,F4m,0.0,V0,cumulative,50,FAIL,0,0,0,1
s50-N10000-b2048-t128,50,10000,2048,128,100,F4m,0.0,V1,cumulative,50,FAIL,0,0,0,1
s50-N10000-b2048-t128,50,10000,2048,128,0,F4m,0.0,V2minus,cumulative,50,FAIL,0,0,0,1
s50-N10000-b2048-t128,50,10000,2048,128,0,F4m,0.0,V2,cumulative,50,FAIL,0,0,0,1
s50-N10000-b2048-t128,50,10000,2048,128,0,F4m,0.0,V3,cumulative,50,FAIL,0,0,0,1
s50-N10000-b2048-t128,50,10000,2048,128,0,F5,0.0,V0,cumulative,50,PASS,0,0,1,0
s50-N10000-b2048-t128,50,10000,2048,128,100,F5,0.0,V1,cumulative,50,PASS,0,0,1,0
s50-N10000-b2048-t128,50,10000,2048,128,0,F5,0.0,V2minus,cumulative,50,FAIL,1,0,0,1
s50-N10000-b2048-t128,50,10000,2048,128,0,F5,0.0,V2,cumulative,50,FAIL,1,0,0,1
s50-N10000-b2048-t128,50,10000,2048,128,0,F5,0.0,V3,cumulative,50,FAIL,1,0,0,1
s50-N10000-b2048-t128,50,10000,2048,128,0,F5,0.05,V0,cumulative,50,PASS,0,0,500,0
s50-N10000-b2048-t128,50,10000,2048,128,100,F5,0.05,V1,cumulative,50,PASS,0,0,500,0
s50-N10000-b2048-t128,50,10000,2048,128,0,F5,0.05,V2minus,cumulative,50,FAIL,500,0,0,1
s50-N10000-b2048-t128,50,10000,2048,128,0,F5,0.05,V2,cumulative,50,FAIL,500,0,0,1
s50-N10000-b2048-t128,50,10000,2048,128,0,F5,0.05,V3,cumulative,50,FAIL,500,0,0,1
s50-N10000-b2048-t128,50,10000,2048,128,0,F5b,0.0,V0,cumulative,50,PASS,0,0,1,0
s50-N10000-b2048-t128,50,10000,2048,128,100,F5b,0.0,V1,cumulative,50,PASS,0,0,1,0
s50-N10000-b2048-t128,50,10000,2048,128,0,F5b,0.0,V2minus,cumulative,50,FAIL,1,0,0,1
s50-N10000-b2048-t128,50,10000,2048,128,0,F5b,0.0,V2,cumulative,50,FAIL,1,0,0,1
s50-N10000-b2048-t128,50,10000,2048,128,0,F5b,0.0,V3,cumulative,50,FAIL,1,0,0,1
s50-N10000-b2048-t128,50,10000,2048,128,0,F5c,0.0,V0,cumulative,50,PASS,0,0,2,0
s50-N10000-b2048-t128,50,10000,2048,128,100,F5c,0.0,V1,cumulative,50,PASS,0,0,2,0
s50-N10000-b2048-t128,50,10000,2048,128,0,F5c,0.0,V2minus,cumulative,50,FAIL,2,0,0,1
s50-N10000-b2048-t128,50,10000,2048,128,0,F5c,0.0,V2,cumulative,50,FAIL,2,0,0,1
s50-N10000-b2048-t128,50,10000,2048,128,0,F5c,0.0,V3,cumulative,50,FAIL,2,0,0,1
s50-N10000-b2048-t128,50,10000,2048,128,0,F6,0.0,V0,cumulative,50,INCOMPLETE,0,0,0,1
s50-N10000-b2048-t128,50,10000,2048,128,100,F6,0.0,V1,cumulative,50,INCOMPLETE,0,0,0,1
s50-N10000-b2048-t128,50,10000,2048,128,0,F6,0.0,V2minus,cumulative,50,INCOMPLETE,0,0,0,1
s50-N10000-b2048-t128,50,10000,2048,128,0,F6,0.0,V2,cumulative,50,INCOMPLETE,0,0,0,1
s50-N10000-b2048-t128,50,10000,2048,128,0,F6,0.0,V3,cumulative,50,INCOMPLETE,0,0,0,1
s50-N10000-b2048-t128,50,10000,2048,128,0,F7,0.0,V2minus,cumulative,50,UNRUNNABLE,0,0,1,0
s50-N10000-b2048-t128,50,10000,2048,128,0,F7,0.0,V2,cumulative,50,FAIL,1,0,0,1
s51-N10000-b2048-t128,51,10000,2048,128,0,F0,0.0,V0,cumulative,51,PASS,0,0,0,0
s51-N10000-b2048-t128,51,10000,2048,128,100,F0,0.0,V1,cumulative,51,PASS,0,0,0,0
s51-N10000-b2048-t128,51,10000,2048,128,0,F0,0.0,V2minus,cumulative,51,PASS,0,0,0,0
s51-N10000-b2048-t128,51,10000,2048,128,0,F0,0.0,V2,cumulative,51,PASS,0,0,0,0
s51-N10000-b2048-t128,51,10000,2048,128,0,F0,0.0,V3,cumulative,51,PASS,0,0,0,0
s51-N10000-b2048-t128,51,10000,2048,128,0,F1a,0.0,V0,cumulative,51,FAIL,1,0,0,1
s51-N10000-b2048-t128,51,10000,2048,128,100,F1a,0.0,V1,cumulative,51,FAIL,1,0,0,1
s51-N10000-b2048-t128,51,10000,2048,128,0,F1a,0.0,V2minus,cumulative,51,FAIL,1,0,0,1
s51-N10000-b2048-t128,51,10000,2048,128,0,F1a,0.0,V2,cumulative,51,FAIL,1,0,0,1
s51-N10000-b2048-t128,51,10000,2048,128,0,F1a,0.0,V3,cumulative,51,FAIL,1,0,0,1
s51-N10000-b2048-t128,51,10000,2048,128,0,F1b,0.0,V0,cumulative,51,FAIL,1,0,0,1
s51-N10000-b2048-t128,51,10000,2048,128,100,F1b,0.0,V1,cumulative,51,FAIL,1,0,0,1
s51-N10000-b2048-t128,51,10000,2048,128,0,F1b,0.0,V2minus,cumulative,51,FAIL,1,0,0,1
s51-N10000-b2048-t128,51,10000,2048,128,0,F1b,0.0,V2,cumulative,51,FAIL,1,0,0,1
s51-N10000-b2048-t128,51,10000,2048,128,0,F1b,0.0,V3,cumulative,51,FAIL,1,0,0,1
s51-N10000-b2048-t128,51,10000,2048,128,0,F2,0.0,V0,cumulative,51,FAIL,1,0,0,1
s51-N10000-b2048-t128,51,10000,2048,128,100,F2,0.0,V1,cumulative,51,FAIL,1,0,0,1
s51-N10000-b2048-t128,51,10000,2048,128,0,F2,0.0,V2minus,cumulative,51,FAIL,1,0,0,1
s51-N10000-b2048-t128,51,10000,2048,128,0,F2,0.0,V2,cumulative,51,FAIL,1,0,0,1
s51-N10000-b2048-t128,51,10000,2048,128,0,F2,0.0,V3,cumulative,51,FAIL,1,0,0,1
s51-N10000-b2048-t128,51,10000,2048,128,0,F3,0.0,V0,cumulative,51,FAIL,1,0,0,1
s51-N10000-b2048-t128,51,10000,2048,128,100,F3,0.0,V1,cumulative,51,FAIL,1,0,0,1
s51-N10000-b2048-t128,51,10000,2048,128,0,F3,0.0,V2minus,cumulative,51,FAIL,1,0,0,1
s51-N10000-b2048-t128,51,10000,2048,128,0,F3,0.0,V2,cumulative,51,FAIL,1,0,0,1
s51-N10000-b2048-t128,51,10000,2048,128,0,F3,0.0,V3,cumulative,51,FAIL,1,0,0,1
s51-N10000-b2048-t128,51,10000,2048,128,0,F4r,0.0,V0,cumulative,51,FAIL,1,0,0,1
s51-N10000-b2048-t128,51,10000,2048,128,100,F4r,0.0,V1,cumulative,51,FAIL,1,0,0,1
s51-N10000-b2048-t128,51,10000,2048,128,0,F4r,0.0,V2minus,cumulative,51,FAIL,1,0,0,1
s51-N10000-b2048-t128,51,10000,2048,128,0,F4r,0.0,V2,cumulative,51,FAIL,1,0,0,1
s51-N10000-b2048-t128,51,10000,2048,128,0,F4r,0.0,V3,cumulative,51,FAIL,1,0,0,1
s51-N10000-b2048-t128,51,10000,2048,128,0,F4m,0.0,V0,cumulative,51,FAIL,0,0,0,1
s51-N10000-b2048-t128,51,10000,2048,128,100,F4m,0.0,V1,cumulative,51,FAIL,0,0,0,1
s51-N10000-b2048-t128,51,10000,2048,128,0,F4m,0.0,V2minus,cumulative,51,FAIL,0,0,0,1
s51-N10000-b2048-t128,51,10000,2048,128,0,F4m,0.0,V2,cumulative,51,FAIL,0,0,0,1
s51-N10000-b2048-t128,51,10000,2048,128,0,F4m,0.0,V3,cumulative,51,FAIL,0,0,0,1
s51-N10000-b2048-t128,51,10000,2048,128,0,F5,0.0,V0,cumulative,51,PASS,0,0,1,0
s51-N10000-b2048-t128,51,10000,2048,128,100,F5,0.0,V1,cumulative,51,PASS,0,0,1,0
s51-N10000-b2048-t128,51,10000,2048,128,0,F5,0.0,V2minus,cumulative,51,FAIL,1,0,0,1
s51-N10000-b2048-t128,51,10000,2048,128,0,F5,0.0,V2,cumulative,51,FAIL,1,0,0,1
s51-N10000-b2048-t128,51,10000,2048,128,0,F5,0.0,V3,cumulative,51,FAIL,1,0,0,1
s51-N10000-b2048-t128,51,10000,2048,128,0,F5,0.05,V0,cumulative,51,PASS,0,0,500,0
s51-N10000-b2048-t128,51,10000,2048,128,100,F5,0.05,V1,cumulative,51,PASS,0,0,500,0
s51-N10000-b2048-t128,51,10000,2048,128,0,F5,0.05,V2minus,cumulative,51,FAIL,500,0,0,1
s51-N10000-b2048-t128,51,10000,2048,128,0,F5,0.05,V2,cumulative,51,FAIL,500,0,0,1
s51-N10000-b2048-t128,51,10000,2048,128,0,F5,0.05,V3,cumulative,51,FAIL,500,0,0,1
s51-N10000-b2048-t128,51,10000,2048,128,0,F5b,0.0,V0,cumulative,51,PASS,0,0,1,0
s51-N10000-b2048-t128,51,10000,2048,128,100,F5b,0.0,V1,cumulative,51,PASS,0,0,1,0
s51-N10000-b2048-t128,51,10000,2048,128,0,F5b,0.0,V2minus,cumulative,51,FAIL,1,0,0,1
s51-N10000-b2048-t128,51,10000,2048,128,0,F5b,0.0,V2,cumulative,51,FAIL,1,0,0,1
s51-N10000-b2048-t128,51,10000,2048,128,0,F5b,0.0,V3,cumulative,51,FAIL,1,0,0,1
s51-N10000-b2048-t128,51,10000,2048,128,0,F5c,0.0,V0,cumulative,51,PASS,0,0,2,0
s51-N10000-b2048-t128,51,10000,2048,128,100,F5c,0.0,V1,cumulative,51,PASS,0,0,2,0
s51-N10000-b2048-t128,51,10000,2048,128,0,F5c,0.0,V2minus,cumulative,51,FAIL,2,0,0,1
s51-N10000-b2048-t128,51,10000,2048,128,0,F5c,0.0,V2,cumulative,51,FAIL,2,0,0,1
s51-N10000-b2048-t128,51,10000,2048,128,0,F5c,0.0,V3,cumulative,51,FAIL,2,0,0,1
s51-N10000-b2048-t128,51,10000,2048,128,0,F6,0.0,V0,cumulative,51,INCOMPLETE,0,0,0,1
s51-N10000-b2048-t128,51,10000,2048,128,100,F6,0.0,V1,cumulative,51,INCOMPLETE,0,0,0,1
s51-N10000-b2048-t128,51,10000,2048,128,0,F6,0.0,V2minus,cumulative,51,INCOMPLETE,0,0,0,1
s51-N10000-b2048-t128,51,10000,2048,128,0,F6,0.0,V2,cumulative,51,INCOMPLETE,0,0,0,1
s51-N10000-b2048-t128,51,10000,2048,128,0,F6,0.0,V3,cumulative,51,INCOMPLETE,0,0,0,1
s51-N10000-b2048-t128,51,10000,2048,128,0,F7,0.0,V2minus,cumulative,51,UNRUNNABLE,0,0,1,0
s51-N10000-b2048-t128,51,10000,2048,128,0,F7,0.0,V2,cumulative,51,FAIL,1,0,0,1
s52-N10000-b2048-t128,52,10000,2048,128,0,F0,0.0,V0,cumulative,52,PASS,0,0,0,0
s52-N10000-b2048-t128,52,10000,2048,128,100,F0,0.0,V1,cumulative,52,PASS,0,0,0,0
s52-N10000-b2048-t128,52,10000,2048,128,0,F0,0.0,V2minus,cumulative,52,PASS,0,0,0,0
s52-N10000-b2048-t128,52,10000,2048,128,0,F0,0.0,V2,cumulative,52,PASS,0,0,0,0
s52-N10000-b2048-t128,52,10000,2048,128,0,F0,0.0,V3,cumulative,52,PASS,0,0,0,0
s52-N10000-b2048-t128,52,10000,2048,128,0,F1a,0.0,V0,cumulative,52,FAIL,1,0,0,1
s52-N10000-b2048-t128,52,10000,2048,128,100,F1a,0.0,V1,cumulative,52,FAIL,1,0,0,1
s52-N10000-b2048-t128,52,10000,2048,128,0,F1a,0.0,V2minus,cumulative,52,FAIL,1,0,0,1
s52-N10000-b2048-t128,52,10000,2048,128,0,F1a,0.0,V2,cumulative,52,FAIL,1,0,0,1
s52-N10000-b2048-t128,52,10000,2048,128,0,F1a,0.0,V3,cumulative,52,FAIL,1,0,0,1
s52-N10000-b2048-t128,52,10000,2048,128,0,F1b,0.0,V0,cumulative,52,FAIL,1,0,0,1
s52-N10000-b2048-t128,52,10000,2048,128,100,F1b,0.0,V1,cumulative,52,FAIL,1,0,0,1
s52-N10000-b2048-t128,52,10000,2048,128,0,F1b,0.0,V2minus,cumulative,52,FAIL,1,0,0,1
s52-N10000-b2048-t128,52,10000,2048,128,0,F1b,0.0,V2,cumulative,52,FAIL,1,0,0,1
s52-N10000-b2048-t128,52,10000,2048,128,0,F1b,0.0,V3,cumulative,52,FAIL,1,0,0,1
s52-N10000-b2048-t128,52,10000,2048,128,0,F2,0.0,V0,cumulative,52,FAIL,1,0,0,1
s52-N10000-b2048-t128,52,10000,2048,128,100,F2,0.0,V1,cumulative,52,FAIL,1,0,0,1
s52-N10000-b2048-t128,52,10000,2048,128,0,F2,0.0,V2minus,cumulative,52,FAIL,1,0,0,1
s52-N10000-b2048-t128,52,10000,2048,128,0,F2,0.0,V2,cumulative,52,FAIL,1,0,0,1
s52-N10000-b2048-t128,52,10000,2048,128,0,F2,0.0,V3,cumulative,52,FAIL,1,0,0,1
s52-N10000-b2048-t128,52,10000,2048,128,0,F3,0.0,V0,cumulative,52,FAIL,1,0,0,1
s52-N10000-b2048-t128,52,10000,2048,128,100,F3,0.0,V1,cumulative,52,FAIL,1,0,0,1
s52-N10000-b2048-t128,52,10000,2048,128,0,F3,0.0,V2minus,cumulative,52,FAIL,1,0,0,1
s52-N10000-b2048-t128,52,10000,2048,128,0,F3,0.0,V2,cumulative,52,FAIL,1,0,0,1
s52-N10000-b2048-t128,52,10000,2048,128,0,F3,0.0,V3,cumulative,52,FAIL,1,0,0,1
s52-N10000-b2048-t128,52,10000,2048,128,0,F4r,0.0,V0,cumulative,52,FAIL,1,0,0,1
s52-N10000-b2048-t128,52,10000,2048,128,100,F4r,0.0,V1,cumulative,52,FAIL,1,0,0,1
s52-N10000-b2048-t128,52,10000,2048,128,0,F4r,0.0,V2minus,cumulative,52,FAIL,1,0,0,1
s52-N10000-b2048-t128,52,10000,2048,128,0,F4r,0.0,V2,cumulative,52,FAIL,1,0,0,1
s52-N10000-b2048-t128,52,10000,2048,128,0,F4r,0.0,V3,cumulative,52,FAIL,1,0,0,1
s52-N10000-b2048-t128,52,10000,2048,128,0,F4m,0.0,V0,cumulative,52,FAIL,0,0,0,1
s52-N10000-b2048-t128,52,10000,2048,128,100,F4m,0.0,V1,cumulative,52,FAIL,0,0,0,1
s52-N10000-b2048-t128,52,10000,2048,128,0,F4m,0.0,V2minus,cumulative,52,FAIL,0,0,0,1
s52-N10000-b2048-t128,52,10000,2048,128,0,F4m,0.0,V2,cumulative,52,FAIL,0,0,0,1
s52-N10000-b2048-t128,52,10000,2048,128,0,F4m,0.0,V3,cumulative,52,FAIL,0,0,0,1
s52-N10000-b2048-t128,52,10000,2048,128,0,F5,0.0,V0,cumulative,52,PASS,0,0,1,0
s52-N10000-b2048-t128,52,10000,2048,128,100,F5,0.0,V1,cumulative,52,PASS,0,0,1,0
s52-N10000-b2048-t128,52,10000,2048,128,0,F5,0.0,V2minus,cumulative,52,FAIL,1,0,0,1
s52-N10000-b2048-t128,52,10000,2048,128,0,F5,0.0,V2,cumulative,52,FAIL,1,0,0,1
s52-N10000-b2048-t128,52,10000,2048,128,0,F5,0.0,V3,cumulative,52,FAIL,1,0,0,1
s52-N10000-b2048-t128,52,10000,2048,128,0,F5,0.05,V0,cumulative,52,PASS,0,0,500,0
s52-N10000-b2048-t128,52,10000,2048,128,100,F5,0.05,V1,cumulative,52,PASS,0,0,500,0
s52-N10000-b2048-t128,52,10000,2048,128,0,F5,0.05,V2minus,cumulative,52,FAIL,500,0,0,1
s52-N10000-b2048-t128,52,10000,2048,128,0,F5,0.05,V2,cumulative,52,FAIL,500,0,0,1
s52-N10000-b2048-t128,52,10000,2048,128,0,F5,0.05,V3,cumulative,52,FAIL,500,0,0,1
s52-N10000-b2048-t128,52,10000,2048,128,0,F5b,0.0,V0,cumulative,52,PASS,0,0,1,0
s52-N10000-b2048-t128,52,10000,2048,128,100,F5b,0.0,V1,cumulative,52,PASS,0,0,1,0
s52-N10000-b2048-t128,52,10000,2048,128,0,F5b,0.0,V2minus,cumulative,52,FAIL,1,0,0,1
s52-N10000-b2048-t128,52,10000,2048,128,0,F5b,0.0,V2,cumulative,52,FAIL,1,0,0,1
s52-N10000-b2048-t128,52,10000,2048,128,0,F5b,0.0,V3,cumulative,52,FAIL,1,0,0,1
s52-N10000-b2048-t128,52,10000,2048,128,0,F5c,0.0,V0,cumulative,52,PASS,0,0,2,0
s52-N10000-b2048-t128,52,10000,2048,128,100,F5c,0.0,V1,cumulative,52,PASS,0,0,2,0
s52-N10000-b2048-t128,52,10000,2048,128,0,F5c,0.0,V2minus,cumulative,52,FAIL,2,0,0,1
s52-N10000-b2048-t128,52,10000,2048,128,0,F5c,0.0,V2,cumulative,52,FAIL,2,0,0,1
s52-N10000-b2048-t128,52,10000,2048,128,0,F5c,0.0,V3,cumulative,52,FAIL,2,0,0,1
s52-N10000-b2048-t128,52,10000,2048,128,0,F6,0.0,V0,cumulative,52,INCOMPLETE,0,0,0,1
s52-N10000-b2048-t128,52,10000,2048,128,100,F6,0.0,V1,cumulative,52,INCOMPLETE,0,0,0,1
s52-N10000-b2048-t128,52,10000,2048,128,0,F6,0.0,V2minus,cumulative,52,INCOMPLETE,0,0,0,1
s52-N10000-b2048-t128,52,10000,2048,128,0,F6,0.0,V2,cumulative,52,INCOMPLETE,0,0,0,1
s52-N10000-b2048-t128,52,10000,2048,128,0,F6,0.0,V3,cumulative,52,INCOMPLETE,0,0,0,1
s52-N10000-b2048-t128,52,10000,2048,128,0,F7,0.0,V2minus,cumulative,52,UNRUNNABLE,0,0,1,0
s52-N10000-b2048-t128,52,10000,2048,128,0,F7,0.0,V2,cumulative,52,FAIL,1,0,0,1
s53-N10000-b2048-t128,53,10000,2048,128,0,F0,0.0,V0,cumulative,53,PASS,0,0,0,0
s53-N10000-b2048-t128,53,10000,2048,128,100,F0,0.0,V1,cumulative,53,PASS,0,0,0,0
s53-N10000-b2048-t128,53,10000,2048,128,0,F0,0.0,V2minus,cumulative,53,PASS,0,0,0,0
s53-N10000-b2048-t128,53,10000,2048,128,0,F0,0.0,V2,cumulative,53,PASS,0,0,0,0
s53-N10000-b2048-t128,53,10000,2048,128,0,F0,0.0,V3,cumulative,53,PASS,0,0,0,0
s53-N10000-b2048-t128,53,10000,2048,128,0,F1a,0.0,V0,cumulative,53,FAIL,1,0,0,1
s53-N10000-b2048-t128,53,10000,2048,128,100,F1a,0.0,V1,cumulative,53,FAIL,1,0,0,1
s53-N10000-b2048-t128,53,10000,2048,128,0,F1a,0.0,V2minus,cumulative,53,FAIL,1,0,0,1
s53-N10000-b2048-t128,53,10000,2048,128,0,F1a,0.0,V2,cumulative,53,FAIL,1,0,0,1
s53-N10000-b2048-t128,53,10000,2048,128,0,F1a,0.0,V3,cumulative,53,FAIL,1,0,0,1
s53-N10000-b2048-t128,53,10000,2048,128,0,F1b,0.0,V0,cumulative,53,FAIL,1,0,0,1
s53-N10000-b2048-t128,53,10000,2048,128,100,F1b,0.0,V1,cumulative,53,FAIL,1,0,0,1
s53-N10000-b2048-t128,53,10000,2048,128,0,F1b,0.0,V2minus,cumulative,53,FAIL,1,0,0,1
s53-N10000-b2048-t128,53,10000,2048,128,0,F1b,0.0,V2,cumulative,53,FAIL,1,0,0,1
s53-N10000-b2048-t128,53,10000,2048,128,0,F1b,0.0,V3,cumulative,53,FAIL,1,0,0,1
s53-N10000-b2048-t128,53,10000,2048,128,0,F2,0.0,V0,cumulative,53,FAIL,1,0,0,1
s53-N10000-b2048-t128,53,10000,2048,128,100,F2,0.0,V1,cumulative,53,FAIL,1,0,0,1
s53-N10000-b2048-t128,53,10000,2048,128,0,F2,0.0,V2minus,cumulative,53,FAIL,1,0,0,1
s53-N10000-b2048-t128,53,10000,2048,128,0,F2,0.0,V2,cumulative,53,FAIL,1,0,0,1
s53-N10000-b2048-t128,53,10000,2048,128,0,F2,0.0,V3,cumulative,53,FAIL,1,0,0,1
s53-N10000-b2048-t128,53,10000,2048,128,0,F3,0.0,V0,cumulative,53,FAIL,1,0,0,1
s53-N10000-b2048-t128,53,10000,2048,128,100,F3,0.0,V1,cumulative,53,FAIL,1,0,0,1
s53-N10000-b2048-t128,53,10000,2048,128,0,F3,0.0,V2minus,cumulative,53,FAIL,1,0,0,1
s53-N10000-b2048-t128,53,10000,2048,128,0,F3,0.0,V2,cumulative,53,FAIL,1,0,0,1
s53-N10000-b2048-t128,53,10000,2048,128,0,F3,0.0,V3,cumulative,53,FAIL,1,0,0,1
s53-N10000-b2048-t128,53,10000,2048,128,0,F4r,0.0,V0,cumulative,53,FAIL,1,1,0,1
s53-N10000-b2048-t128,53,10000,2048,128,100,F4r,0.0,V1,cumulative,53,FAIL,1,1,0,1
s53-N10000-b2048-t128,53,10000,2048,128,0,F4r,0.0,V2minus,cumulative,53,FAIL,1,1,0,1
s53-N10000-b2048-t128,53,10000,2048,128,0,F4r,0.0,V2,cumulative,53,FAIL,1,1,0,1
s53-N10000-b2048-t128,53,10000,2048,128,0,F4r,0.0,V3,cumulative,53,FAIL,1,1,0,1
s53-N10000-b2048-t128,53,10000,2048,128,0,F4m,0.0,V0,cumulative,53,FAIL,0,0,0,1
s53-N10000-b2048-t128,53,10000,2048,128,100,F4m,0.0,V1,cumulative,53,FAIL,0,0,0,1
s53-N10000-b2048-t128,53,10000,2048,128,0,F4m,0.0,V2minus,cumulative,53,FAIL,0,0,0,1
s53-N10000-b2048-t128,53,10000,2048,128,0,F4m,0.0,V2,cumulative,53,FAIL,0,0,0,1
s53-N10000-b2048-t128,53,10000,2048,128,0,F4m,0.0,V3,cumulative,53,FAIL,0,0,0,1
s53-N10000-b2048-t128,53,10000,2048,128,0,F5,0.0,V0,cumulative,53,PASS,0,0,1,0
s53-N10000-b2048-t128,53,10000,2048,128,100,F5,0.0,V1,cumulative,53,PASS,0,0,1,0
s53-N10000-b2048-t128,53,10000,2048,128,0,F5,0.0,V2minus,cumulative,53,FAIL,1,0,0,1
s53-N10000-b2048-t128,53,10000,2048,128,0,F5,0.0,V2,cumulative,53,FAIL,1,0,0,1
s53-N10000-b2048-t128,53,10000,2048,128,0,F5,0.0,V3,cumulative,53,FAIL,1,0,0,1
s53-N10000-b2048-t128,53,10000,2048,128,0,F5,0.05,V0,cumulative,53,PASS,0,0,500,0
s53-N10000-b2048-t128,53,10000,2048,128,100,F5,0.05,V1,cumulative,53,PASS,0,0,500,0
s53-N10000-b2048-t128,53,10000,2048,128,0,F5,0.05,V2minus,cumulative,53,FAIL,500,0,0,1
s53-N10000-b2048-t128,53,10000,2048,128,0,F5,0.05,V2,cumulative,53,FAIL,500,0,0,1
s53-N10000-b2048-t128,53,10000,2048,128,0,F5,0.05,V3,cumulative,53,FAIL,500,0,0,1
s53-N10000-b2048-t128,53,10000,2048,128,0,F5b,0.0,V0,cumulative,53,PASS,0,0,1,0
s53-N10000-b2048-t128,53,10000,2048,128,100,F5b,0.0,V1,cumulative,53,PASS,0,0,1,0
s53-N10000-b2048-t128,53,10000,2048,128,0,F5b,0.0,V2minus,cumulative,53,FAIL,1,0,0,1
s53-N10000-b2048-t128,53,10000,2048,128,0,F5b,0.0,V2,cumulative,53,FAIL,1,0,0,1
s53-N10000-b2048-t128,53,10000,2048,128,0,F5b,0.0,V3,cumulative,53,FAIL,1,0,0,1
s53-N10000-b2048-t128,53,10000,2048,128,0,F5c,0.0,V0,cumulative,53,PASS,0,0,2,0
s53-N10000-b2048-t128,53,10000,2048,128,100,F5c,0.0,V1,cumulative,53,PASS,0,0,2,0
s53-N10000-b2048-t128,53,10000,2048,128,0,F5c,0.0,V2minus,cumulative,53,FAIL,2,0,0,1
s53-N10000-b2048-t128,53,10000,2048,128,0,F5c,0.0,V2,cumulative,53,FAIL,2,0,0,1
s53-N10000-b2048-t128,53,10000,2048,128,0,F5c,0.0,V3,cumulative,53,FAIL,2,0,0,1
s53-N10000-b2048-t128,53,10000,2048,128,0,F6,0.0,V0,cumulative,53,INCOMPLETE,0,0,0,1
s53-N10000-b2048-t128,53,10000,2048,128,100,F6,0.0,V1,cumulative,53,INCOMPLETE,0,0,0,1
s53-N10000-b2048-t128,53,10000,2048,128,0,F6,0.0,V2minus,cumulative,53,INCOMPLETE,0,0,0,1
s53-N10000-b2048-t128,53,10000,2048,128,0,F6,0.0,V2,cumulative,53,INCOMPLETE,0,0,0,1
s53-N10000-b2048-t128,53,10000,2048,128,0,F6,0.0,V3,cumulative,53,INCOMPLETE,0,0,0,1
s53-N10000-b2048-t128,53,10000,2048,128,0,F7,0.0,V2minus,cumulative,53,UNRUNNABLE,0,0,1,0
s53-N10000-b2048-t128,53,10000,2048,128,0,F7,0.0,V2,cumulative,53,FAIL,1,0,0,1
s54-N10000-b2048-t128,54,10000,2048,128,0,F0,0.0,V0,cumulative,54,PASS,0,0,0,0
s54-N10000-b2048-t128,54,10000,2048,128,100,F0,0.0,V1,cumulative,54,PASS,0,0,0,0
s54-N10000-b2048-t128,54,10000,2048,128,0,F0,0.0,V2minus,cumulative,54,PASS,0,0,0,0
s54-N10000-b2048-t128,54,10000,2048,128,0,F0,0.0,V2,cumulative,54,PASS,0,0,0,0
s54-N10000-b2048-t128,54,10000,2048,128,0,F0,0.0,V3,cumulative,54,PASS,0,0,0,0
s54-N10000-b2048-t128,54,10000,2048,128,0,F1a,0.0,V0,cumulative,54,FAIL,1,0,0,1
s54-N10000-b2048-t128,54,10000,2048,128,100,F1a,0.0,V1,cumulative,54,FAIL,1,0,0,1
s54-N10000-b2048-t128,54,10000,2048,128,0,F1a,0.0,V2minus,cumulative,54,FAIL,1,0,0,1
s54-N10000-b2048-t128,54,10000,2048,128,0,F1a,0.0,V2,cumulative,54,FAIL,1,0,0,1
s54-N10000-b2048-t128,54,10000,2048,128,0,F1a,0.0,V3,cumulative,54,FAIL,1,0,0,1
s54-N10000-b2048-t128,54,10000,2048,128,0,F1b,0.0,V0,cumulative,54,FAIL,1,0,0,1
s54-N10000-b2048-t128,54,10000,2048,128,100,F1b,0.0,V1,cumulative,54,FAIL,1,0,0,1
s54-N10000-b2048-t128,54,10000,2048,128,0,F1b,0.0,V2minus,cumulative,54,FAIL,1,0,0,1
s54-N10000-b2048-t128,54,10000,2048,128,0,F1b,0.0,V2,cumulative,54,FAIL,1,0,0,1
s54-N10000-b2048-t128,54,10000,2048,128,0,F1b,0.0,V3,cumulative,54,FAIL,1,0,0,1
s54-N10000-b2048-t128,54,10000,2048,128,0,F2,0.0,V0,cumulative,54,FAIL,1,0,0,1
s54-N10000-b2048-t128,54,10000,2048,128,100,F2,0.0,V1,cumulative,54,FAIL,1,0,0,1
s54-N10000-b2048-t128,54,10000,2048,128,0,F2,0.0,V2minus,cumulative,54,FAIL,1,0,0,1
s54-N10000-b2048-t128,54,10000,2048,128,0,F2,0.0,V2,cumulative,54,FAIL,1,0,0,1
s54-N10000-b2048-t128,54,10000,2048,128,0,F2,0.0,V3,cumulative,54,FAIL,1,0,0,1
s54-N10000-b2048-t128,54,10000,2048,128,0,F3,0.0,V0,cumulative,54,FAIL,1,0,0,1
s54-N10000-b2048-t128,54,10000,2048,128,100,F3,0.0,V1,cumulative,54,FAIL,1,0,0,1
s54-N10000-b2048-t128,54,10000,2048,128,0,F3,0.0,V2minus,cumulative,54,FAIL,1,0,0,1
s54-N10000-b2048-t128,54,10000,2048,128,0,F3,0.0,V2,cumulative,54,FAIL,1,0,0,1
s54-N10000-b2048-t128,54,10000,2048,128,0,F3,0.0,V3,cumulative,54,FAIL,1,0,0,1
s54-N10000-b2048-t128,54,10000,2048,128,0,F4r,0.0,V0,cumulative,54,FAIL,1,0,0,1
s54-N10000-b2048-t128,54,10000,2048,128,100,F4r,0.0,V1,cumulative,54,FAIL,1,0,0,1
s54-N10000-b2048-t128,54,10000,2048,128,0,F4r,0.0,V2minus,cumulative,54,FAIL,1,0,0,1
s54-N10000-b2048-t128,54,10000,2048,128,0,F4r,0.0,V2,cumulative,54,FAIL,1,0,0,1
s54-N10000-b2048-t128,54,10000,2048,128,0,F4r,0.0,V3,cumulative,54,FAIL,1,0,0,1
s54-N10000-b2048-t128,54,10000,2048,128,0,F4m,0.0,V0,cumulative,54,FAIL,0,0,0,1
s54-N10000-b2048-t128,54,10000,2048,128,100,F4m,0.0,V1,cumulative,54,FAIL,0,0,0,1
s54-N10000-b2048-t128,54,10000,2048,128,0,F4m,0.0,V2minus,cumulative,54,FAIL,0,0,0,1
s54-N10000-b2048-t128,54,10000,2048,128,0,F4m,0.0,V2,cumulative,54,FAIL,0,0,0,1
s54-N10000-b2048-t128,54,10000,2048,128,0,F4m,0.0,V3,cumulative,54,FAIL,0,0,0,1
s54-N10000-b2048-t128,54,10000,2048,128,0,F5,0.0,V0,cumulative,54,PASS,0,0,1,0
s54-N10000-b2048-t128,54,10000,2048,128,100,F5,0.0,V1,cumulative,54,PASS,0,0,1,0
s54-N10000-b2048-t128,54,10000,2048,128,0,F5,0.0,V2minus,cumulative,54,FAIL,1,0,0,1
s54-N10000-b2048-t128,54,10000,2048,128,0,F5,0.0,V2,cumulative,54,FAIL,1,0,0,1
s54-N10000-b2048-t128,54,10000,2048,128,0,F5,0.0,V3,cumulative,54,FAIL,1,0,0,1
s54-N10000-b2048-t128,54,10000,2048,128,0,F5,0.05,V0,cumulative,54,PASS,0,0,500,0
s54-N10000-b2048-t128,54,10000,2048,128,100,F5,0.05,V1,cumulative,54,PASS,0,0,500,0
s54-N10000-b2048-t128,54,10000,2048,128,0,F5,0.05,V2minus,cumulative,54,FAIL,500,0,0,1
s54-N10000-b2048-t128,54,10000,2048,128,0,F5,0.05,V2,cumulative,54,FAIL,500,0,0,1
s54-N10000-b2048-t128,54,10000,2048,128,0,F5,0.05,V3,cumulative,54,FAIL,500,0,0,1
s54-N10000-b2048-t128,54,10000,2048,128,0,F5b,0.0,V0,cumulative,54,PASS,0,0,1,0
s54-N10000-b2048-t128,54,10000,2048,128,100,F5b,0.0,V1,cumulative,54,PASS,0,0,1,0
s54-N10000-b2048-t128,54,10000,2048,128,0,F5b,0.0,V2minus,cumulative,54,FAIL,1,0,0,1
s54-N10000-b2048-t128,54,10000,2048,128,0,F5b,0.0,V2,cumulative,54,FAIL,1,0,0,1
s54-N10000-b2048-t128,54,10000,2048,128,0,F5b,0.0,V3,cumulative,54,FAIL,1,0,0,1
s54-N10000-b2048-t128,54,10000,2048,128,0,F5c,0.0,V0,cumulative,54,PASS,0,0,2,0
s54-N10000-b2048-t128,54,10000,2048,128,100,F5c,0.0,V1,cumulative,54,PASS,0,0,2,0
s54-N10000-b2048-t128,54,10000,2048,128,0,F5c,0.0,V2minus,cumulative,54,FAIL,2,0,0,1
s54-N10000-b2048-t128,54,10000,2048,128,0,F5c,0.0,V2,cumulative,54,FAIL,2,0,0,1
s54-N10000-b2048-t128,54,10000,2048,128,0,F5c,0.0,V3,cumulative,54,FAIL,2,0,0,1
s54-N10000-b2048-t128,54,10000,2048,128,0,F6,0.0,V0,cumulative,54,INCOMPLETE,0,0,0,1
s54-N10000-b2048-t128,54,10000,2048,128,100,F6,0.0,V1,cumulative,54,INCOMPLETE,0,0,0,1
s54-N10000-b2048-t128,54,10000,2048,128,0,F6,0.0,V2minus,cumulative,54,INCOMPLETE,0,0,0,1
s54-N10000-b2048-t128,54,10000,2048,128,0,F6,0.0,V2,cumulative,54,INCOMPLETE,0,0,0,1
s54-N10000-b2048-t128,54,10000,2048,128,0,F6,0.0,V3,cumulative,54,INCOMPLETE,0,0,0,1
s54-N10000-b2048-t128,54,10000,2048,128,0,F7,0.0,V2minus,cumulative,54,UNRUNNABLE,0,0,1,0
s54-N10000-b2048-t128,54,10000,2048,128,0,F7,0.0,V2,cumulative,54,FAIL,1,0,0,1
s55-N10000-b2048-t128,55,10000,2048,128,0,F0,0.0,V0,cumulative,55,PASS,0,0,0,0
s55-N10000-b2048-t128,55,10000,2048,128,100,F0,0.0,V1,cumulative,55,PASS,0,0,0,0
s55-N10000-b2048-t128,55,10000,2048,128,0,F0,0.0,V2minus,cumulative,55,PASS,0,0,0,0
s55-N10000-b2048-t128,55,10000,2048,128,0,F0,0.0,V2,cumulative,55,PASS,0,0,0,0
s55-N10000-b2048-t128,55,10000,2048,128,0,F0,0.0,V3,cumulative,55,PASS,0,0,0,0
s55-N10000-b2048-t128,55,10000,2048,128,0,F1a,0.0,V0,cumulative,55,FAIL,1,0,0,1
s55-N10000-b2048-t128,55,10000,2048,128,100,F1a,0.0,V1,cumulative,55,FAIL,1,0,0,1
s55-N10000-b2048-t128,55,10000,2048,128,0,F1a,0.0,V2minus,cumulative,55,FAIL,1,0,0,1
s55-N10000-b2048-t128,55,10000,2048,128,0,F1a,0.0,V2,cumulative,55,FAIL,1,0,0,1
s55-N10000-b2048-t128,55,10000,2048,128,0,F1a,0.0,V3,cumulative,55,FAIL,1,0,0,1
s55-N10000-b2048-t128,55,10000,2048,128,0,F1b,0.0,V0,cumulative,55,FAIL,1,0,0,1
s55-N10000-b2048-t128,55,10000,2048,128,100,F1b,0.0,V1,cumulative,55,FAIL,1,0,0,1
s55-N10000-b2048-t128,55,10000,2048,128,0,F1b,0.0,V2minus,cumulative,55,FAIL,1,0,0,1
s55-N10000-b2048-t128,55,10000,2048,128,0,F1b,0.0,V2,cumulative,55,FAIL,1,0,0,1
s55-N10000-b2048-t128,55,10000,2048,128,0,F1b,0.0,V3,cumulative,55,FAIL,1,0,0,1
s55-N10000-b2048-t128,55,10000,2048,128,0,F2,0.0,V0,cumulative,55,FAIL,1,0,0,1
s55-N10000-b2048-t128,55,10000,2048,128,100,F2,0.0,V1,cumulative,55,FAIL,1,0,0,1
s55-N10000-b2048-t128,55,10000,2048,128,0,F2,0.0,V2minus,cumulative,55,FAIL,1,0,0,1
s55-N10000-b2048-t128,55,10000,2048,128,0,F2,0.0,V2,cumulative,55,FAIL,1,0,0,1
s55-N10000-b2048-t128,55,10000,2048,128,0,F2,0.0,V3,cumulative,55,FAIL,1,0,0,1
s55-N10000-b2048-t128,55,10000,2048,128,0,F3,0.0,V0,cumulative,55,FAIL,1,0,0,1
s55-N10000-b2048-t128,55,10000,2048,128,100,F3,0.0,V1,cumulative,55,FAIL,1,0,0,1
s55-N10000-b2048-t128,55,10000,2048,128,0,F3,0.0,V2minus,cumulative,55,FAIL,1,0,0,1
s55-N10000-b2048-t128,55,10000,2048,128,0,F3,0.0,V2,cumulative,55,FAIL,1,0,0,1
s55-N10000-b2048-t128,55,10000,2048,128,0,F3,0.0,V3,cumulative,55,FAIL,1,0,0,1
s55-N10000-b2048-t128,55,10000,2048,128,0,F4r,0.0,V0,cumulative,55,FAIL,1,0,0,1
s55-N10000-b2048-t128,55,10000,2048,128,100,F4r,0.0,V1,cumulative,55,FAIL,1,0,0,1
s55-N10000-b2048-t128,55,10000,2048,128,0,F4r,0.0,V2minus,cumulative,55,FAIL,1,0,0,1
s55-N10000-b2048-t128,55,10000,2048,128,0,F4r,0.0,V2,cumulative,55,FAIL,1,0,0,1
s55-N10000-b2048-t128,55,10000,2048,128,0,F4r,0.0,V3,cumulative,55,FAIL,1,0,0,1
s55-N10000-b2048-t128,55,10000,2048,128,0,F4m,0.0,V0,cumulative,55,FAIL,0,0,0,1
s55-N10000-b2048-t128,55,10000,2048,128,100,F4m,0.0,V1,cumulative,55,FAIL,0,0,0,1
s55-N10000-b2048-t128,55,10000,2048,128,0,F4m,0.0,V2minus,cumulative,55,FAIL,0,0,0,1
s55-N10000-b2048-t128,55,10000,2048,128,0,F4m,0.0,V2,cumulative,55,FAIL,0,0,0,1
s55-N10000-b2048-t128,55,10000,2048,128,0,F4m,0.0,V3,cumulative,55,FAIL,0,0,0,1
s55-N10000-b2048-t128,55,10000,2048,128,0,F5,0.0,V0,cumulative,55,PASS,0,0,1,0
s55-N10000-b2048-t128,55,10000,2048,128,100,F5,0.0,V1,cumulative,55,PASS,0,0,1,0
s55-N10000-b2048-t128,55,10000,2048,128,0,F5,0.0,V2minus,cumulative,55,FAIL,1,0,0,1
s55-N10000-b2048-t128,55,10000,2048,128,0,F5,0.0,V2,cumulative,55,FAIL,1,0,0,1
s55-N10000-b2048-t128,55,10000,2048,128,0,F5,0.0,V3,cumulative,55,FAIL,1,0,0,1
s55-N10000-b2048-t128,55,10000,2048,128,0,F5,0.05,V0,cumulative,55,PASS,0,0,500,0
s55-N10000-b2048-t128,55,10000,2048,128,100,F5,0.05,V1,cumulative,55,PASS,0,0,500,0
s55-N10000-b2048-t128,55,10000,2048,128,0,F5,0.05,V2minus,cumulative,55,FAIL,500,0,0,1
s55-N10000-b2048-t128,55,10000,2048,128,0,F5,0.05,V2,cumulative,55,FAIL,500,0,0,1
s55-N10000-b2048-t128,55,10000,2048,128,0,F5,0.05,V3,cumulative,55,FAIL,500,0,0,1
s55-N10000-b2048-t128,55,10000,2048,128,0,F5b,0.0,V0,cumulative,55,PASS,0,0,1,0
s55-N10000-b2048-t128,55,10000,2048,128,100,F5b,0.0,V1,cumulative,55,PASS,0,0,1,0
s55-N10000-b2048-t128,55,10000,2048,128,0,F5b,0.0,V2minus,cumulative,55,FAIL,1,0,0,1
s55-N10000-b2048-t128,55,10000,2048,128,0,F5b,0.0,V2,cumulative,55,FAIL,1,0,0,1
s55-N10000-b2048-t128,55,10000,2048,128,0,F5b,0.0,V3,cumulative,55,FAIL,1,0,0,1
s55-N10000-b2048-t128,55,10000,2048,128,0,F5c,0.0,V0,cumulative,55,PASS,0,0,2,0
s55-N10000-b2048-t128,55,10000,2048,128,100,F5c,0.0,V1,cumulative,55,PASS,0,0,2,0
s55-N10000-b2048-t128,55,10000,2048,128,0,F5c,0.0,V2minus,cumulative,55,FAIL,2,0,0,1
s55-N10000-b2048-t128,55,10000,2048,128,0,F5c,0.0,V2,cumulative,55,FAIL,2,0,0,1
s55-N10000-b2048-t128,55,10000,2048,128,0,F5c,0.0,V3,cumulative,55,FAIL,2,0,0,1
s55-N10000-b2048-t128,55,10000,2048,128,0,F6,0.0,V0,cumulative,55,INCOMPLETE,0,0,0,1
s55-N10000-b2048-t128,55,10000,2048,128,100,F6,0.0,V1,cumulative,55,INCOMPLETE,0,0,0,1
s55-N10000-b2048-t128,55,10000,2048,128,0,F6,0.0,V2minus,cumulative,55,INCOMPLETE,0,0,0,1
s55-N10000-b2048-t128,55,10000,2048,128,0,F6,0.0,V2,cumulative,55,INCOMPLETE,0,0,0,1
s55-N10000-b2048-t128,55,10000,2048,128,0,F6,0.0,V3,cumulative,55,INCOMPLETE,0,0,0,1
s55-N10000-b2048-t128,55,10000,2048,128,0,F7,0.0,V2minus,cumulative,55,UNRUNNABLE,0,0,1,0
s55-N10000-b2048-t128,55,10000,2048,128,0,F7,0.0,V2,cumulative,55,FAIL,1,0,0,1
s56-N10000-b2048-t128,56,10000,2048,128,0,F0,0.0,V0,cumulative,56,PASS,0,0,0,0
s56-N10000-b2048-t128,56,10000,2048,128,100,F0,0.0,V1,cumulative,56,PASS,0,0,0,0
s56-N10000-b2048-t128,56,10000,2048,128,0,F0,0.0,V2minus,cumulative,56,PASS,0,0,0,0
s56-N10000-b2048-t128,56,10000,2048,128,0,F0,0.0,V2,cumulative,56,PASS,0,0,0,0
s56-N10000-b2048-t128,56,10000,2048,128,0,F0,0.0,V3,cumulative,56,PASS,0,0,0,0
s56-N10000-b2048-t128,56,10000,2048,128,0,F1a,0.0,V0,cumulative,56,FAIL,1,0,0,1
s56-N10000-b2048-t128,56,10000,2048,128,100,F1a,0.0,V1,cumulative,56,FAIL,1,0,0,1
s56-N10000-b2048-t128,56,10000,2048,128,0,F1a,0.0,V2minus,cumulative,56,FAIL,1,0,0,1
s56-N10000-b2048-t128,56,10000,2048,128,0,F1a,0.0,V2,cumulative,56,FAIL,1,0,0,1
s56-N10000-b2048-t128,56,10000,2048,128,0,F1a,0.0,V3,cumulative,56,FAIL,1,0,0,1
s56-N10000-b2048-t128,56,10000,2048,128,0,F1b,0.0,V0,cumulative,56,FAIL,1,0,0,1
s56-N10000-b2048-t128,56,10000,2048,128,100,F1b,0.0,V1,cumulative,56,FAIL,1,0,0,1
s56-N10000-b2048-t128,56,10000,2048,128,0,F1b,0.0,V2minus,cumulative,56,FAIL,1,0,0,1
s56-N10000-b2048-t128,56,10000,2048,128,0,F1b,0.0,V2,cumulative,56,FAIL,1,0,0,1
s56-N10000-b2048-t128,56,10000,2048,128,0,F1b,0.0,V3,cumulative,56,FAIL,1,0,0,1
s56-N10000-b2048-t128,56,10000,2048,128,0,F2,0.0,V0,cumulative,56,FAIL,1,0,0,1
s56-N10000-b2048-t128,56,10000,2048,128,100,F2,0.0,V1,cumulative,56,FAIL,1,0,0,1
s56-N10000-b2048-t128,56,10000,2048,128,0,F2,0.0,V2minus,cumulative,56,FAIL,1,0,0,1
s56-N10000-b2048-t128,56,10000,2048,128,0,F2,0.0,V2,cumulative,56,FAIL,1,0,0,1
s56-N10000-b2048-t128,56,10000,2048,128,0,F2,0.0,V3,cumulative,56,FAIL,1,0,0,1
s56-N10000-b2048-t128,56,10000,2048,128,0,F3,0.0,V0,cumulative,56,FAIL,1,0,0,1
s56-N10000-b2048-t128,56,10000,2048,128,100,F3,0.0,V1,cumulative,56,FAIL,1,0,0,1
s56-N10000-b2048-t128,56,10000,2048,128,0,F3,0.0,V2minus,cumulative,56,FAIL,1,0,0,1
s56-N10000-b2048-t128,56,10000,2048,128,0,F3,0.0,V2,cumulative,56,FAIL,1,0,0,1
s56-N10000-b2048-t128,56,10000,2048,128,0,F3,0.0,V3,cumulative,56,FAIL,1,0,0,1
s56-N10000-b2048-t128,56,10000,2048,128,0,F4r,0.0,V0,cumulative,56,FAIL,1,0,0,1
s56-N10000-b2048-t128,56,10000,2048,128,100,F4r,0.0,V1,cumulative,56,FAIL,1,0,0,1
s56-N10000-b2048-t128,56,10000,2048,128,0,F4r,0.0,V2minus,cumulative,56,FAIL,1,0,0,1
s56-N10000-b2048-t128,56,10000,2048,128,0,F4r,0.0,V2,cumulative,56,FAIL,1,0,0,1
s56-N10000-b2048-t128,56,10000,2048,128,0,F4r,0.0,V3,cumulative,56,FAIL,1,0,0,1
s56-N10000-b2048-t128,56,10000,2048,128,0,F4m,0.0,V0,cumulative,56,FAIL,0,0,0,1
s56-N10000-b2048-t128,56,10000,2048,128,100,F4m,0.0,V1,cumulative,56,FAIL,0,0,0,1
s56-N10000-b2048-t128,56,10000,2048,128,0,F4m,0.0,V2minus,cumulative,56,FAIL,0,0,0,1
s56-N10000-b2048-t128,56,10000,2048,128,0,F4m,0.0,V2,cumulative,56,FAIL,0,0,0,1
s56-N10000-b2048-t128,56,10000,2048,128,0,F4m,0.0,V3,cumulative,56,FAIL,0,0,0,1
s56-N10000-b2048-t128,56,10000,2048,128,0,F5,0.0,V0,cumulative,56,PASS,0,0,1,0
s56-N10000-b2048-t128,56,10000,2048,128,100,F5,0.0,V1,cumulative,56,PASS,0,0,1,0
s56-N10000-b2048-t128,56,10000,2048,128,0,F5,0.0,V2minus,cumulative,56,FAIL,1,0,0,1
s56-N10000-b2048-t128,56,10000,2048,128,0,F5,0.0,V2,cumulative,56,FAIL,1,0,0,1
s56-N10000-b2048-t128,56,10000,2048,128,0,F5,0.0,V3,cumulative,56,FAIL,1,0,0,1
s56-N10000-b2048-t128,56,10000,2048,128,0,F5,0.05,V0,cumulative,56,PASS,0,0,500,0
s56-N10000-b2048-t128,56,10000,2048,128,100,F5,0.05,V1,cumulative,56,PASS,0,0,500,0
s56-N10000-b2048-t128,56,10000,2048,128,0,F5,0.05,V2minus,cumulative,56,FAIL,500,0,0,1
s56-N10000-b2048-t128,56,10000,2048,128,0,F5,0.05,V2,cumulative,56,FAIL,500,0,0,1
s56-N10000-b2048-t128,56,10000,2048,128,0,F5,0.05,V3,cumulative,56,FAIL,500,0,0,1
s56-N10000-b2048-t128,56,10000,2048,128,0,F5b,0.0,V0,cumulative,56,PASS,0,0,1,0
s56-N10000-b2048-t128,56,10000,2048,128,100,F5b,0.0,V1,cumulative,56,PASS,0,0,1,0
s56-N10000-b2048-t128,56,10000,2048,128,0,F5b,0.0,V2minus,cumulative,56,FAIL,1,0,0,1
s56-N10000-b2048-t128,56,10000,2048,128,0,F5b,0.0,V2,cumulative,56,FAIL,1,0,0,1
s56-N10000-b2048-t128,56,10000,2048,128,0,F5b,0.0,V3,cumulative,56,FAIL,1,0,0,1
s56-N10000-b2048-t128,56,10000,2048,128,0,F5c,0.0,V0,cumulative,56,PASS,0,0,2,0
s56-N10000-b2048-t128,56,10000,2048,128,100,F5c,0.0,V1,cumulative,56,PASS,0,0,2,0
s56-N10000-b2048-t128,56,10000,2048,128,0,F5c,0.0,V2minus,cumulative,56,FAIL,2,0,0,1
s56-N10000-b2048-t128,56,10000,2048,128,0,F5c,0.0,V2,cumulative,56,FAIL,2,0,0,1
s56-N10000-b2048-t128,56,10000,2048,128,0,F5c,0.0,V3,cumulative,56,FAIL,2,0,0,1
s56-N10000-b2048-t128,56,10000,2048,128,0,F6,0.0,V0,cumulative,56,INCOMPLETE,0,0,0,1
s56-N10000-b2048-t128,56,10000,2048,128,100,F6,0.0,V1,cumulative,56,INCOMPLETE,0,0,0,1
s56-N10000-b2048-t128,56,10000,2048,128,0,F6,0.0,V2minus,cumulative,56,INCOMPLETE,0,0,0,1
s56-N10000-b2048-t128,56,10000,2048,128,0,F6,0.0,V2,cumulative,56,INCOMPLETE,0,0,0,1
s56-N10000-b2048-t128,56,10000,2048,128,0,F6,0.0,V3,cumulative,56,INCOMPLETE,0,0,0,1
s56-N10000-b2048-t128,56,10000,2048,128,0,F7,0.0,V2minus,cumulative,56,UNRUNNABLE,0,0,1,0
s56-N10000-b2048-t128,56,10000,2048,128,0,F7,0.0,V2,cumulative,56,FAIL,1,0,0,1
s57-N10000-b2048-t128,57,10000,2048,128,0,F0,0.0,V0,cumulative,57,PASS,0,0,0,0
s57-N10000-b2048-t128,57,10000,2048,128,100,F0,0.0,V1,cumulative,57,PASS,0,0,0,0
s57-N10000-b2048-t128,57,10000,2048,128,0,F0,0.0,V2minus,cumulative,57,PASS,0,0,0,0
s57-N10000-b2048-t128,57,10000,2048,128,0,F0,0.0,V2,cumulative,57,PASS,0,0,0,0
s57-N10000-b2048-t128,57,10000,2048,128,0,F0,0.0,V3,cumulative,57,PASS,0,0,0,0
s57-N10000-b2048-t128,57,10000,2048,128,0,F1a,0.0,V0,cumulative,57,FAIL,1,0,0,1
s57-N10000-b2048-t128,57,10000,2048,128,100,F1a,0.0,V1,cumulative,57,FAIL,1,0,0,1
s57-N10000-b2048-t128,57,10000,2048,128,0,F1a,0.0,V2minus,cumulative,57,FAIL,1,0,0,1
s57-N10000-b2048-t128,57,10000,2048,128,0,F1a,0.0,V2,cumulative,57,FAIL,1,0,0,1
s57-N10000-b2048-t128,57,10000,2048,128,0,F1a,0.0,V3,cumulative,57,FAIL,1,0,0,1
s57-N10000-b2048-t128,57,10000,2048,128,0,F1b,0.0,V0,cumulative,57,FAIL,1,0,0,1
s57-N10000-b2048-t128,57,10000,2048,128,100,F1b,0.0,V1,cumulative,57,FAIL,1,0,0,1
s57-N10000-b2048-t128,57,10000,2048,128,0,F1b,0.0,V2minus,cumulative,57,FAIL,1,0,0,1
s57-N10000-b2048-t128,57,10000,2048,128,0,F1b,0.0,V2,cumulative,57,FAIL,1,0,0,1
s57-N10000-b2048-t128,57,10000,2048,128,0,F1b,0.0,V3,cumulative,57,FAIL,1,0,0,1
s57-N10000-b2048-t128,57,10000,2048,128,0,F2,0.0,V0,cumulative,57,FAIL,1,0,0,1
s57-N10000-b2048-t128,57,10000,2048,128,100,F2,0.0,V1,cumulative,57,FAIL,1,0,0,1
s57-N10000-b2048-t128,57,10000,2048,128,0,F2,0.0,V2minus,cumulative,57,FAIL,1,0,0,1
s57-N10000-b2048-t128,57,10000,2048,128,0,F2,0.0,V2,cumulative,57,FAIL,1,0,0,1
s57-N10000-b2048-t128,57,10000,2048,128,0,F2,0.0,V3,cumulative,57,FAIL,1,0,0,1
s57-N10000-b2048-t128,57,10000,2048,128,0,F3,0.0,V0,cumulative,57,FAIL,1,0,0,1
s57-N10000-b2048-t128,57,10000,2048,128,100,F3,0.0,V1,cumulative,57,FAIL,1,0,0,1
s57-N10000-b2048-t128,57,10000,2048,128,0,F3,0.0,V2minus,cumulative,57,FAIL,1,0,0,1
s57-N10000-b2048-t128,57,10000,2048,128,0,F3,0.0,V2,cumulative,57,FAIL,1,0,0,1
s57-N10000-b2048-t128,57,10000,2048,128,0,F3,0.0,V3,cumulative,57,FAIL,1,0,0,1
s57-N10000-b2048-t128,57,10000,2048,128,0,F4r,0.0,V0,cumulative,57,FAIL,1,0,0,1
s57-N10000-b2048-t128,57,10000,2048,128,100,F4r,0.0,V1,cumulative,57,FAIL,1,0,0,1
s57-N10000-b2048-t128,57,10000,2048,128,0,F4r,0.0,V2minus,cumulative,57,FAIL,1,0,0,1
s57-N10000-b2048-t128,57,10000,2048,128,0,F4r,0.0,V2,cumulative,57,FAIL,1,0,0,1
s57-N10000-b2048-t128,57,10000,2048,128,0,F4r,0.0,V3,cumulative,57,FAIL,1,0,0,1
s57-N10000-b2048-t128,57,10000,2048,128,0,F4m,0.0,V0,cumulative,57,FAIL,0,0,0,1
s57-N10000-b2048-t128,57,10000,2048,128,100,F4m,0.0,V1,cumulative,57,FAIL,0,0,0,1
s57-N10000-b2048-t128,57,10000,2048,128,0,F4m,0.0,V2minus,cumulative,57,FAIL,0,0,0,1
s57-N10000-b2048-t128,57,10000,2048,128,0,F4m,0.0,V2,cumulative,57,FAIL,0,0,0,1
s57-N10000-b2048-t128,57,10000,2048,128,0,F4m,0.0,V3,cumulative,57,FAIL,0,0,0,1
s57-N10000-b2048-t128,57,10000,2048,128,0,F5,0.0,V0,cumulative,57,PASS,0,0,1,0
s57-N10000-b2048-t128,57,10000,2048,128,100,F5,0.0,V1,cumulative,57,PASS,0,0,1,0
s57-N10000-b2048-t128,57,10000,2048,128,0,F5,0.0,V2minus,cumulative,57,FAIL,1,0,0,1
s57-N10000-b2048-t128,57,10000,2048,128,0,F5,0.0,V2,cumulative,57,FAIL,1,0,0,1
s57-N10000-b2048-t128,57,10000,2048,128,0,F5,0.0,V3,cumulative,57,FAIL,1,0,0,1
s57-N10000-b2048-t128,57,10000,2048,128,0,F5,0.05,V0,cumulative,57,PASS,0,0,500,0
s57-N10000-b2048-t128,57,10000,2048,128,100,F5,0.05,V1,cumulative,57,PASS,0,0,500,0
s57-N10000-b2048-t128,57,10000,2048,128,0,F5,0.05,V2minus,cumulative,57,FAIL,500,0,0,1
s57-N10000-b2048-t128,57,10000,2048,128,0,F5,0.05,V2,cumulative,57,FAIL,500,0,0,1
s57-N10000-b2048-t128,57,10000,2048,128,0,F5,0.05,V3,cumulative,57,FAIL,500,0,0,1
s57-N10000-b2048-t128,57,10000,2048,128,0,F5b,0.0,V0,cumulative,57,PASS,0,0,1,0
s57-N10000-b2048-t128,57,10000,2048,128,100,F5b,0.0,V1,cumulative,57,PASS,0,0,1,0
s57-N10000-b2048-t128,57,10000,2048,128,0,F5b,0.0,V2minus,cumulative,57,FAIL,1,0,0,1
s57-N10000-b2048-t128,57,10000,2048,128,0,F5b,0.0,V2,cumulative,57,FAIL,1,0,0,1
s57-N10000-b2048-t128,57,10000,2048,128,0,F5b,0.0,V3,cumulative,57,FAIL,1,0,0,1
s57-N10000-b2048-t128,57,10000,2048,128,0,F5c,0.0,V0,cumulative,57,PASS,0,0,2,0
s57-N10000-b2048-t128,57,10000,2048,128,100,F5c,0.0,V1,cumulative,57,PASS,0,0,2,0
s57-N10000-b2048-t128,57,10000,2048,128,0,F5c,0.0,V2minus,cumulative,57,FAIL,2,0,0,1
s57-N10000-b2048-t128,57,10000,2048,128,0,F5c,0.0,V2,cumulative,57,FAIL,2,0,0,1
s57-N10000-b2048-t128,57,10000,2048,128,0,F5c,0.0,V3,cumulative,57,FAIL,2,0,0,1
s57-N10000-b2048-t128,57,10000,2048,128,0,F6,0.0,V0,cumulative,57,INCOMPLETE,0,0,0,1
s57-N10000-b2048-t128,57,10000,2048,128,100,F6,0.0,V1,cumulative,57,INCOMPLETE,0,0,0,1
s57-N10000-b2048-t128,57,10000,2048,128,0,F6,0.0,V2minus,cumulative,57,INCOMPLETE,0,0,0,1
s57-N10000-b2048-t128,57,10000,2048,128,0,F6,0.0,V2,cumulative,57,INCOMPLETE,0,0,0,1
s57-N10000-b2048-t128,57,10000,2048,128,0,F6,0.0,V3,cumulative,57,INCOMPLETE,0,0,0,1
s57-N10000-b2048-t128,57,10000,2048,128,0,F7,0.0,V2minus,cumulative,57,UNRUNNABLE,0,0,1,0
s57-N10000-b2048-t128,57,10000,2048,128,0,F7,0.0,V2,cumulative,57,FAIL,1,0,0,1
s58-N10000-b2048-t128,58,10000,2048,128,0,F0,0.0,V0,cumulative,58,PASS,0,0,0,0
s58-N10000-b2048-t128,58,10000,2048,128,100,F0,0.0,V1,cumulative,58,PASS,0,0,0,0
s58-N10000-b2048-t128,58,10000,2048,128,0,F0,0.0,V2minus,cumulative,58,PASS,0,0,0,0
s58-N10000-b2048-t128,58,10000,2048,128,0,F0,0.0,V2,cumulative,58,PASS,0,0,0,0
s58-N10000-b2048-t128,58,10000,2048,128,0,F0,0.0,V3,cumulative,58,PASS,0,0,0,0
s58-N10000-b2048-t128,58,10000,2048,128,0,F1a,0.0,V0,cumulative,58,FAIL,1,0,0,1
s58-N10000-b2048-t128,58,10000,2048,128,100,F1a,0.0,V1,cumulative,58,FAIL,1,0,0,1
s58-N10000-b2048-t128,58,10000,2048,128,0,F1a,0.0,V2minus,cumulative,58,FAIL,1,0,0,1
s58-N10000-b2048-t128,58,10000,2048,128,0,F1a,0.0,V2,cumulative,58,FAIL,1,0,0,1
s58-N10000-b2048-t128,58,10000,2048,128,0,F1a,0.0,V3,cumulative,58,FAIL,1,0,0,1
s58-N10000-b2048-t128,58,10000,2048,128,0,F1b,0.0,V0,cumulative,58,FAIL,1,0,0,1
s58-N10000-b2048-t128,58,10000,2048,128,100,F1b,0.0,V1,cumulative,58,FAIL,1,0,0,1
s58-N10000-b2048-t128,58,10000,2048,128,0,F1b,0.0,V2minus,cumulative,58,FAIL,1,0,0,1
s58-N10000-b2048-t128,58,10000,2048,128,0,F1b,0.0,V2,cumulative,58,FAIL,1,0,0,1
s58-N10000-b2048-t128,58,10000,2048,128,0,F1b,0.0,V3,cumulative,58,FAIL,1,0,0,1
s58-N10000-b2048-t128,58,10000,2048,128,0,F2,0.0,V0,cumulative,58,FAIL,1,0,0,1
s58-N10000-b2048-t128,58,10000,2048,128,100,F2,0.0,V1,cumulative,58,FAIL,1,0,0,1
s58-N10000-b2048-t128,58,10000,2048,128,0,F2,0.0,V2minus,cumulative,58,FAIL,1,0,0,1
s58-N10000-b2048-t128,58,10000,2048,128,0,F2,0.0,V2,cumulative,58,FAIL,1,0,0,1
s58-N10000-b2048-t128,58,10000,2048,128,0,F2,0.0,V3,cumulative,58,FAIL,1,0,0,1
s58-N10000-b2048-t128,58,10000,2048,128,0,F3,0.0,V0,cumulative,58,FAIL,1,0,0,1
s58-N10000-b2048-t128,58,10000,2048,128,100,F3,0.0,V1,cumulative,58,FAIL,1,0,0,1
s58-N10000-b2048-t128,58,10000,2048,128,0,F3,0.0,V2minus,cumulative,58,FAIL,1,0,0,1
s58-N10000-b2048-t128,58,10000,2048,128,0,F3,0.0,V2,cumulative,58,FAIL,1,0,0,1
s58-N10000-b2048-t128,58,10000,2048,128,0,F3,0.0,V3,cumulative,58,FAIL,1,0,0,1
s58-N10000-b2048-t128,58,10000,2048,128,0,F4r,0.0,V0,cumulative,58,FAIL,1,0,0,1
s58-N10000-b2048-t128,58,10000,2048,128,100,F4r,0.0,V1,cumulative,58,FAIL,1,0,0,1
s58-N10000-b2048-t128,58,10000,2048,128,0,F4r,0.0,V2minus,cumulative,58,FAIL,1,0,0,1
s58-N10000-b2048-t128,58,10000,2048,128,0,F4r,0.0,V2,cumulative,58,FAIL,1,0,0,1
s58-N10000-b2048-t128,58,10000,2048,128,0,F4r,0.0,V3,cumulative,58,FAIL,1,0,0,1
s58-N10000-b2048-t128,58,10000,2048,128,0,F4m,0.0,V0,cumulative,58,FAIL,0,0,0,1
s58-N10000-b2048-t128,58,10000,2048,128,100,F4m,0.0,V1,cumulative,58,FAIL,0,0,0,1
s58-N10000-b2048-t128,58,10000,2048,128,0,F4m,0.0,V2minus,cumulative,58,FAIL,0,0,0,1
s58-N10000-b2048-t128,58,10000,2048,128,0,F4m,0.0,V2,cumulative,58,FAIL,0,0,0,1
s58-N10000-b2048-t128,58,10000,2048,128,0,F4m,0.0,V3,cumulative,58,FAIL,0,0,0,1
s58-N10000-b2048-t128,58,10000,2048,128,0,F5,0.0,V0,cumulative,58,PASS,0,0,1,0
s58-N10000-b2048-t128,58,10000,2048,128,100,F5,0.0,V1,cumulative,58,PASS,0,0,1,0
s58-N10000-b2048-t128,58,10000,2048,128,0,F5,0.0,V2minus,cumulative,58,FAIL,1,0,0,1
s58-N10000-b2048-t128,58,10000,2048,128,0,F5,0.0,V2,cumulative,58,FAIL,1,0,0,1
s58-N10000-b2048-t128,58,10000,2048,128,0,F5,0.0,V3,cumulative,58,FAIL,1,0,0,1
s58-N10000-b2048-t128,58,10000,2048,128,0,F5,0.05,V0,cumulative,58,PASS,0,0,500,0
s58-N10000-b2048-t128,58,10000,2048,128,100,F5,0.05,V1,cumulative,58,PASS,0,0,500,0
s58-N10000-b2048-t128,58,10000,2048,128,0,F5,0.05,V2minus,cumulative,58,FAIL,500,0,0,1
s58-N10000-b2048-t128,58,10000,2048,128,0,F5,0.05,V2,cumulative,58,FAIL,500,0,0,1
s58-N10000-b2048-t128,58,10000,2048,128,0,F5,0.05,V3,cumulative,58,FAIL,500,0,0,1
s58-N10000-b2048-t128,58,10000,2048,128,0,F5b,0.0,V0,cumulative,58,PASS,0,0,1,0
s58-N10000-b2048-t128,58,10000,2048,128,100,F5b,0.0,V1,cumulative,58,PASS,0,0,1,0
s58-N10000-b2048-t128,58,10000,2048,128,0,F5b,0.0,V2minus,cumulative,58,FAIL,1,0,0,1
s58-N10000-b2048-t128,58,10000,2048,128,0,F5b,0.0,V2,cumulative,58,FAIL,1,0,0,1
s58-N10000-b2048-t128,58,10000,2048,128,0,F5b,0.0,V3,cumulative,58,FAIL,1,0,0,1
s58-N10000-b2048-t128,58,10000,2048,128,0,F5c,0.0,V0,cumulative,58,PASS,0,0,2,0
s58-N10000-b2048-t128,58,10000,2048,128,100,F5c,0.0,V1,cumulative,58,PASS,0,0,2,0
s58-N10000-b2048-t128,58,10000,2048,128,0,F5c,0.0,V2minus,cumulative,58,FAIL,2,0,0,1
s58-N10000-b2048-t128,58,10000,2048,128,0,F5c,0.0,V2,cumulative,58,FAIL,2,0,0,1
s58-N10000-b2048-t128,58,10000,2048,128,0,F5c,0.0,V3,cumulative,58,FAIL,2,0,0,1
s58-N10000-b2048-t128,58,10000,2048,128,0,F6,0.0,V0,cumulative,58,INCOMPLETE,0,0,0,1
s58-N10000-b2048-t128,58,10000,2048,128,100,F6,0.0,V1,cumulative,58,INCOMPLETE,0,0,0,1
s58-N10000-b2048-t128,58,10000,2048,128,0,F6,0.0,V2minus,cumulative,58,INCOMPLETE,0,0,0,1
s58-N10000-b2048-t128,58,10000,2048,128,0,F6,0.0,V2,cumulative,58,INCOMPLETE,0,0,0,1
s58-N10000-b2048-t128,58,10000,2048,128,0,F6,0.0,V3,cumulative,58,INCOMPLETE,0,0,0,1
s58-N10000-b2048-t128,58,10000,2048,128,0,F7,0.0,V2minus,cumulative,58,UNRUNNABLE,0,0,1,0
s58-N10000-b2048-t128,58,10000,2048,128,0,F7,0.0,V2,cumulative,58,FAIL,1,0,0,1
s59-N10000-b2048-t128,59,10000,2048,128,0,F0,0.0,V0,cumulative,59,PASS,0,0,0,0
s59-N10000-b2048-t128,59,10000,2048,128,100,F0,0.0,V1,cumulative,59,PASS,0,0,0,0
s59-N10000-b2048-t128,59,10000,2048,128,0,F0,0.0,V2minus,cumulative,59,PASS,0,0,0,0
s59-N10000-b2048-t128,59,10000,2048,128,0,F0,0.0,V2,cumulative,59,PASS,0,0,0,0
s59-N10000-b2048-t128,59,10000,2048,128,0,F0,0.0,V3,cumulative,59,PASS,0,0,0,0
s59-N10000-b2048-t128,59,10000,2048,128,0,F1a,0.0,V0,cumulative,59,FAIL,1,0,0,1
s59-N10000-b2048-t128,59,10000,2048,128,100,F1a,0.0,V1,cumulative,59,FAIL,1,0,0,1
s59-N10000-b2048-t128,59,10000,2048,128,0,F1a,0.0,V2minus,cumulative,59,FAIL,1,0,0,1
s59-N10000-b2048-t128,59,10000,2048,128,0,F1a,0.0,V2,cumulative,59,FAIL,1,0,0,1
s59-N10000-b2048-t128,59,10000,2048,128,0,F1a,0.0,V3,cumulative,59,FAIL,1,0,0,1
s59-N10000-b2048-t128,59,10000,2048,128,0,F1b,0.0,V0,cumulative,59,FAIL,1,0,0,1
s59-N10000-b2048-t128,59,10000,2048,128,100,F1b,0.0,V1,cumulative,59,FAIL,1,0,0,1
s59-N10000-b2048-t128,59,10000,2048,128,0,F1b,0.0,V2minus,cumulative,59,FAIL,1,0,0,1
s59-N10000-b2048-t128,59,10000,2048,128,0,F1b,0.0,V2,cumulative,59,FAIL,1,0,0,1
s59-N10000-b2048-t128,59,10000,2048,128,0,F1b,0.0,V3,cumulative,59,FAIL,1,0,0,1
s59-N10000-b2048-t128,59,10000,2048,128,0,F2,0.0,V0,cumulative,59,FAIL,1,0,0,1
s59-N10000-b2048-t128,59,10000,2048,128,100,F2,0.0,V1,cumulative,59,FAIL,1,0,0,1
s59-N10000-b2048-t128,59,10000,2048,128,0,F2,0.0,V2minus,cumulative,59,FAIL,1,0,0,1
s59-N10000-b2048-t128,59,10000,2048,128,0,F2,0.0,V2,cumulative,59,FAIL,1,0,0,1
s59-N10000-b2048-t128,59,10000,2048,128,0,F2,0.0,V3,cumulative,59,FAIL,1,0,0,1
s59-N10000-b2048-t128,59,10000,2048,128,0,F3,0.0,V0,cumulative,59,FAIL,1,0,0,1
s59-N10000-b2048-t128,59,10000,2048,128,100,F3,0.0,V1,cumulative,59,FAIL,1,0,0,1
s59-N10000-b2048-t128,59,10000,2048,128,0,F3,0.0,V2minus,cumulative,59,FAIL,1,0,0,1
s59-N10000-b2048-t128,59,10000,2048,128,0,F3,0.0,V2,cumulative,59,FAIL,1,0,0,1
s59-N10000-b2048-t128,59,10000,2048,128,0,F3,0.0,V3,cumulative,59,FAIL,1,0,0,1
s59-N10000-b2048-t128,59,10000,2048,128,0,F4r,0.0,V0,cumulative,59,FAIL,1,0,0,1
s59-N10000-b2048-t128,59,10000,2048,128,100,F4r,0.0,V1,cumulative,59,FAIL,1,0,0,1
s59-N10000-b2048-t128,59,10000,2048,128,0,F4r,0.0,V2minus,cumulative,59,FAIL,1,0,0,1
s59-N10000-b2048-t128,59,10000,2048,128,0,F4r,0.0,V2,cumulative,59,FAIL,1,0,0,1
s59-N10000-b2048-t128,59,10000,2048,128,0,F4r,0.0,V3,cumulative,59,FAIL,1,0,0,1
s59-N10000-b2048-t128,59,10000,2048,128,0,F4m,0.0,V0,cumulative,59,FAIL,0,0,0,1
s59-N10000-b2048-t128,59,10000,2048,128,100,F4m,0.0,V1,cumulative,59,FAIL,0,0,0,1
s59-N10000-b2048-t128,59,10000,2048,128,0,F4m,0.0,V2minus,cumulative,59,FAIL,0,0,0,1
s59-N10000-b2048-t128,59,10000,2048,128,0,F4m,0.0,V2,cumulative,59,FAIL,0,0,0,1
s59-N10000-b2048-t128,59,10000,2048,128,0,F4m,0.0,V3,cumulative,59,FAIL,0,0,0,1
s59-N10000-b2048-t128,59,10000,2048,128,0,F5,0.0,V0,cumulative,59,PASS,0,0,1,0
s59-N10000-b2048-t128,59,10000,2048,128,100,F5,0.0,V1,cumulative,59,PASS,0,0,1,0
s59-N10000-b2048-t128,59,10000,2048,128,0,F5,0.0,V2minus,cumulative,59,FAIL,1,0,0,1
s59-N10000-b2048-t128,59,10000,2048,128,0,F5,0.0,V2,cumulative,59,FAIL,1,0,0,1
s59-N10000-b2048-t128,59,10000,2048,128,0,F5,0.0,V3,cumulative,59,FAIL,1,0,0,1
s59-N10000-b2048-t128,59,10000,2048,128,0,F5,0.05,V0,cumulative,59,PASS,0,0,500,0
s59-N10000-b2048-t128,59,10000,2048,128,100,F5,0.05,V1,cumulative,59,PASS,0,0,500,0
s59-N10000-b2048-t128,59,10000,2048,128,0,F5,0.05,V2minus,cumulative,59,FAIL,500,0,0,1
s59-N10000-b2048-t128,59,10000,2048,128,0,F5,0.05,V2,cumulative,59,FAIL,500,0,0,1
s59-N10000-b2048-t128,59,10000,2048,128,0,F5,0.05,V3,cumulative,59,FAIL,500,0,0,1
s59-N10000-b2048-t128,59,10000,2048,128,0,F5b,0.0,V0,cumulative,59,PASS,0,0,1,0
s59-N10000-b2048-t128,59,10000,2048,128,100,F5b,0.0,V1,cumulative,59,PASS,0,0,1,0
s59-N10000-b2048-t128,59,10000,2048,128,0,F5b,0.0,V2minus,cumulative,59,FAIL,1,0,0,1
s59-N10000-b2048-t128,59,10000,2048,128,0,F5b,0.0,V2,cumulative,59,FAIL,1,0,0,1
s59-N10000-b2048-t128,59,10000,2048,128,0,F5b,0.0,V3,cumulative,59,FAIL,1,0,0,1
s59-N10000-b2048-t128,59,10000,2048,128,0,F5c,0.0,V0,cumulative,59,PASS,0,0,2,0
s59-N10000-b2048-t128,59,10000,2048,128,100,F5c,0.0,V1,cumulative,59,PASS,0,0,2,0
s59-N10000-b2048-t128,59,10000,2048,128,0,F5c,0.0,V2minus,cumulative,59,FAIL,2,0,0,1
s59-N10000-b2048-t128,59,10000,2048,128,0,F5c,0.0,V2,cumulative,59,FAIL,2,0,0,1
s59-N10000-b2048-t128,59,10000,2048,128,0,F5c,0.0,V3,cumulative,59,FAIL,2,0,0,1
s59-N10000-b2048-t128,59,10000,2048,128,0,F6,0.0,V0,cumulative,59,INCOMPLETE,0,0,0,1
s59-N10000-b2048-t128,59,10000,2048,128,100,F6,0.0,V1,cumulative,59,INCOMPLETE,0,0,0,1
s59-N10000-b2048-t128,59,10000,2048,128,0,F6,0.0,V2minus,cumulative,59,INCOMPLETE,0,0,0,1
s59-N10000-b2048-t128,59,10000,2048,128,0,F6,0.0,V2,cumulative,59,INCOMPLETE,0,0,0,1
s59-N10000-b2048-t128,59,10000,2048,128,0,F6,0.0,V3,cumulative,59,INCOMPLETE,0,0,0,1
s59-N10000-b2048-t128,59,10000,2048,128,0,F7,0.0,V2minus,cumulative,59,UNRUNNABLE,0,0,1,0
s59-N10000-b2048-t128,59,10000,2048,128,0,F7,0.0,V2,cumulative,59,FAIL,1,0,0,1
s60-N10000-b2048-t128,60,10000,2048,128,0,F0,0.0,V0,cumulative,60,PASS,0,0,0,0
s60-N10000-b2048-t128,60,10000,2048,128,100,F0,0.0,V1,cumulative,60,PASS,0,0,0,0
s60-N10000-b2048-t128,60,10000,2048,128,0,F0,0.0,V2minus,cumulative,60,PASS,0,0,0,0
s60-N10000-b2048-t128,60,10000,2048,128,0,F0,0.0,V2,cumulative,60,PASS,0,0,0,0
s60-N10000-b2048-t128,60,10000,2048,128,0,F0,0.0,V3,cumulative,60,PASS,0,0,0,0
s60-N10000-b2048-t128,60,10000,2048,128,0,F1a,0.0,V0,cumulative,60,FAIL,1,0,0,1
s60-N10000-b2048-t128,60,10000,2048,128,100,F1a,0.0,V1,cumulative,60,FAIL,1,0,0,1
s60-N10000-b2048-t128,60,10000,2048,128,0,F1a,0.0,V2minus,cumulative,60,FAIL,1,0,0,1
s60-N10000-b2048-t128,60,10000,2048,128,0,F1a,0.0,V2,cumulative,60,FAIL,1,0,0,1
s60-N10000-b2048-t128,60,10000,2048,128,0,F1a,0.0,V3,cumulative,60,FAIL,1,0,0,1
s60-N10000-b2048-t128,60,10000,2048,128,0,F1b,0.0,V0,cumulative,60,FAIL,1,0,0,1
s60-N10000-b2048-t128,60,10000,2048,128,100,F1b,0.0,V1,cumulative,60,FAIL,1,0,0,1
s60-N10000-b2048-t128,60,10000,2048,128,0,F1b,0.0,V2minus,cumulative,60,FAIL,1,0,0,1
s60-N10000-b2048-t128,60,10000,2048,128,0,F1b,0.0,V2,cumulative,60,FAIL,1,0,0,1
s60-N10000-b2048-t128,60,10000,2048,128,0,F1b,0.0,V3,cumulative,60,FAIL,1,0,0,1
s60-N10000-b2048-t128,60,10000,2048,128,0,F2,0.0,V0,cumulative,60,FAIL,1,0,0,1
s60-N10000-b2048-t128,60,10000,2048,128,100,F2,0.0,V1,cumulative,60,FAIL,1,0,0,1
s60-N10000-b2048-t128,60,10000,2048,128,0,F2,0.0,V2minus,cumulative,60,FAIL,1,0,0,1
s60-N10000-b2048-t128,60,10000,2048,128,0,F2,0.0,V2,cumulative,60,FAIL,1,0,0,1
s60-N10000-b2048-t128,60,10000,2048,128,0,F2,0.0,V3,cumulative,60,FAIL,1,0,0,1
s60-N10000-b2048-t128,60,10000,2048,128,0,F3,0.0,V0,cumulative,60,FAIL,1,0,0,1
s60-N10000-b2048-t128,60,10000,2048,128,100,F3,0.0,V1,cumulative,60,FAIL,1,0,0,1
s60-N10000-b2048-t128,60,10000,2048,128,0,F3,0.0,V2minus,cumulative,60,FAIL,1,0,0,1
s60-N10000-b2048-t128,60,10000,2048,128,0,F3,0.0,V2,cumulative,60,FAIL,1,0,0,1
s60-N10000-b2048-t128,60,10000,2048,128,0,F3,0.0,V3,cumulative,60,FAIL,1,0,0,1
s60-N10000-b2048-t128,60,10000,2048,128,0,F4r,0.0,V0,cumulative,60,FAIL,1,0,0,1
s60-N10000-b2048-t128,60,10000,2048,128,100,F4r,0.0,V1,cumulative,60,FAIL,1,0,0,1
s60-N10000-b2048-t128,60,10000,2048,128,0,F4r,0.0,V2minus,cumulative,60,FAIL,1,0,0,1
s60-N10000-b2048-t128,60,10000,2048,128,0,F4r,0.0,V2,cumulative,60,FAIL,1,0,0,1
s60-N10000-b2048-t128,60,10000,2048,128,0,F4r,0.0,V3,cumulative,60,FAIL,1,0,0,1
s60-N10000-b2048-t128,60,10000,2048,128,0,F4m,0.0,V0,cumulative,60,FAIL,0,0,0,1
s60-N10000-b2048-t128,60,10000,2048,128,100,F4m,0.0,V1,cumulative,60,FAIL,0,0,0,1
s60-N10000-b2048-t128,60,10000,2048,128,0,F4m,0.0,V2minus,cumulative,60,FAIL,0,0,0,1
s60-N10000-b2048-t128,60,10000,2048,128,0,F4m,0.0,V2,cumulative,60,FAIL,0,0,0,1
s60-N10000-b2048-t128,60,10000,2048,128,0,F4m,0.0,V3,cumulative,60,FAIL,0,0,0,1
s60-N10000-b2048-t128,60,10000,2048,128,0,F5,0.0,V0,cumulative,60,PASS,0,0,1,0
s60-N10000-b2048-t128,60,10000,2048,128,100,F5,0.0,V1,cumulative,60,PASS,0,0,1,0
s60-N10000-b2048-t128,60,10000,2048,128,0,F5,0.0,V2minus,cumulative,60,FAIL,1,0,0,1
s60-N10000-b2048-t128,60,10000,2048,128,0,F5,0.0,V2,cumulative,60,FAIL,1,0,0,1
s60-N10000-b2048-t128,60,10000,2048,128,0,F5,0.0,V3,cumulative,60,FAIL,1,0,0,1
s60-N10000-b2048-t128,60,10000,2048,128,0,F5,0.05,V0,cumulative,60,PASS,0,0,500,0
s60-N10000-b2048-t128,60,10000,2048,128,100,F5,0.05,V1,cumulative,60,PASS,0,0,500,0
s60-N10000-b2048-t128,60,10000,2048,128,0,F5,0.05,V2minus,cumulative,60,FAIL,500,0,0,1
s60-N10000-b2048-t128,60,10000,2048,128,0,F5,0.05,V2,cumulative,60,FAIL,500,0,0,1
s60-N10000-b2048-t128,60,10000,2048,128,0,F5,0.05,V3,cumulative,60,FAIL,500,0,0,1
s60-N10000-b2048-t128,60,10000,2048,128,0,F5b,0.0,V0,cumulative,60,PASS,0,0,1,0
s60-N10000-b2048-t128,60,10000,2048,128,100,F5b,0.0,V1,cumulative,60,PASS,0,0,1,0
s60-N10000-b2048-t128,60,10000,2048,128,0,F5b,0.0,V2minus,cumulative,60,FAIL,1,0,0,1
s60-N10000-b2048-t128,60,10000,2048,128,0,F5b,0.0,V2,cumulative,60,FAIL,1,0,0,1
s60-N10000-b2048-t128,60,10000,2048,128,0,F5b,0.0,V3,cumulative,60,FAIL,1,0,0,1
s60-N10000-b2048-t128,60,10000,2048,128,0,F5c,0.0,V0,cumulative,60,PASS,0,0,2,0
s60-N10000-b2048-t128,60,10000,2048,128,100,F5c,0.0,V1,cumulative,60,PASS,0,0,2,0
s60-N10000-b2048-t128,60,10000,2048,128,0,F5c,0.0,V2minus,cumulative,60,FAIL,2,0,0,1
s60-N10000-b2048-t128,60,10000,2048,128,0,F5c,0.0,V2,cumulative,60,FAIL,2,0,0,1
s60-N10000-b2048-t128,60,10000,2048,128,0,F5c,0.0,V3,cumulative,60,FAIL,2,0,0,1
s60-N10000-b2048-t128,60,10000,2048,128,0,F6,0.0,V0,cumulative,60,INCOMPLETE,0,0,0,1
s60-N10000-b2048-t128,60,10000,2048,128,100,F6,0.0,V1,cumulative,60,INCOMPLETE,0,0,0,1
s60-N10000-b2048-t128,60,10000,2048,128,0,F6,0.0,V2minus,cumulative,60,INCOMPLETE,0,0,0,1
s60-N10000-b2048-t128,60,10000,2048,128,0,F6,0.0,V2,cumulative,60,INCOMPLETE,0,0,0,1
s60-N10000-b2048-t128,60,10000,2048,128,0,F6,0.0,V3,cumulative,60,INCOMPLETE,0,0,0,1
s60-N10000-b2048-t128,60,10000,2048,128,0,F7,0.0,V2minus,cumulative,60,UNRUNNABLE,0,0,1,0
s60-N10000-b2048-t128,60,10000,2048,128,0,F7,0.0,V2,cumulative,60,FAIL,1,0,0,1
s61-N10000-b2048-t128,61,10000,2048,128,0,F0,0.0,V0,cumulative,61,PASS,0,0,0,0
s61-N10000-b2048-t128,61,10000,2048,128,100,F0,0.0,V1,cumulative,61,PASS,0,0,0,0
s61-N10000-b2048-t128,61,10000,2048,128,0,F0,0.0,V2minus,cumulative,61,PASS,0,0,0,0
s61-N10000-b2048-t128,61,10000,2048,128,0,F0,0.0,V2,cumulative,61,PASS,0,0,0,0
s61-N10000-b2048-t128,61,10000,2048,128,0,F0,0.0,V3,cumulative,61,PASS,0,0,0,0
s61-N10000-b2048-t128,61,10000,2048,128,0,F1a,0.0,V0,cumulative,61,FAIL,1,0,0,1
s61-N10000-b2048-t128,61,10000,2048,128,100,F1a,0.0,V1,cumulative,61,FAIL,1,0,0,1
s61-N10000-b2048-t128,61,10000,2048,128,0,F1a,0.0,V2minus,cumulative,61,FAIL,1,0,0,1
s61-N10000-b2048-t128,61,10000,2048,128,0,F1a,0.0,V2,cumulative,61,FAIL,1,0,0,1
s61-N10000-b2048-t128,61,10000,2048,128,0,F1a,0.0,V3,cumulative,61,FAIL,1,0,0,1
s61-N10000-b2048-t128,61,10000,2048,128,0,F1b,0.0,V0,cumulative,61,FAIL,1,0,0,1
s61-N10000-b2048-t128,61,10000,2048,128,100,F1b,0.0,V1,cumulative,61,FAIL,1,0,0,1
s61-N10000-b2048-t128,61,10000,2048,128,0,F1b,0.0,V2minus,cumulative,61,FAIL,1,0,0,1
s61-N10000-b2048-t128,61,10000,2048,128,0,F1b,0.0,V2,cumulative,61,FAIL,1,0,0,1
s61-N10000-b2048-t128,61,10000,2048,128,0,F1b,0.0,V3,cumulative,61,FAIL,1,0,0,1
s61-N10000-b2048-t128,61,10000,2048,128,0,F2,0.0,V0,cumulative,61,FAIL,1,0,0,1
s61-N10000-b2048-t128,61,10000,2048,128,100,F2,0.0,V1,cumulative,61,FAIL,1,0,0,1
s61-N10000-b2048-t128,61,10000,2048,128,0,F2,0.0,V2minus,cumulative,61,FAIL,1,0,0,1
s61-N10000-b2048-t128,61,10000,2048,128,0,F2,0.0,V2,cumulative,61,FAIL,1,0,0,1
s61-N10000-b2048-t128,61,10000,2048,128,0,F2,0.0,V3,cumulative,61,FAIL,1,0,0,1
s61-N10000-b2048-t128,61,10000,2048,128,0,F3,0.0,V0,cumulative,61,FAIL,1,0,0,1
s61-N10000-b2048-t128,61,10000,2048,128,100,F3,0.0,V1,cumulative,61,FAIL,1,0,0,1
s61-N10000-b2048-t128,61,10000,2048,128,0,F3,0.0,V2minus,cumulative,61,FAIL,1,0,0,1
s61-N10000-b2048-t128,61,10000,2048,128,0,F3,0.0,V2,cumulative,61,FAIL,1,0,0,1
s61-N10000-b2048-t128,61,10000,2048,128,0,F3,0.0,V3,cumulative,61,FAIL,1,0,0,1
s61-N10000-b2048-t128,61,10000,2048,128,0,F4r,0.0,V0,cumulative,61,FAIL,1,1,0,1
s61-N10000-b2048-t128,61,10000,2048,128,100,F4r,0.0,V1,cumulative,61,FAIL,1,1,0,1
s61-N10000-b2048-t128,61,10000,2048,128,0,F4r,0.0,V2minus,cumulative,61,FAIL,1,1,0,1
s61-N10000-b2048-t128,61,10000,2048,128,0,F4r,0.0,V2,cumulative,61,FAIL,1,1,0,1
s61-N10000-b2048-t128,61,10000,2048,128,0,F4r,0.0,V3,cumulative,61,FAIL,1,1,0,1
s61-N10000-b2048-t128,61,10000,2048,128,0,F4m,0.0,V0,cumulative,61,FAIL,0,0,0,1
s61-N10000-b2048-t128,61,10000,2048,128,100,F4m,0.0,V1,cumulative,61,FAIL,0,0,0,1
s61-N10000-b2048-t128,61,10000,2048,128,0,F4m,0.0,V2minus,cumulative,61,FAIL,0,0,0,1
s61-N10000-b2048-t128,61,10000,2048,128,0,F4m,0.0,V2,cumulative,61,FAIL,0,0,0,1
s61-N10000-b2048-t128,61,10000,2048,128,0,F4m,0.0,V3,cumulative,61,FAIL,0,0,0,1
s61-N10000-b2048-t128,61,10000,2048,128,0,F5,0.0,V0,cumulative,61,PASS,0,0,1,0
s61-N10000-b2048-t128,61,10000,2048,128,100,F5,0.0,V1,cumulative,61,PASS,0,0,1,0
s61-N10000-b2048-t128,61,10000,2048,128,0,F5,0.0,V2minus,cumulative,61,FAIL,1,0,0,1
s61-N10000-b2048-t128,61,10000,2048,128,0,F5,0.0,V2,cumulative,61,FAIL,1,0,0,1
s61-N10000-b2048-t128,61,10000,2048,128,0,F5,0.0,V3,cumulative,61,FAIL,1,0,0,1
s61-N10000-b2048-t128,61,10000,2048,128,0,F5,0.05,V0,cumulative,61,PASS,0,0,500,0
s61-N10000-b2048-t128,61,10000,2048,128,100,F5,0.05,V1,cumulative,61,PASS,0,0,500,0
s61-N10000-b2048-t128,61,10000,2048,128,0,F5,0.05,V2minus,cumulative,61,FAIL,500,0,0,1
s61-N10000-b2048-t128,61,10000,2048,128,0,F5,0.05,V2,cumulative,61,FAIL,500,0,0,1
s61-N10000-b2048-t128,61,10000,2048,128,0,F5,0.05,V3,cumulative,61,FAIL,500,0,0,1
s61-N10000-b2048-t128,61,10000,2048,128,0,F5b,0.0,V0,cumulative,61,PASS,0,0,1,0
s61-N10000-b2048-t128,61,10000,2048,128,100,F5b,0.0,V1,cumulative,61,PASS,0,0,1,0
s61-N10000-b2048-t128,61,10000,2048,128,0,F5b,0.0,V2minus,cumulative,61,FAIL,1,0,0,1
s61-N10000-b2048-t128,61,10000,2048,128,0,F5b,0.0,V2,cumulative,61,FAIL,1,0,0,1
s61-N10000-b2048-t128,61,10000,2048,128,0,F5b,0.0,V3,cumulative,61,FAIL,1,0,0,1
s61-N10000-b2048-t128,61,10000,2048,128,0,F5c,0.0,V0,cumulative,61,PASS,0,0,2,0
s61-N10000-b2048-t128,61,10000,2048,128,100,F5c,0.0,V1,cumulative,61,PASS,0,0,2,0
s61-N10000-b2048-t128,61,10000,2048,128,0,F5c,0.0,V2minus,cumulative,61,FAIL,2,0,0,1
s61-N10000-b2048-t128,61,10000,2048,128,0,F5c,0.0,V2,cumulative,61,FAIL,2,0,0,1
s61-N10000-b2048-t128,61,10000,2048,128,0,F5c,0.0,V3,cumulative,61,FAIL,2,0,0,1
s61-N10000-b2048-t128,61,10000,2048,128,0,F6,0.0,V0,cumulative,61,INCOMPLETE,0,0,0,1
s61-N10000-b2048-t128,61,10000,2048,128,100,F6,0.0,V1,cumulative,61,INCOMPLETE,0,0,0,1
s61-N10000-b2048-t128,61,10000,2048,128,0,F6,0.0,V2minus,cumulative,61,INCOMPLETE,0,0,0,1
s61-N10000-b2048-t128,61,10000,2048,128,0,F6,0.0,V2,cumulative,61,INCOMPLETE,0,0,0,1
s61-N10000-b2048-t128,61,10000,2048,128,0,F6,0.0,V3,cumulative,61,INCOMPLETE,0,0,0,1
s61-N10000-b2048-t128,61,10000,2048,128,0,F7,0.0,V2minus,cumulative,61,UNRUNNABLE,0,0,1,0
s61-N10000-b2048-t128,61,10000,2048,128,0,F7,0.0,V2,cumulative,61,FAIL,1,0,0,1
s62-N10000-b2048-t128,62,10000,2048,128,0,F0,0.0,V0,cumulative,62,PASS,0,0,0,0
s62-N10000-b2048-t128,62,10000,2048,128,100,F0,0.0,V1,cumulative,62,PASS,0,0,0,0
s62-N10000-b2048-t128,62,10000,2048,128,0,F0,0.0,V2minus,cumulative,62,PASS,0,0,0,0
s62-N10000-b2048-t128,62,10000,2048,128,0,F0,0.0,V2,cumulative,62,PASS,0,0,0,0
s62-N10000-b2048-t128,62,10000,2048,128,0,F0,0.0,V3,cumulative,62,PASS,0,0,0,0
s62-N10000-b2048-t128,62,10000,2048,128,0,F1a,0.0,V0,cumulative,62,FAIL,1,0,0,1
s62-N10000-b2048-t128,62,10000,2048,128,100,F1a,0.0,V1,cumulative,62,FAIL,1,0,0,1
s62-N10000-b2048-t128,62,10000,2048,128,0,F1a,0.0,V2minus,cumulative,62,FAIL,1,0,0,1
s62-N10000-b2048-t128,62,10000,2048,128,0,F1a,0.0,V2,cumulative,62,FAIL,1,0,0,1
s62-N10000-b2048-t128,62,10000,2048,128,0,F1a,0.0,V3,cumulative,62,FAIL,1,0,0,1
s62-N10000-b2048-t128,62,10000,2048,128,0,F1b,0.0,V0,cumulative,62,FAIL,1,0,0,1
s62-N10000-b2048-t128,62,10000,2048,128,100,F1b,0.0,V1,cumulative,62,FAIL,1,0,0,1
s62-N10000-b2048-t128,62,10000,2048,128,0,F1b,0.0,V2minus,cumulative,62,FAIL,1,0,0,1
s62-N10000-b2048-t128,62,10000,2048,128,0,F1b,0.0,V2,cumulative,62,FAIL,1,0,0,1
s62-N10000-b2048-t128,62,10000,2048,128,0,F1b,0.0,V3,cumulative,62,FAIL,1,0,0,1
s62-N10000-b2048-t128,62,10000,2048,128,0,F2,0.0,V0,cumulative,62,FAIL,1,0,0,1
s62-N10000-b2048-t128,62,10000,2048,128,100,F2,0.0,V1,cumulative,62,FAIL,1,0,0,1
s62-N10000-b2048-t128,62,10000,2048,128,0,F2,0.0,V2minus,cumulative,62,FAIL,1,0,0,1
s62-N10000-b2048-t128,62,10000,2048,128,0,F2,0.0,V2,cumulative,62,FAIL,1,0,0,1
s62-N10000-b2048-t128,62,10000,2048,128,0,F2,0.0,V3,cumulative,62,FAIL,1,0,0,1
s62-N10000-b2048-t128,62,10000,2048,128,0,F3,0.0,V0,cumulative,62,FAIL,1,0,0,1
s62-N10000-b2048-t128,62,10000,2048,128,100,F3,0.0,V1,cumulative,62,FAIL,1,0,0,1
s62-N10000-b2048-t128,62,10000,2048,128,0,F3,0.0,V2minus,cumulative,62,FAIL,1,0,0,1
s62-N10000-b2048-t128,62,10000,2048,128,0,F3,0.0,V2,cumulative,62,FAIL,1,0,0,1
s62-N10000-b2048-t128,62,10000,2048,128,0,F3,0.0,V3,cumulative,62,FAIL,1,0,0,1
s62-N10000-b2048-t128,62,10000,2048,128,0,F4r,0.0,V0,cumulative,62,FAIL,1,0,0,1
s62-N10000-b2048-t128,62,10000,2048,128,100,F4r,0.0,V1,cumulative,62,FAIL,1,0,0,1
s62-N10000-b2048-t128,62,10000,2048,128,0,F4r,0.0,V2minus,cumulative,62,FAIL,1,0,0,1
s62-N10000-b2048-t128,62,10000,2048,128,0,F4r,0.0,V2,cumulative,62,FAIL,1,0,0,1
s62-N10000-b2048-t128,62,10000,2048,128,0,F4r,0.0,V3,cumulative,62,FAIL,1,0,0,1
s62-N10000-b2048-t128,62,10000,2048,128,0,F4m,0.0,V0,cumulative,62,FAIL,0,0,0,1
s62-N10000-b2048-t128,62,10000,2048,128,100,F4m,0.0,V1,cumulative,62,FAIL,0,0,0,1
s62-N10000-b2048-t128,62,10000,2048,128,0,F4m,0.0,V2minus,cumulative,62,FAIL,0,0,0,1
s62-N10000-b2048-t128,62,10000,2048,128,0,F4m,0.0,V2,cumulative,62,FAIL,0,0,0,1
s62-N10000-b2048-t128,62,10000,2048,128,0,F4m,0.0,V3,cumulative,62,FAIL,0,0,0,1
s62-N10000-b2048-t128,62,10000,2048,128,0,F5,0.0,V0,cumulative,62,PASS,0,0,1,0
s62-N10000-b2048-t128,62,10000,2048,128,100,F5,0.0,V1,cumulative,62,PASS,0,0,1,0
s62-N10000-b2048-t128,62,10000,2048,128,0,F5,0.0,V2minus,cumulative,62,FAIL,1,0,0,1
s62-N10000-b2048-t128,62,10000,2048,128,0,F5,0.0,V2,cumulative,62,FAIL,1,0,0,1
s62-N10000-b2048-t128,62,10000,2048,128,0,F5,0.0,V3,cumulative,62,FAIL,1,0,0,1
s62-N10000-b2048-t128,62,10000,2048,128,0,F5,0.05,V0,cumulative,62,PASS,0,0,500,0
s62-N10000-b2048-t128,62,10000,2048,128,100,F5,0.05,V1,cumulative,62,PASS,0,0,500,0
s62-N10000-b2048-t128,62,10000,2048,128,0,F5,0.05,V2minus,cumulative,62,FAIL,500,0,0,1
s62-N10000-b2048-t128,62,10000,2048,128,0,F5,0.05,V2,cumulative,62,FAIL,500,0,0,1
s62-N10000-b2048-t128,62,10000,2048,128,0,F5,0.05,V3,cumulative,62,FAIL,500,0,0,1
s62-N10000-b2048-t128,62,10000,2048,128,0,F5b,0.0,V0,cumulative,62,PASS,0,0,1,0
s62-N10000-b2048-t128,62,10000,2048,128,100,F5b,0.0,V1,cumulative,62,PASS,0,0,1,0
s62-N10000-b2048-t128,62,10000,2048,128,0,F5b,0.0,V2minus,cumulative,62,FAIL,1,0,0,1
s62-N10000-b2048-t128,62,10000,2048,128,0,F5b,0.0,V2,cumulative,62,FAIL,1,0,0,1
s62-N10000-b2048-t128,62,10000,2048,128,0,F5b,0.0,V3,cumulative,62,FAIL,1,0,0,1
s62-N10000-b2048-t128,62,10000,2048,128,0,F5c,0.0,V0,cumulative,62,PASS,0,0,2,0
s62-N10000-b2048-t128,62,10000,2048,128,100,F5c,0.0,V1,cumulative,62,PASS,0,0,2,0
s62-N10000-b2048-t128,62,10000,2048,128,0,F5c,0.0,V2minus,cumulative,62,FAIL,2,0,0,1
s62-N10000-b2048-t128,62,10000,2048,128,0,F5c,0.0,V2,cumulative,62,FAIL,2,0,0,1
s62-N10000-b2048-t128,62,10000,2048,128,0,F5c,0.0,V3,cumulative,62,FAIL,2,0,0,1
s62-N10000-b2048-t128,62,10000,2048,128,0,F6,0.0,V0,cumulative,62,INCOMPLETE,0,0,0,1
s62-N10000-b2048-t128,62,10000,2048,128,100,F6,0.0,V1,cumulative,62,INCOMPLETE,0,0,0,1
s62-N10000-b2048-t128,62,10000,2048,128,0,F6,0.0,V2minus,cumulative,62,INCOMPLETE,0,0,0,1
s62-N10000-b2048-t128,62,10000,2048,128,0,F6,0.0,V2,cumulative,62,INCOMPLETE,0,0,0,1
s62-N10000-b2048-t128,62,10000,2048,128,0,F6,0.0,V3,cumulative,62,INCOMPLETE,0,0,0,1
s62-N10000-b2048-t128,62,10000,2048,128,0,F7,0.0,V2minus,cumulative,62,UNRUNNABLE,0,0,1,0
s62-N10000-b2048-t128,62,10000,2048,128,0,F7,0.0,V2,cumulative,62,FAIL,1,0,0,1
s63-N10000-b2048-t128,63,10000,2048,128,0,F0,0.0,V0,cumulative,63,PASS,0,0,0,0
s63-N10000-b2048-t128,63,10000,2048,128,100,F0,0.0,V1,cumulative,63,PASS,0,0,0,0
s63-N10000-b2048-t128,63,10000,2048,128,0,F0,0.0,V2minus,cumulative,63,PASS,0,0,0,0
s63-N10000-b2048-t128,63,10000,2048,128,0,F0,0.0,V2,cumulative,63,PASS,0,0,0,0
s63-N10000-b2048-t128,63,10000,2048,128,0,F0,0.0,V3,cumulative,63,PASS,0,0,0,0
s63-N10000-b2048-t128,63,10000,2048,128,0,F1a,0.0,V0,cumulative,63,FAIL,1,0,0,1
s63-N10000-b2048-t128,63,10000,2048,128,100,F1a,0.0,V1,cumulative,63,FAIL,1,0,0,1
s63-N10000-b2048-t128,63,10000,2048,128,0,F1a,0.0,V2minus,cumulative,63,FAIL,1,0,0,1
s63-N10000-b2048-t128,63,10000,2048,128,0,F1a,0.0,V2,cumulative,63,FAIL,1,0,0,1
s63-N10000-b2048-t128,63,10000,2048,128,0,F1a,0.0,V3,cumulative,63,FAIL,1,0,0,1
s63-N10000-b2048-t128,63,10000,2048,128,0,F1b,0.0,V0,cumulative,63,FAIL,1,0,0,1
s63-N10000-b2048-t128,63,10000,2048,128,100,F1b,0.0,V1,cumulative,63,FAIL,1,0,0,1
s63-N10000-b2048-t128,63,10000,2048,128,0,F1b,0.0,V2minus,cumulative,63,FAIL,1,0,0,1
s63-N10000-b2048-t128,63,10000,2048,128,0,F1b,0.0,V2,cumulative,63,FAIL,1,0,0,1
s63-N10000-b2048-t128,63,10000,2048,128,0,F1b,0.0,V3,cumulative,63,FAIL,1,0,0,1
s63-N10000-b2048-t128,63,10000,2048,128,0,F2,0.0,V0,cumulative,63,FAIL,1,0,0,1
s63-N10000-b2048-t128,63,10000,2048,128,100,F2,0.0,V1,cumulative,63,FAIL,1,0,0,1
s63-N10000-b2048-t128,63,10000,2048,128,0,F2,0.0,V2minus,cumulative,63,FAIL,1,0,0,1
s63-N10000-b2048-t128,63,10000,2048,128,0,F2,0.0,V2,cumulative,63,FAIL,1,0,0,1
s63-N10000-b2048-t128,63,10000,2048,128,0,F2,0.0,V3,cumulative,63,FAIL,1,0,0,1
s63-N10000-b2048-t128,63,10000,2048,128,0,F3,0.0,V0,cumulative,63,FAIL,1,0,0,1
s63-N10000-b2048-t128,63,10000,2048,128,100,F3,0.0,V1,cumulative,63,FAIL,1,0,0,1
s63-N10000-b2048-t128,63,10000,2048,128,0,F3,0.0,V2minus,cumulative,63,FAIL,1,0,0,1
s63-N10000-b2048-t128,63,10000,2048,128,0,F3,0.0,V2,cumulative,63,FAIL,1,0,0,1
s63-N10000-b2048-t128,63,10000,2048,128,0,F3,0.0,V3,cumulative,63,FAIL,1,0,0,1
s63-N10000-b2048-t128,63,10000,2048,128,0,F4r,0.0,V0,cumulative,63,FAIL,1,0,0,1
s63-N10000-b2048-t128,63,10000,2048,128,100,F4r,0.0,V1,cumulative,63,FAIL,1,0,0,1
s63-N10000-b2048-t128,63,10000,2048,128,0,F4r,0.0,V2minus,cumulative,63,FAIL,1,0,0,1
s63-N10000-b2048-t128,63,10000,2048,128,0,F4r,0.0,V2,cumulative,63,FAIL,1,0,0,1
s63-N10000-b2048-t128,63,10000,2048,128,0,F4r,0.0,V3,cumulative,63,FAIL,1,0,0,1
s63-N10000-b2048-t128,63,10000,2048,128,0,F4m,0.0,V0,cumulative,63,FAIL,0,0,0,1
s63-N10000-b2048-t128,63,10000,2048,128,100,F4m,0.0,V1,cumulative,63,FAIL,0,0,0,1
s63-N10000-b2048-t128,63,10000,2048,128,0,F4m,0.0,V2minus,cumulative,63,FAIL,0,0,0,1
s63-N10000-b2048-t128,63,10000,2048,128,0,F4m,0.0,V2,cumulative,63,FAIL,0,0,0,1
s63-N10000-b2048-t128,63,10000,2048,128,0,F4m,0.0,V3,cumulative,63,FAIL,0,0,0,1
s63-N10000-b2048-t128,63,10000,2048,128,0,F5,0.0,V0,cumulative,63,PASS,0,0,1,0
s63-N10000-b2048-t128,63,10000,2048,128,100,F5,0.0,V1,cumulative,63,PASS,0,0,1,0
s63-N10000-b2048-t128,63,10000,2048,128,0,F5,0.0,V2minus,cumulative,63,FAIL,1,0,0,1
s63-N10000-b2048-t128,63,10000,2048,128,0,F5,0.0,V2,cumulative,63,FAIL,1,0,0,1
s63-N10000-b2048-t128,63,10000,2048,128,0,F5,0.0,V3,cumulative,63,FAIL,1,0,0,1
s63-N10000-b2048-t128,63,10000,2048,128,0,F5,0.05,V0,cumulative,63,PASS,0,0,500,0
s63-N10000-b2048-t128,63,10000,2048,128,100,F5,0.05,V1,cumulative,63,PASS,0,0,500,0
s63-N10000-b2048-t128,63,10000,2048,128,0,F5,0.05,V2minus,cumulative,63,FAIL,500,0,0,1
s63-N10000-b2048-t128,63,10000,2048,128,0,F5,0.05,V2,cumulative,63,FAIL,500,0,0,1
s63-N10000-b2048-t128,63,10000,2048,128,0,F5,0.05,V3,cumulative,63,FAIL,500,0,0,1
s63-N10000-b2048-t128,63,10000,2048,128,0,F5b,0.0,V0,cumulative,63,PASS,0,0,1,0
s63-N10000-b2048-t128,63,10000,2048,128,100,F5b,0.0,V1,cumulative,63,PASS,0,0,1,0
s63-N10000-b2048-t128,63,10000,2048,128,0,F5b,0.0,V2minus,cumulative,63,FAIL,1,0,0,1
s63-N10000-b2048-t128,63,10000,2048,128,0,F5b,0.0,V2,cumulative,63,FAIL,1,0,0,1
s63-N10000-b2048-t128,63,10000,2048,128,0,F5b,0.0,V3,cumulative,63,FAIL,1,0,0,1
s63-N10000-b2048-t128,63,10000,2048,128,0,F5c,0.0,V0,cumulative,63,PASS,0,0,2,0
s63-N10000-b2048-t128,63,10000,2048,128,100,F5c,0.0,V1,cumulative,63,PASS,0,0,2,0
s63-N10000-b2048-t128,63,10000,2048,128,0,F5c,0.0,V2minus,cumulative,63,FAIL,2,0,0,1
s63-N10000-b2048-t128,63,10000,2048,128,0,F5c,0.0,V2,cumulative,63,FAIL,2,0,0,1
s63-N10000-b2048-t128,63,10000,2048,128,0,F5c,0.0,V3,cumulative,63,FAIL,2,0,0,1
s63-N10000-b2048-t128,63,10000,2048,128,0,F6,0.0,V0,cumulative,63,INCOMPLETE,0,0,0,1
s63-N10000-b2048-t128,63,10000,2048,128,100,F6,0.0,V1,cumulative,63,INCOMPLETE,0,0,0,1
s63-N10000-b2048-t128,63,10000,2048,128,0,F6,0.0,V2minus,cumulative,63,INCOMPLETE,0,0,0,1
s63-N10000-b2048-t128,63,10000,2048,128,0,F6,0.0,V2,cumulative,63,INCOMPLETE,0,0,0,1
s63-N10000-b2048-t128,63,10000,2048,128,0,F6,0.0,V3,cumulative,63,INCOMPLETE,0,0,0,1
s63-N10000-b2048-t128,63,10000,2048,128,0,F7,0.0,V2minus,cumulative,63,UNRUNNABLE,0,0,1,0
s63-N10000-b2048-t128,63,10000,2048,128,0,F7,0.0,V2,cumulative,63,FAIL,1,0,0,1
s64-N10000-b2048-t128,64,10000,2048,128,0,F0,0.0,V0,cumulative,64,PASS,0,0,0,0
s64-N10000-b2048-t128,64,10000,2048,128,100,F0,0.0,V1,cumulative,64,PASS,0,0,0,0
s64-N10000-b2048-t128,64,10000,2048,128,0,F0,0.0,V2minus,cumulative,64,PASS,0,0,0,0
s64-N10000-b2048-t128,64,10000,2048,128,0,F0,0.0,V2,cumulative,64,PASS,0,0,0,0
s64-N10000-b2048-t128,64,10000,2048,128,0,F0,0.0,V3,cumulative,64,PASS,0,0,0,0
s64-N10000-b2048-t128,64,10000,2048,128,0,F1a,0.0,V0,cumulative,64,FAIL,1,0,0,1
s64-N10000-b2048-t128,64,10000,2048,128,100,F1a,0.0,V1,cumulative,64,FAIL,1,0,0,1
s64-N10000-b2048-t128,64,10000,2048,128,0,F1a,0.0,V2minus,cumulative,64,FAIL,1,0,0,1
s64-N10000-b2048-t128,64,10000,2048,128,0,F1a,0.0,V2,cumulative,64,FAIL,1,0,0,1
s64-N10000-b2048-t128,64,10000,2048,128,0,F1a,0.0,V3,cumulative,64,FAIL,1,0,0,1
s64-N10000-b2048-t128,64,10000,2048,128,0,F1b,0.0,V0,cumulative,64,FAIL,1,0,0,1
s64-N10000-b2048-t128,64,10000,2048,128,100,F1b,0.0,V1,cumulative,64,FAIL,1,0,0,1
s64-N10000-b2048-t128,64,10000,2048,128,0,F1b,0.0,V2minus,cumulative,64,FAIL,1,0,0,1
s64-N10000-b2048-t128,64,10000,2048,128,0,F1b,0.0,V2,cumulative,64,FAIL,1,0,0,1
s64-N10000-b2048-t128,64,10000,2048,128,0,F1b,0.0,V3,cumulative,64,FAIL,1,0,0,1
s64-N10000-b2048-t128,64,10000,2048,128,0,F2,0.0,V0,cumulative,64,FAIL,1,0,0,1
s64-N10000-b2048-t128,64,10000,2048,128,100,F2,0.0,V1,cumulative,64,FAIL,1,0,0,1
s64-N10000-b2048-t128,64,10000,2048,128,0,F2,0.0,V2minus,cumulative,64,FAIL,1,0,0,1
s64-N10000-b2048-t128,64,10000,2048,128,0,F2,0.0,V2,cumulative,64,FAIL,1,0,0,1
s64-N10000-b2048-t128,64,10000,2048,128,0,F2,0.0,V3,cumulative,64,FAIL,1,0,0,1
s64-N10000-b2048-t128,64,10000,2048,128,0,F3,0.0,V0,cumulative,64,FAIL,1,0,0,1
s64-N10000-b2048-t128,64,10000,2048,128,100,F3,0.0,V1,cumulative,64,FAIL,1,0,0,1
s64-N10000-b2048-t128,64,10000,2048,128,0,F3,0.0,V2minus,cumulative,64,FAIL,1,0,0,1
s64-N10000-b2048-t128,64,10000,2048,128,0,F3,0.0,V2,cumulative,64,FAIL,1,0,0,1
s64-N10000-b2048-t128,64,10000,2048,128,0,F3,0.0,V3,cumulative,64,FAIL,1,0,0,1
s64-N10000-b2048-t128,64,10000,2048,128,0,F4r,0.0,V0,cumulative,64,FAIL,1,1,0,1
s64-N10000-b2048-t128,64,10000,2048,128,100,F4r,0.0,V1,cumulative,64,FAIL,1,1,0,1
s64-N10000-b2048-t128,64,10000,2048,128,0,F4r,0.0,V2minus,cumulative,64,FAIL,1,1,0,1
s64-N10000-b2048-t128,64,10000,2048,128,0,F4r,0.0,V2,cumulative,64,FAIL,1,1,0,1
s64-N10000-b2048-t128,64,10000,2048,128,0,F4r,0.0,V3,cumulative,64,FAIL,1,1,0,1
s64-N10000-b2048-t128,64,10000,2048,128,0,F4m,0.0,V0,cumulative,64,FAIL,0,0,0,1
s64-N10000-b2048-t128,64,10000,2048,128,100,F4m,0.0,V1,cumulative,64,FAIL,0,0,0,1
s64-N10000-b2048-t128,64,10000,2048,128,0,F4m,0.0,V2minus,cumulative,64,FAIL,0,0,0,1
s64-N10000-b2048-t128,64,10000,2048,128,0,F4m,0.0,V2,cumulative,64,FAIL,0,0,0,1
s64-N10000-b2048-t128,64,10000,2048,128,0,F4m,0.0,V3,cumulative,64,FAIL,0,0,0,1
s64-N10000-b2048-t128,64,10000,2048,128,0,F5,0.0,V0,cumulative,64,PASS,0,0,1,0
s64-N10000-b2048-t128,64,10000,2048,128,100,F5,0.0,V1,cumulative,64,PASS,0,0,1,0
s64-N10000-b2048-t128,64,10000,2048,128,0,F5,0.0,V2minus,cumulative,64,FAIL,1,0,0,1
s64-N10000-b2048-t128,64,10000,2048,128,0,F5,0.0,V2,cumulative,64,FAIL,1,0,0,1
s64-N10000-b2048-t128,64,10000,2048,128,0,F5,0.0,V3,cumulative,64,FAIL,1,0,0,1
s64-N10000-b2048-t128,64,10000,2048,128,0,F5,0.05,V0,cumulative,64,PASS,0,0,500,0
s64-N10000-b2048-t128,64,10000,2048,128,100,F5,0.05,V1,cumulative,64,PASS,0,0,500,0
s64-N10000-b2048-t128,64,10000,2048,128,0,F5,0.05,V2minus,cumulative,64,FAIL,500,0,0,1
s64-N10000-b2048-t128,64,10000,2048,128,0,F5,0.05,V2,cumulative,64,FAIL,500,0,0,1
s64-N10000-b2048-t128,64,10000,2048,128,0,F5,0.05,V3,cumulative,64,FAIL,500,0,0,1
s64-N10000-b2048-t128,64,10000,2048,128,0,F5b,0.0,V0,cumulative,64,PASS,0,0,1,0
s64-N10000-b2048-t128,64,10000,2048,128,100,F5b,0.0,V1,cumulative,64,PASS,0,0,1,0
s64-N10000-b2048-t128,64,10000,2048,128,0,F5b,0.0,V2minus,cumulative,64,FAIL,1,0,0,1
s64-N10000-b2048-t128,64,10000,2048,128,0,F5b,0.0,V2,cumulative,64,FAIL,1,0,0,1
s64-N10000-b2048-t128,64,10000,2048,128,0,F5b,0.0,V3,cumulative,64,FAIL,1,0,0,1
s64-N10000-b2048-t128,64,10000,2048,128,0,F5c,0.0,V0,cumulative,64,PASS,0,0,2,0
s64-N10000-b2048-t128,64,10000,2048,128,100,F5c,0.0,V1,cumulative,64,PASS,0,0,2,0
s64-N10000-b2048-t128,64,10000,2048,128,0,F5c,0.0,V2minus,cumulative,64,FAIL,2,0,0,1
s64-N10000-b2048-t128,64,10000,2048,128,0,F5c,0.0,V2,cumulative,64,FAIL,2,0,0,1
s64-N10000-b2048-t128,64,10000,2048,128,0,F5c,0.0,V3,cumulative,64,FAIL,2,0,0,1
s64-N10000-b2048-t128,64,10000,2048,128,0,F6,0.0,V0,cumulative,64,INCOMPLETE,0,0,0,1
s64-N10000-b2048-t128,64,10000,2048,128,100,F6,0.0,V1,cumulative,64,INCOMPLETE,0,0,0,1
s64-N10000-b2048-t128,64,10000,2048,128,0,F6,0.0,V2minus,cumulative,64,INCOMPLETE,0,0,0,1
s64-N10000-b2048-t128,64,10000,2048,128,0,F6,0.0,V2,cumulative,64,INCOMPLETE,0,0,0,1
s64-N10000-b2048-t128,64,10000,2048,128,0,F6,0.0,V3,cumulative,64,INCOMPLETE,0,0,0,1
s64-N10000-b2048-t128,64,10000,2048,128,0,F7,0.0,V2minus,cumulative,64,UNRUNNABLE,0,0,1,0
s64-N10000-b2048-t128,64,10000,2048,128,0,F7,0.0,V2,cumulative,64,FAIL,1,0,0,1
s65-N10000-b2048-t128,65,10000,2048,128,0,F0,0.0,V0,cumulative,65,PASS,0,0,0,0
s65-N10000-b2048-t128,65,10000,2048,128,100,F0,0.0,V1,cumulative,65,PASS,0,0,0,0
s65-N10000-b2048-t128,65,10000,2048,128,0,F0,0.0,V2minus,cumulative,65,PASS,0,0,0,0
s65-N10000-b2048-t128,65,10000,2048,128,0,F0,0.0,V2,cumulative,65,PASS,0,0,0,0
s65-N10000-b2048-t128,65,10000,2048,128,0,F0,0.0,V3,cumulative,65,PASS,0,0,0,0
s65-N10000-b2048-t128,65,10000,2048,128,0,F1a,0.0,V0,cumulative,65,FAIL,1,0,0,1
s65-N10000-b2048-t128,65,10000,2048,128,100,F1a,0.0,V1,cumulative,65,FAIL,1,0,0,1
s65-N10000-b2048-t128,65,10000,2048,128,0,F1a,0.0,V2minus,cumulative,65,FAIL,1,0,0,1
s65-N10000-b2048-t128,65,10000,2048,128,0,F1a,0.0,V2,cumulative,65,FAIL,1,0,0,1
s65-N10000-b2048-t128,65,10000,2048,128,0,F1a,0.0,V3,cumulative,65,FAIL,1,0,0,1
s65-N10000-b2048-t128,65,10000,2048,128,0,F1b,0.0,V0,cumulative,65,FAIL,1,0,0,1
s65-N10000-b2048-t128,65,10000,2048,128,100,F1b,0.0,V1,cumulative,65,FAIL,1,0,0,1
s65-N10000-b2048-t128,65,10000,2048,128,0,F1b,0.0,V2minus,cumulative,65,FAIL,1,0,0,1
s65-N10000-b2048-t128,65,10000,2048,128,0,F1b,0.0,V2,cumulative,65,FAIL,1,0,0,1
s65-N10000-b2048-t128,65,10000,2048,128,0,F1b,0.0,V3,cumulative,65,FAIL,1,0,0,1
s65-N10000-b2048-t128,65,10000,2048,128,0,F2,0.0,V0,cumulative,65,FAIL,1,0,0,1
s65-N10000-b2048-t128,65,10000,2048,128,100,F2,0.0,V1,cumulative,65,FAIL,1,0,0,1
s65-N10000-b2048-t128,65,10000,2048,128,0,F2,0.0,V2minus,cumulative,65,FAIL,1,0,0,1
s65-N10000-b2048-t128,65,10000,2048,128,0,F2,0.0,V2,cumulative,65,FAIL,1,0,0,1
s65-N10000-b2048-t128,65,10000,2048,128,0,F2,0.0,V3,cumulative,65,FAIL,1,0,0,1
s65-N10000-b2048-t128,65,10000,2048,128,0,F3,0.0,V0,cumulative,65,FAIL,1,0,0,1
s65-N10000-b2048-t128,65,10000,2048,128,100,F3,0.0,V1,cumulative,65,FAIL,1,0,0,1
s65-N10000-b2048-t128,65,10000,2048,128,0,F3,0.0,V2minus,cumulative,65,FAIL,1,0,0,1
s65-N10000-b2048-t128,65,10000,2048,128,0,F3,0.0,V2,cumulative,65,FAIL,1,0,0,1
s65-N10000-b2048-t128,65,10000,2048,128,0,F3,0.0,V3,cumulative,65,FAIL,1,0,0,1
s65-N10000-b2048-t128,65,10000,2048,128,0,F4r,0.0,V0,cumulative,65,FAIL,1,0,0,1
s65-N10000-b2048-t128,65,10000,2048,128,100,F4r,0.0,V1,cumulative,65,FAIL,1,0,0,1
s65-N10000-b2048-t128,65,10000,2048,128,0,F4r,0.0,V2minus,cumulative,65,FAIL,1,0,0,1
s65-N10000-b2048-t128,65,10000,2048,128,0,F4r,0.0,V2,cumulative,65,FAIL,1,0,0,1
s65-N10000-b2048-t128,65,10000,2048,128,0,F4r,0.0,V3,cumulative,65,FAIL,1,0,0,1
s65-N10000-b2048-t128,65,10000,2048,128,0,F4m,0.0,V0,cumulative,65,FAIL,0,0,0,1
s65-N10000-b2048-t128,65,10000,2048,128,100,F4m,0.0,V1,cumulative,65,FAIL,0,0,0,1
s65-N10000-b2048-t128,65,10000,2048,128,0,F4m,0.0,V2minus,cumulative,65,FAIL,0,0,0,1
s65-N10000-b2048-t128,65,10000,2048,128,0,F4m,0.0,V2,cumulative,65,FAIL,0,0,0,1
s65-N10000-b2048-t128,65,10000,2048,128,0,F4m,0.0,V3,cumulative,65,FAIL,0,0,0,1
s65-N10000-b2048-t128,65,10000,2048,128,0,F5,0.0,V0,cumulative,65,PASS,0,0,1,0
s65-N10000-b2048-t128,65,10000,2048,128,100,F5,0.0,V1,cumulative,65,PASS,0,0,1,0
s65-N10000-b2048-t128,65,10000,2048,128,0,F5,0.0,V2minus,cumulative,65,FAIL,1,0,0,1
s65-N10000-b2048-t128,65,10000,2048,128,0,F5,0.0,V2,cumulative,65,FAIL,1,0,0,1
s65-N10000-b2048-t128,65,10000,2048,128,0,F5,0.0,V3,cumulative,65,FAIL,1,0,0,1
s65-N10000-b2048-t128,65,10000,2048,128,0,F5,0.05,V0,cumulative,65,PASS,0,0,500,0
s65-N10000-b2048-t128,65,10000,2048,128,100,F5,0.05,V1,cumulative,65,PASS,0,0,500,0
s65-N10000-b2048-t128,65,10000,2048,128,0,F5,0.05,V2minus,cumulative,65,FAIL,500,0,0,1
s65-N10000-b2048-t128,65,10000,2048,128,0,F5,0.05,V2,cumulative,65,FAIL,500,0,0,1
s65-N10000-b2048-t128,65,10000,2048,128,0,F5,0.05,V3,cumulative,65,FAIL,500,0,0,1
s65-N10000-b2048-t128,65,10000,2048,128,0,F5b,0.0,V0,cumulative,65,PASS,0,0,1,0
s65-N10000-b2048-t128,65,10000,2048,128,100,F5b,0.0,V1,cumulative,65,PASS,0,0,1,0
s65-N10000-b2048-t128,65,10000,2048,128,0,F5b,0.0,V2minus,cumulative,65,FAIL,1,0,0,1
s65-N10000-b2048-t128,65,10000,2048,128,0,F5b,0.0,V2,cumulative,65,FAIL,1,0,0,1
s65-N10000-b2048-t128,65,10000,2048,128,0,F5b,0.0,V3,cumulative,65,FAIL,1,0,0,1
s65-N10000-b2048-t128,65,10000,2048,128,0,F5c,0.0,V0,cumulative,65,PASS,0,0,2,0
s65-N10000-b2048-t128,65,10000,2048,128,100,F5c,0.0,V1,cumulative,65,PASS,0,0,2,0
s65-N10000-b2048-t128,65,10000,2048,128,0,F5c,0.0,V2minus,cumulative,65,FAIL,2,0,0,1
s65-N10000-b2048-t128,65,10000,2048,128,0,F5c,0.0,V2,cumulative,65,FAIL,2,0,0,1
s65-N10000-b2048-t128,65,10000,2048,128,0,F5c,0.0,V3,cumulative,65,FAIL,2,0,0,1
s65-N10000-b2048-t128,65,10000,2048,128,0,F6,0.0,V0,cumulative,65,INCOMPLETE,0,0,0,1
s65-N10000-b2048-t128,65,10000,2048,128,100,F6,0.0,V1,cumulative,65,INCOMPLETE,0,0,0,1
s65-N10000-b2048-t128,65,10000,2048,128,0,F6,0.0,V2minus,cumulative,65,INCOMPLETE,0,0,0,1
s65-N10000-b2048-t128,65,10000,2048,128,0,F6,0.0,V2,cumulative,65,INCOMPLETE,0,0,0,1
s65-N10000-b2048-t128,65,10000,2048,128,0,F6,0.0,V3,cumulative,65,INCOMPLETE,0,0,0,1
s65-N10000-b2048-t128,65,10000,2048,128,0,F7,0.0,V2minus,cumulative,65,UNRUNNABLE,0,0,1,0
s65-N10000-b2048-t128,65,10000,2048,128,0,F7,0.0,V2,cumulative,65,FAIL,1,0,0,1
s66-N10000-b2048-t128,66,10000,2048,128,0,F0,0.0,V0,cumulative,66,PASS,0,0,0,0
s66-N10000-b2048-t128,66,10000,2048,128,100,F0,0.0,V1,cumulative,66,PASS,0,0,0,0
s66-N10000-b2048-t128,66,10000,2048,128,0,F0,0.0,V2minus,cumulative,66,PASS,0,0,0,0
s66-N10000-b2048-t128,66,10000,2048,128,0,F0,0.0,V2,cumulative,66,PASS,0,0,0,0
s66-N10000-b2048-t128,66,10000,2048,128,0,F0,0.0,V3,cumulative,66,PASS,0,0,0,0
s66-N10000-b2048-t128,66,10000,2048,128,0,F1a,0.0,V0,cumulative,66,FAIL,1,0,0,1
s66-N10000-b2048-t128,66,10000,2048,128,100,F1a,0.0,V1,cumulative,66,FAIL,1,0,0,1
s66-N10000-b2048-t128,66,10000,2048,128,0,F1a,0.0,V2minus,cumulative,66,FAIL,1,0,0,1
s66-N10000-b2048-t128,66,10000,2048,128,0,F1a,0.0,V2,cumulative,66,FAIL,1,0,0,1
s66-N10000-b2048-t128,66,10000,2048,128,0,F1a,0.0,V3,cumulative,66,FAIL,1,0,0,1
s66-N10000-b2048-t128,66,10000,2048,128,0,F1b,0.0,V0,cumulative,66,FAIL,1,0,0,1
s66-N10000-b2048-t128,66,10000,2048,128,100,F1b,0.0,V1,cumulative,66,FAIL,1,0,0,1
s66-N10000-b2048-t128,66,10000,2048,128,0,F1b,0.0,V2minus,cumulative,66,FAIL,1,0,0,1
s66-N10000-b2048-t128,66,10000,2048,128,0,F1b,0.0,V2,cumulative,66,FAIL,1,0,0,1
s66-N10000-b2048-t128,66,10000,2048,128,0,F1b,0.0,V3,cumulative,66,FAIL,1,0,0,1
s66-N10000-b2048-t128,66,10000,2048,128,0,F2,0.0,V0,cumulative,66,FAIL,1,0,0,1
s66-N10000-b2048-t128,66,10000,2048,128,100,F2,0.0,V1,cumulative,66,FAIL,1,0,0,1
s66-N10000-b2048-t128,66,10000,2048,128,0,F2,0.0,V2minus,cumulative,66,FAIL,1,0,0,1
s66-N10000-b2048-t128,66,10000,2048,128,0,F2,0.0,V2,cumulative,66,FAIL,1,0,0,1
s66-N10000-b2048-t128,66,10000,2048,128,0,F2,0.0,V3,cumulative,66,FAIL,1,0,0,1
s66-N10000-b2048-t128,66,10000,2048,128,0,F3,0.0,V0,cumulative,66,FAIL,1,0,0,1
s66-N10000-b2048-t128,66,10000,2048,128,100,F3,0.0,V1,cumulative,66,FAIL,1,0,0,1
s66-N10000-b2048-t128,66,10000,2048,128,0,F3,0.0,V2minus,cumulative,66,FAIL,1,0,0,1
s66-N10000-b2048-t128,66,10000,2048,128,0,F3,0.0,V2,cumulative,66,FAIL,1,0,0,1
s66-N10000-b2048-t128,66,10000,2048,128,0,F3,0.0,V3,cumulative,66,FAIL,1,0,0,1
s66-N10000-b2048-t128,66,10000,2048,128,0,F4r,0.0,V0,cumulative,66,FAIL,1,0,0,1
s66-N10000-b2048-t128,66,10000,2048,128,100,F4r,0.0,V1,cumulative,66,FAIL,1,0,0,1
s66-N10000-b2048-t128,66,10000,2048,128,0,F4r,0.0,V2minus,cumulative,66,FAIL,1,0,0,1
s66-N10000-b2048-t128,66,10000,2048,128,0,F4r,0.0,V2,cumulative,66,FAIL,1,0,0,1
s66-N10000-b2048-t128,66,10000,2048,128,0,F4r,0.0,V3,cumulative,66,FAIL,1,0,0,1
s66-N10000-b2048-t128,66,10000,2048,128,0,F4m,0.0,V0,cumulative,66,FAIL,0,0,0,1
s66-N10000-b2048-t128,66,10000,2048,128,100,F4m,0.0,V1,cumulative,66,FAIL,0,0,0,1
s66-N10000-b2048-t128,66,10000,2048,128,0,F4m,0.0,V2minus,cumulative,66,FAIL,0,0,0,1
s66-N10000-b2048-t128,66,10000,2048,128,0,F4m,0.0,V2,cumulative,66,FAIL,0,0,0,1
s66-N10000-b2048-t128,66,10000,2048,128,0,F4m,0.0,V3,cumulative,66,FAIL,0,0,0,1
s66-N10000-b2048-t128,66,10000,2048,128,0,F5,0.0,V0,cumulative,66,PASS,0,0,1,0
s66-N10000-b2048-t128,66,10000,2048,128,100,F5,0.0,V1,cumulative,66,PASS,0,0,1,0
s66-N10000-b2048-t128,66,10000,2048,128,0,F5,0.0,V2minus,cumulative,66,FAIL,1,0,0,1
s66-N10000-b2048-t128,66,10000,2048,128,0,F5,0.0,V2,cumulative,66,FAIL,1,0,0,1
s66-N10000-b2048-t128,66,10000,2048,128,0,F5,0.0,V3,cumulative,66,FAIL,1,0,0,1
s66-N10000-b2048-t128,66,10000,2048,128,0,F5,0.05,V0,cumulative,66,PASS,0,0,500,0
s66-N10000-b2048-t128,66,10000,2048,128,100,F5,0.05,V1,cumulative,66,PASS,0,0,500,0
s66-N10000-b2048-t128,66,10000,2048,128,0,F5,0.05,V2minus,cumulative,66,FAIL,500,0,0,1
s66-N10000-b2048-t128,66,10000,2048,128,0,F5,0.05,V2,cumulative,66,FAIL,500,0,0,1
s66-N10000-b2048-t128,66,10000,2048,128,0,F5,0.05,V3,cumulative,66,FAIL,500,0,0,1
s66-N10000-b2048-t128,66,10000,2048,128,0,F5b,0.0,V0,cumulative,66,PASS,0,0,1,0
s66-N10000-b2048-t128,66,10000,2048,128,100,F5b,0.0,V1,cumulative,66,PASS,0,0,1,0
s66-N10000-b2048-t128,66,10000,2048,128,0,F5b,0.0,V2minus,cumulative,66,FAIL,1,0,0,1
s66-N10000-b2048-t128,66,10000,2048,128,0,F5b,0.0,V2,cumulative,66,FAIL,1,0,0,1
s66-N10000-b2048-t128,66,10000,2048,128,0,F5b,0.0,V3,cumulative,66,FAIL,1,0,0,1
s66-N10000-b2048-t128,66,10000,2048,128,0,F5c,0.0,V0,cumulative,66,PASS,0,0,2,0
s66-N10000-b2048-t128,66,10000,2048,128,100,F5c,0.0,V1,cumulative,66,PASS,0,0,2,0
s66-N10000-b2048-t128,66,10000,2048,128,0,F5c,0.0,V2minus,cumulative,66,FAIL,2,0,0,1
s66-N10000-b2048-t128,66,10000,2048,128,0,F5c,0.0,V2,cumulative,66,FAIL,2,0,0,1
s66-N10000-b2048-t128,66,10000,2048,128,0,F5c,0.0,V3,cumulative,66,FAIL,2,0,0,1
s66-N10000-b2048-t128,66,10000,2048,128,0,F6,0.0,V0,cumulative,66,INCOMPLETE,0,0,0,1
s66-N10000-b2048-t128,66,10000,2048,128,100,F6,0.0,V1,cumulative,66,INCOMPLETE,0,0,0,1
s66-N10000-b2048-t128,66,10000,2048,128,0,F6,0.0,V2minus,cumulative,66,INCOMPLETE,0,0,0,1
s66-N10000-b2048-t128,66,10000,2048,128,0,F6,0.0,V2,cumulative,66,INCOMPLETE,0,0,0,1
s66-N10000-b2048-t128,66,10000,2048,128,0,F6,0.0,V3,cumulative,66,INCOMPLETE,0,0,0,1
s66-N10000-b2048-t128,66,10000,2048,128,0,F7,0.0,V2minus,cumulative,66,UNRUNNABLE,0,0,1,0
s66-N10000-b2048-t128,66,10000,2048,128,0,F7,0.0,V2,cumulative,66,FAIL,1,0,0,1
s67-N10000-b2048-t128,67,10000,2048,128,0,F0,0.0,V0,cumulative,67,PASS,0,0,0,0
s67-N10000-b2048-t128,67,10000,2048,128,100,F0,0.0,V1,cumulative,67,PASS,0,0,0,0
s67-N10000-b2048-t128,67,10000,2048,128,0,F0,0.0,V2minus,cumulative,67,PASS,0,0,0,0
s67-N10000-b2048-t128,67,10000,2048,128,0,F0,0.0,V2,cumulative,67,PASS,0,0,0,0
s67-N10000-b2048-t128,67,10000,2048,128,0,F0,0.0,V3,cumulative,67,PASS,0,0,0,0
s67-N10000-b2048-t128,67,10000,2048,128,0,F1a,0.0,V0,cumulative,67,FAIL,1,0,0,1
s67-N10000-b2048-t128,67,10000,2048,128,100,F1a,0.0,V1,cumulative,67,FAIL,1,0,0,1
s67-N10000-b2048-t128,67,10000,2048,128,0,F1a,0.0,V2minus,cumulative,67,FAIL,1,0,0,1
s67-N10000-b2048-t128,67,10000,2048,128,0,F1a,0.0,V2,cumulative,67,FAIL,1,0,0,1
s67-N10000-b2048-t128,67,10000,2048,128,0,F1a,0.0,V3,cumulative,67,FAIL,1,0,0,1
s67-N10000-b2048-t128,67,10000,2048,128,0,F1b,0.0,V0,cumulative,67,FAIL,1,0,0,1
s67-N10000-b2048-t128,67,10000,2048,128,100,F1b,0.0,V1,cumulative,67,FAIL,1,0,0,1
s67-N10000-b2048-t128,67,10000,2048,128,0,F1b,0.0,V2minus,cumulative,67,FAIL,1,0,0,1
s67-N10000-b2048-t128,67,10000,2048,128,0,F1b,0.0,V2,cumulative,67,FAIL,1,0,0,1
s67-N10000-b2048-t128,67,10000,2048,128,0,F1b,0.0,V3,cumulative,67,FAIL,1,0,0,1
s67-N10000-b2048-t128,67,10000,2048,128,0,F2,0.0,V0,cumulative,67,FAIL,1,0,0,1
s67-N10000-b2048-t128,67,10000,2048,128,100,F2,0.0,V1,cumulative,67,FAIL,1,0,0,1
s67-N10000-b2048-t128,67,10000,2048,128,0,F2,0.0,V2minus,cumulative,67,FAIL,1,0,0,1
s67-N10000-b2048-t128,67,10000,2048,128,0,F2,0.0,V2,cumulative,67,FAIL,1,0,0,1
s67-N10000-b2048-t128,67,10000,2048,128,0,F2,0.0,V3,cumulative,67,FAIL,1,0,0,1
s67-N10000-b2048-t128,67,10000,2048,128,0,F3,0.0,V0,cumulative,67,FAIL,1,0,0,1
s67-N10000-b2048-t128,67,10000,2048,128,100,F3,0.0,V1,cumulative,67,FAIL,1,0,0,1
s67-N10000-b2048-t128,67,10000,2048,128,0,F3,0.0,V2minus,cumulative,67,FAIL,1,0,0,1
s67-N10000-b2048-t128,67,10000,2048,128,0,F3,0.0,V2,cumulative,67,FAIL,1,0,0,1
s67-N10000-b2048-t128,67,10000,2048,128,0,F3,0.0,V3,cumulative,67,FAIL,1,0,0,1
s67-N10000-b2048-t128,67,10000,2048,128,0,F4r,0.0,V0,cumulative,67,FAIL,1,0,0,1
s67-N10000-b2048-t128,67,10000,2048,128,100,F4r,0.0,V1,cumulative,67,FAIL,1,0,0,1
s67-N10000-b2048-t128,67,10000,2048,128,0,F4r,0.0,V2minus,cumulative,67,FAIL,1,0,0,1
s67-N10000-b2048-t128,67,10000,2048,128,0,F4r,0.0,V2,cumulative,67,FAIL,1,0,0,1
s67-N10000-b2048-t128,67,10000,2048,128,0,F4r,0.0,V3,cumulative,67,FAIL,1,0,0,1
s67-N10000-b2048-t128,67,10000,2048,128,0,F4m,0.0,V0,cumulative,67,FAIL,0,0,0,1
s67-N10000-b2048-t128,67,10000,2048,128,100,F4m,0.0,V1,cumulative,67,FAIL,0,0,0,1
s67-N10000-b2048-t128,67,10000,2048,128,0,F4m,0.0,V2minus,cumulative,67,FAIL,0,0,0,1
s67-N10000-b2048-t128,67,10000,2048,128,0,F4m,0.0,V2,cumulative,67,FAIL,0,0,0,1
s67-N10000-b2048-t128,67,10000,2048,128,0,F4m,0.0,V3,cumulative,67,FAIL,0,0,0,1
s67-N10000-b2048-t128,67,10000,2048,128,0,F5,0.0,V0,cumulative,67,PASS,0,0,1,0
s67-N10000-b2048-t128,67,10000,2048,128,100,F5,0.0,V1,cumulative,67,PASS,0,0,1,0
s67-N10000-b2048-t128,67,10000,2048,128,0,F5,0.0,V2minus,cumulative,67,FAIL,1,0,0,1
s67-N10000-b2048-t128,67,10000,2048,128,0,F5,0.0,V2,cumulative,67,FAIL,1,0,0,1
s67-N10000-b2048-t128,67,10000,2048,128,0,F5,0.0,V3,cumulative,67,FAIL,1,0,0,1
s67-N10000-b2048-t128,67,10000,2048,128,0,F5,0.05,V0,cumulative,67,PASS,0,0,500,0
s67-N10000-b2048-t128,67,10000,2048,128,100,F5,0.05,V1,cumulative,67,PASS,0,0,500,0
s67-N10000-b2048-t128,67,10000,2048,128,0,F5,0.05,V2minus,cumulative,67,FAIL,500,0,0,1
s67-N10000-b2048-t128,67,10000,2048,128,0,F5,0.05,V2,cumulative,67,FAIL,500,0,0,1
s67-N10000-b2048-t128,67,10000,2048,128,0,F5,0.05,V3,cumulative,67,FAIL,500,0,0,1
s67-N10000-b2048-t128,67,10000,2048,128,0,F5b,0.0,V0,cumulative,67,PASS,0,0,1,0
s67-N10000-b2048-t128,67,10000,2048,128,100,F5b,0.0,V1,cumulative,67,PASS,0,0,1,0
s67-N10000-b2048-t128,67,10000,2048,128,0,F5b,0.0,V2minus,cumulative,67,FAIL,1,0,0,1
s67-N10000-b2048-t128,67,10000,2048,128,0,F5b,0.0,V2,cumulative,67,FAIL,1,0,0,1
s67-N10000-b2048-t128,67,10000,2048,128,0,F5b,0.0,V3,cumulative,67,FAIL,1,0,0,1
s67-N10000-b2048-t128,67,10000,2048,128,0,F5c,0.0,V0,cumulative,67,PASS,0,0,2,0
s67-N10000-b2048-t128,67,10000,2048,128,100,F5c,0.0,V1,cumulative,67,PASS,0,0,2,0
s67-N10000-b2048-t128,67,10000,2048,128,0,F5c,0.0,V2minus,cumulative,67,FAIL,2,0,0,1
s67-N10000-b2048-t128,67,10000,2048,128,0,F5c,0.0,V2,cumulative,67,FAIL,2,0,0,1
s67-N10000-b2048-t128,67,10000,2048,128,0,F5c,0.0,V3,cumulative,67,FAIL,2,0,0,1
s67-N10000-b2048-t128,67,10000,2048,128,0,F6,0.0,V0,cumulative,67,INCOMPLETE,0,0,0,1
s67-N10000-b2048-t128,67,10000,2048,128,100,F6,0.0,V1,cumulative,67,INCOMPLETE,0,0,0,1
s67-N10000-b2048-t128,67,10000,2048,128,0,F6,0.0,V2minus,cumulative,67,INCOMPLETE,0,0,0,1
s67-N10000-b2048-t128,67,10000,2048,128,0,F6,0.0,V2,cumulative,67,INCOMPLETE,0,0,0,1
s67-N10000-b2048-t128,67,10000,2048,128,0,F6,0.0,V3,cumulative,67,INCOMPLETE,0,0,0,1
s67-N10000-b2048-t128,67,10000,2048,128,0,F7,0.0,V2minus,cumulative,67,UNRUNNABLE,0,0,1,0
s67-N10000-b2048-t128,67,10000,2048,128,0,F7,0.0,V2,cumulative,67,FAIL,1,0,0,1
s68-N10000-b2048-t128,68,10000,2048,128,0,F0,0.0,V0,cumulative,68,PASS,0,0,0,0
s68-N10000-b2048-t128,68,10000,2048,128,100,F0,0.0,V1,cumulative,68,PASS,0,0,0,0
s68-N10000-b2048-t128,68,10000,2048,128,0,F0,0.0,V2minus,cumulative,68,PASS,0,0,0,0
s68-N10000-b2048-t128,68,10000,2048,128,0,F0,0.0,V2,cumulative,68,PASS,0,0,0,0
s68-N10000-b2048-t128,68,10000,2048,128,0,F0,0.0,V3,cumulative,68,PASS,0,0,0,0
s68-N10000-b2048-t128,68,10000,2048,128,0,F1a,0.0,V0,cumulative,68,FAIL,1,0,0,1
s68-N10000-b2048-t128,68,10000,2048,128,100,F1a,0.0,V1,cumulative,68,FAIL,1,0,0,1
s68-N10000-b2048-t128,68,10000,2048,128,0,F1a,0.0,V2minus,cumulative,68,FAIL,1,0,0,1
s68-N10000-b2048-t128,68,10000,2048,128,0,F1a,0.0,V2,cumulative,68,FAIL,1,0,0,1
s68-N10000-b2048-t128,68,10000,2048,128,0,F1a,0.0,V3,cumulative,68,FAIL,1,0,0,1
s68-N10000-b2048-t128,68,10000,2048,128,0,F1b,0.0,V0,cumulative,68,FAIL,1,0,0,1
s68-N10000-b2048-t128,68,10000,2048,128,100,F1b,0.0,V1,cumulative,68,FAIL,1,0,0,1
s68-N10000-b2048-t128,68,10000,2048,128,0,F1b,0.0,V2minus,cumulative,68,FAIL,1,0,0,1
s68-N10000-b2048-t128,68,10000,2048,128,0,F1b,0.0,V2,cumulative,68,FAIL,1,0,0,1
s68-N10000-b2048-t128,68,10000,2048,128,0,F1b,0.0,V3,cumulative,68,FAIL,1,0,0,1
s68-N10000-b2048-t128,68,10000,2048,128,0,F2,0.0,V0,cumulative,68,FAIL,1,0,0,1
s68-N10000-b2048-t128,68,10000,2048,128,100,F2,0.0,V1,cumulative,68,FAIL,1,0,0,1
s68-N10000-b2048-t128,68,10000,2048,128,0,F2,0.0,V2minus,cumulative,68,FAIL,1,0,0,1
s68-N10000-b2048-t128,68,10000,2048,128,0,F2,0.0,V2,cumulative,68,FAIL,1,0,0,1
s68-N10000-b2048-t128,68,10000,2048,128,0,F2,0.0,V3,cumulative,68,FAIL,1,0,0,1
s68-N10000-b2048-t128,68,10000,2048,128,0,F3,0.0,V0,cumulative,68,FAIL,1,0,0,1
s68-N10000-b2048-t128,68,10000,2048,128,100,F3,0.0,V1,cumulative,68,FAIL,1,0,0,1
s68-N10000-b2048-t128,68,10000,2048,128,0,F3,0.0,V2minus,cumulative,68,FAIL,1,0,0,1
s68-N10000-b2048-t128,68,10000,2048,128,0,F3,0.0,V2,cumulative,68,FAIL,1,0,0,1
s68-N10000-b2048-t128,68,10000,2048,128,0,F3,0.0,V3,cumulative,68,FAIL,1,0,0,1
s68-N10000-b2048-t128,68,10000,2048,128,0,F4r,0.0,V0,cumulative,68,FAIL,1,1,0,1
s68-N10000-b2048-t128,68,10000,2048,128,100,F4r,0.0,V1,cumulative,68,FAIL,1,1,0,1
s68-N10000-b2048-t128,68,10000,2048,128,0,F4r,0.0,V2minus,cumulative,68,FAIL,1,1,0,1
s68-N10000-b2048-t128,68,10000,2048,128,0,F4r,0.0,V2,cumulative,68,FAIL,1,1,0,1
s68-N10000-b2048-t128,68,10000,2048,128,0,F4r,0.0,V3,cumulative,68,FAIL,1,1,0,1
s68-N10000-b2048-t128,68,10000,2048,128,0,F4m,0.0,V0,cumulative,68,FAIL,0,0,0,1
s68-N10000-b2048-t128,68,10000,2048,128,100,F4m,0.0,V1,cumulative,68,FAIL,0,0,0,1
s68-N10000-b2048-t128,68,10000,2048,128,0,F4m,0.0,V2minus,cumulative,68,FAIL,0,0,0,1
s68-N10000-b2048-t128,68,10000,2048,128,0,F4m,0.0,V2,cumulative,68,FAIL,0,0,0,1
s68-N10000-b2048-t128,68,10000,2048,128,0,F4m,0.0,V3,cumulative,68,FAIL,0,0,0,1
s68-N10000-b2048-t128,68,10000,2048,128,0,F5,0.0,V0,cumulative,68,PASS,0,0,1,0
s68-N10000-b2048-t128,68,10000,2048,128,100,F5,0.0,V1,cumulative,68,PASS,0,0,1,0
s68-N10000-b2048-t128,68,10000,2048,128,0,F5,0.0,V2minus,cumulative,68,FAIL,1,0,0,1
s68-N10000-b2048-t128,68,10000,2048,128,0,F5,0.0,V2,cumulative,68,FAIL,1,0,0,1
s68-N10000-b2048-t128,68,10000,2048,128,0,F5,0.0,V3,cumulative,68,FAIL,1,0,0,1
s68-N10000-b2048-t128,68,10000,2048,128,0,F5,0.05,V0,cumulative,68,PASS,0,0,500,0
s68-N10000-b2048-t128,68,10000,2048,128,100,F5,0.05,V1,cumulative,68,PASS,0,0,500,0
s68-N10000-b2048-t128,68,10000,2048,128,0,F5,0.05,V2minus,cumulative,68,FAIL,500,0,0,1
s68-N10000-b2048-t128,68,10000,2048,128,0,F5,0.05,V2,cumulative,68,FAIL,500,0,0,1
s68-N10000-b2048-t128,68,10000,2048,128,0,F5,0.05,V3,cumulative,68,FAIL,500,0,0,1
s68-N10000-b2048-t128,68,10000,2048,128,0,F5b,0.0,V0,cumulative,68,PASS,0,0,1,0
s68-N10000-b2048-t128,68,10000,2048,128,100,F5b,0.0,V1,cumulative,68,PASS,0,0,1,0
s68-N10000-b2048-t128,68,10000,2048,128,0,F5b,0.0,V2minus,cumulative,68,FAIL,1,0,0,1
s68-N10000-b2048-t128,68,10000,2048,128,0,F5b,0.0,V2,cumulative,68,FAIL,1,0,0,1
s68-N10000-b2048-t128,68,10000,2048,128,0,F5b,0.0,V3,cumulative,68,FAIL,1,0,0,1
s68-N10000-b2048-t128,68,10000,2048,128,0,F5c,0.0,V0,cumulative,68,PASS,0,0,2,0
s68-N10000-b2048-t128,68,10000,2048,128,100,F5c,0.0,V1,cumulative,68,PASS,0,0,2,0
s68-N10000-b2048-t128,68,10000,2048,128,0,F5c,0.0,V2minus,cumulative,68,FAIL,2,0,0,1
s68-N10000-b2048-t128,68,10000,2048,128,0,F5c,0.0,V2,cumulative,68,FAIL,2,0,0,1
s68-N10000-b2048-t128,68,10000,2048,128,0,F5c,0.0,V3,cumulative,68,FAIL,2,0,0,1
s68-N10000-b2048-t128,68,10000,2048,128,0,F6,0.0,V0,cumulative,68,INCOMPLETE,0,0,0,1
s68-N10000-b2048-t128,68,10000,2048,128,100,F6,0.0,V1,cumulative,68,INCOMPLETE,0,0,0,1
s68-N10000-b2048-t128,68,10000,2048,128,0,F6,0.0,V2minus,cumulative,68,INCOMPLETE,0,0,0,1
s68-N10000-b2048-t128,68,10000,2048,128,0,F6,0.0,V2,cumulative,68,INCOMPLETE,0,0,0,1
s68-N10000-b2048-t128,68,10000,2048,128,0,F6,0.0,V3,cumulative,68,INCOMPLETE,0,0,0,1
s68-N10000-b2048-t128,68,10000,2048,128,0,F7,0.0,V2minus,cumulative,68,UNRUNNABLE,0,0,1,0
s68-N10000-b2048-t128,68,10000,2048,128,0,F7,0.0,V2,cumulative,68,FAIL,1,0,0,1
s69-N10000-b2048-t128,69,10000,2048,128,0,F0,0.0,V0,cumulative,69,PASS,0,0,0,0
s69-N10000-b2048-t128,69,10000,2048,128,100,F0,0.0,V1,cumulative,69,PASS,0,0,0,0
s69-N10000-b2048-t128,69,10000,2048,128,0,F0,0.0,V2minus,cumulative,69,PASS,0,0,0,0
s69-N10000-b2048-t128,69,10000,2048,128,0,F0,0.0,V2,cumulative,69,PASS,0,0,0,0
s69-N10000-b2048-t128,69,10000,2048,128,0,F0,0.0,V3,cumulative,69,PASS,0,0,0,0
s69-N10000-b2048-t128,69,10000,2048,128,0,F1a,0.0,V0,cumulative,69,FAIL,1,0,0,1
s69-N10000-b2048-t128,69,10000,2048,128,100,F1a,0.0,V1,cumulative,69,FAIL,1,0,0,1
s69-N10000-b2048-t128,69,10000,2048,128,0,F1a,0.0,V2minus,cumulative,69,FAIL,1,0,0,1
s69-N10000-b2048-t128,69,10000,2048,128,0,F1a,0.0,V2,cumulative,69,FAIL,1,0,0,1
s69-N10000-b2048-t128,69,10000,2048,128,0,F1a,0.0,V3,cumulative,69,FAIL,1,0,0,1
s69-N10000-b2048-t128,69,10000,2048,128,0,F1b,0.0,V0,cumulative,69,FAIL,1,0,0,1
s69-N10000-b2048-t128,69,10000,2048,128,100,F1b,0.0,V1,cumulative,69,FAIL,1,0,0,1
s69-N10000-b2048-t128,69,10000,2048,128,0,F1b,0.0,V2minus,cumulative,69,FAIL,1,0,0,1
s69-N10000-b2048-t128,69,10000,2048,128,0,F1b,0.0,V2,cumulative,69,FAIL,1,0,0,1
s69-N10000-b2048-t128,69,10000,2048,128,0,F1b,0.0,V3,cumulative,69,FAIL,1,0,0,1
s69-N10000-b2048-t128,69,10000,2048,128,0,F2,0.0,V0,cumulative,69,FAIL,1,0,0,1
s69-N10000-b2048-t128,69,10000,2048,128,100,F2,0.0,V1,cumulative,69,FAIL,1,0,0,1
s69-N10000-b2048-t128,69,10000,2048,128,0,F2,0.0,V2minus,cumulative,69,FAIL,1,0,0,1
s69-N10000-b2048-t128,69,10000,2048,128,0,F2,0.0,V2,cumulative,69,FAIL,1,0,0,1
s69-N10000-b2048-t128,69,10000,2048,128,0,F2,0.0,V3,cumulative,69,FAIL,1,0,0,1
s69-N10000-b2048-t128,69,10000,2048,128,0,F3,0.0,V0,cumulative,69,FAIL,1,0,0,1
s69-N10000-b2048-t128,69,10000,2048,128,100,F3,0.0,V1,cumulative,69,FAIL,1,0,0,1
s69-N10000-b2048-t128,69,10000,2048,128,0,F3,0.0,V2minus,cumulative,69,FAIL,1,0,0,1
s69-N10000-b2048-t128,69,10000,2048,128,0,F3,0.0,V2,cumulative,69,FAIL,1,0,0,1
s69-N10000-b2048-t128,69,10000,2048,128,0,F3,0.0,V3,cumulative,69,FAIL,1,0,0,1
s69-N10000-b2048-t128,69,10000,2048,128,0,F4r,0.0,V0,cumulative,69,FAIL,1,0,0,1
s69-N10000-b2048-t128,69,10000,2048,128,100,F4r,0.0,V1,cumulative,69,FAIL,1,0,0,1
s69-N10000-b2048-t128,69,10000,2048,128,0,F4r,0.0,V2minus,cumulative,69,FAIL,1,0,0,1
s69-N10000-b2048-t128,69,10000,2048,128,0,F4r,0.0,V2,cumulative,69,FAIL,1,0,0,1
s69-N10000-b2048-t128,69,10000,2048,128,0,F4r,0.0,V3,cumulative,69,FAIL,1,0,0,1
s69-N10000-b2048-t128,69,10000,2048,128,0,F4m,0.0,V0,cumulative,69,FAIL,0,0,0,1
s69-N10000-b2048-t128,69,10000,2048,128,100,F4m,0.0,V1,cumulative,69,FAIL,0,0,0,1
s69-N10000-b2048-t128,69,10000,2048,128,0,F4m,0.0,V2minus,cumulative,69,FAIL,0,0,0,1
s69-N10000-b2048-t128,69,10000,2048,128,0,F4m,0.0,V2,cumulative,69,FAIL,0,0,0,1
s69-N10000-b2048-t128,69,10000,2048,128,0,F4m,0.0,V3,cumulative,69,FAIL,0,0,0,1
s69-N10000-b2048-t128,69,10000,2048,128,0,F5,0.0,V0,cumulative,69,PASS,0,0,1,0
s69-N10000-b2048-t128,69,10000,2048,128,100,F5,0.0,V1,cumulative,69,PASS,0,0,1,0
s69-N10000-b2048-t128,69,10000,2048,128,0,F5,0.0,V2minus,cumulative,69,FAIL,1,0,0,1
s69-N10000-b2048-t128,69,10000,2048,128,0,F5,0.0,V2,cumulative,69,FAIL,1,0,0,1
s69-N10000-b2048-t128,69,10000,2048,128,0,F5,0.0,V3,cumulative,69,FAIL,1,0,0,1
s69-N10000-b2048-t128,69,10000,2048,128,0,F5,0.05,V0,cumulative,69,PASS,0,0,500,0
s69-N10000-b2048-t128,69,10000,2048,128,100,F5,0.05,V1,cumulative,69,PASS,0,0,500,0
s69-N10000-b2048-t128,69,10000,2048,128,0,F5,0.05,V2minus,cumulative,69,FAIL,500,0,0,1
s69-N10000-b2048-t128,69,10000,2048,128,0,F5,0.05,V2,cumulative,69,FAIL,500,0,0,1
s69-N10000-b2048-t128,69,10000,2048,128,0,F5,0.05,V3,cumulative,69,FAIL,500,0,0,1
s69-N10000-b2048-t128,69,10000,2048,128,0,F5b,0.0,V0,cumulative,69,PASS,0,0,1,0
s69-N10000-b2048-t128,69,10000,2048,128,100,F5b,0.0,V1,cumulative,69,PASS,0,0,1,0
s69-N10000-b2048-t128,69,10000,2048,128,0,F5b,0.0,V2minus,cumulative,69,FAIL,1,0,0,1
s69-N10000-b2048-t128,69,10000,2048,128,0,F5b,0.0,V2,cumulative,69,FAIL,1,0,0,1
s69-N10000-b2048-t128,69,10000,2048,128,0,F5b,0.0,V3,cumulative,69,FAIL,1,0,0,1
s69-N10000-b2048-t128,69,10000,2048,128,0,F5c,0.0,V0,cumulative,69,PASS,0,0,2,0
s69-N10000-b2048-t128,69,10000,2048,128,100,F5c,0.0,V1,cumulative,69,PASS,0,0,2,0
s69-N10000-b2048-t128,69,10000,2048,128,0,F5c,0.0,V2minus,cumulative,69,FAIL,2,0,0,1
s69-N10000-b2048-t128,69,10000,2048,128,0,F5c,0.0,V2,cumulative,69,FAIL,2,0,0,1
s69-N10000-b2048-t128,69,10000,2048,128,0,F5c,0.0,V3,cumulative,69,FAIL,2,0,0,1
s69-N10000-b2048-t128,69,10000,2048,128,0,F6,0.0,V0,cumulative,69,INCOMPLETE,0,0,0,1
s69-N10000-b2048-t128,69,10000,2048,128,100,F6,0.0,V1,cumulative,69,INCOMPLETE,0,0,0,1
s69-N10000-b2048-t128,69,10000,2048,128,0,F6,0.0,V2minus,cumulative,69,INCOMPLETE,0,0,0,1
s69-N10000-b2048-t128,69,10000,2048,128,0,F6,0.0,V2,cumulative,69,INCOMPLETE,0,0,0,1
s69-N10000-b2048-t128,69,10000,2048,128,0,F6,0.0,V3,cumulative,69,INCOMPLETE,0,0,0,1
s69-N10000-b2048-t128,69,10000,2048,128,0,F7,0.0,V2minus,cumulative,69,UNRUNNABLE,0,0,1,0
s69-N10000-b2048-t128,69,10000,2048,128,0,F7,0.0,V2,cumulative,69,FAIL,1,0,0,1
s70-N10000-b2048-t128,70,10000,2048,128,0,F0,0.0,V0,cumulative,70,PASS,0,0,0,0
s70-N10000-b2048-t128,70,10000,2048,128,100,F0,0.0,V1,cumulative,70,PASS,0,0,0,0
s70-N10000-b2048-t128,70,10000,2048,128,0,F0,0.0,V2minus,cumulative,70,PASS,0,0,0,0
s70-N10000-b2048-t128,70,10000,2048,128,0,F0,0.0,V2,cumulative,70,PASS,0,0,0,0
s70-N10000-b2048-t128,70,10000,2048,128,0,F0,0.0,V3,cumulative,70,PASS,0,0,0,0
s70-N10000-b2048-t128,70,10000,2048,128,0,F1a,0.0,V0,cumulative,70,FAIL,1,0,0,1
s70-N10000-b2048-t128,70,10000,2048,128,100,F1a,0.0,V1,cumulative,70,FAIL,1,0,0,1
s70-N10000-b2048-t128,70,10000,2048,128,0,F1a,0.0,V2minus,cumulative,70,FAIL,1,0,0,1
s70-N10000-b2048-t128,70,10000,2048,128,0,F1a,0.0,V2,cumulative,70,FAIL,1,0,0,1
s70-N10000-b2048-t128,70,10000,2048,128,0,F1a,0.0,V3,cumulative,70,FAIL,1,0,0,1
s70-N10000-b2048-t128,70,10000,2048,128,0,F1b,0.0,V0,cumulative,70,FAIL,1,0,0,1
s70-N10000-b2048-t128,70,10000,2048,128,100,F1b,0.0,V1,cumulative,70,FAIL,1,0,0,1
s70-N10000-b2048-t128,70,10000,2048,128,0,F1b,0.0,V2minus,cumulative,70,FAIL,1,0,0,1
s70-N10000-b2048-t128,70,10000,2048,128,0,F1b,0.0,V2,cumulative,70,FAIL,1,0,0,1
s70-N10000-b2048-t128,70,10000,2048,128,0,F1b,0.0,V3,cumulative,70,FAIL,1,0,0,1
s70-N10000-b2048-t128,70,10000,2048,128,0,F2,0.0,V0,cumulative,70,FAIL,1,0,0,1
s70-N10000-b2048-t128,70,10000,2048,128,100,F2,0.0,V1,cumulative,70,FAIL,1,0,0,1
s70-N10000-b2048-t128,70,10000,2048,128,0,F2,0.0,V2minus,cumulative,70,FAIL,1,0,0,1
s70-N10000-b2048-t128,70,10000,2048,128,0,F2,0.0,V2,cumulative,70,FAIL,1,0,0,1
s70-N10000-b2048-t128,70,10000,2048,128,0,F2,0.0,V3,cumulative,70,FAIL,1,0,0,1
s70-N10000-b2048-t128,70,10000,2048,128,0,F3,0.0,V0,cumulative,70,FAIL,1,0,0,1
s70-N10000-b2048-t128,70,10000,2048,128,100,F3,0.0,V1,cumulative,70,FAIL,1,0,0,1
s70-N10000-b2048-t128,70,10000,2048,128,0,F3,0.0,V2minus,cumulative,70,FAIL,1,0,0,1
s70-N10000-b2048-t128,70,10000,2048,128,0,F3,0.0,V2,cumulative,70,FAIL,1,0,0,1
s70-N10000-b2048-t128,70,10000,2048,128,0,F3,0.0,V3,cumulative,70,FAIL,1,0,0,1
s70-N10000-b2048-t128,70,10000,2048,128,0,F4r,0.0,V0,cumulative,70,FAIL,1,1,0,1
s70-N10000-b2048-t128,70,10000,2048,128,100,F4r,0.0,V1,cumulative,70,FAIL,1,53,0,1
s70-N10000-b2048-t128,70,10000,2048,128,0,F4r,0.0,V2minus,cumulative,70,FAIL,1,1,0,1
s70-N10000-b2048-t128,70,10000,2048,128,0,F4r,0.0,V2,cumulative,70,FAIL,1,1,0,1
s70-N10000-b2048-t128,70,10000,2048,128,0,F4r,0.0,V3,cumulative,70,FAIL,1,1,0,1
s70-N10000-b2048-t128,70,10000,2048,128,0,F4m,0.0,V0,cumulative,70,FAIL,0,0,0,1
s70-N10000-b2048-t128,70,10000,2048,128,100,F4m,0.0,V1,cumulative,70,FAIL,0,0,0,1
s70-N10000-b2048-t128,70,10000,2048,128,0,F4m,0.0,V2minus,cumulative,70,FAIL,0,0,0,1
s70-N10000-b2048-t128,70,10000,2048,128,0,F4m,0.0,V2,cumulative,70,FAIL,0,0,0,1
s70-N10000-b2048-t128,70,10000,2048,128,0,F4m,0.0,V3,cumulative,70,FAIL,0,0,0,1
s70-N10000-b2048-t128,70,10000,2048,128,0,F5,0.0,V0,cumulative,70,PASS,0,0,1,0
s70-N10000-b2048-t128,70,10000,2048,128,100,F5,0.0,V1,cumulative,70,PASS,0,0,1,0
s70-N10000-b2048-t128,70,10000,2048,128,0,F5,0.0,V2minus,cumulative,70,FAIL,1,0,0,1
s70-N10000-b2048-t128,70,10000,2048,128,0,F5,0.0,V2,cumulative,70,FAIL,1,0,0,1
s70-N10000-b2048-t128,70,10000,2048,128,0,F5,0.0,V3,cumulative,70,FAIL,1,0,0,1
s70-N10000-b2048-t128,70,10000,2048,128,0,F5,0.05,V0,cumulative,70,PASS,0,0,500,0
s70-N10000-b2048-t128,70,10000,2048,128,100,F5,0.05,V1,cumulative,70,PASS,0,0,500,0
s70-N10000-b2048-t128,70,10000,2048,128,0,F5,0.05,V2minus,cumulative,70,FAIL,500,0,0,1
s70-N10000-b2048-t128,70,10000,2048,128,0,F5,0.05,V2,cumulative,70,FAIL,500,0,0,1
s70-N10000-b2048-t128,70,10000,2048,128,0,F5,0.05,V3,cumulative,70,FAIL,500,0,0,1
s70-N10000-b2048-t128,70,10000,2048,128,0,F5b,0.0,V0,cumulative,70,PASS,0,0,1,0
s70-N10000-b2048-t128,70,10000,2048,128,100,F5b,0.0,V1,cumulative,70,PASS,0,0,1,0
s70-N10000-b2048-t128,70,10000,2048,128,0,F5b,0.0,V2minus,cumulative,70,FAIL,1,0,0,1
s70-N10000-b2048-t128,70,10000,2048,128,0,F5b,0.0,V2,cumulative,70,FAIL,1,0,0,1
s70-N10000-b2048-t128,70,10000,2048,128,0,F5b,0.0,V3,cumulative,70,FAIL,1,0,0,1
s70-N10000-b2048-t128,70,10000,2048,128,0,F5c,0.0,V0,cumulative,70,PASS,0,0,2,0
s70-N10000-b2048-t128,70,10000,2048,128,100,F5c,0.0,V1,cumulative,70,PASS,0,0,2,0
s70-N10000-b2048-t128,70,10000,2048,128,0,F5c,0.0,V2minus,cumulative,70,FAIL,2,0,0,1
s70-N10000-b2048-t128,70,10000,2048,128,0,F5c,0.0,V2,cumulative,70,FAIL,2,0,0,1
s70-N10000-b2048-t128,70,10000,2048,128,0,F5c,0.0,V3,cumulative,70,FAIL,2,0,0,1
s70-N10000-b2048-t128,70,10000,2048,128,0,F6,0.0,V0,cumulative,70,INCOMPLETE,0,0,0,1
s70-N10000-b2048-t128,70,10000,2048,128,100,F6,0.0,V1,cumulative,70,INCOMPLETE,0,0,0,1
s70-N10000-b2048-t128,70,10000,2048,128,0,F6,0.0,V2minus,cumulative,70,INCOMPLETE,0,0,0,1
s70-N10000-b2048-t128,70,10000,2048,128,0,F6,0.0,V2,cumulative,70,INCOMPLETE,0,0,0,1
s70-N10000-b2048-t128,70,10000,2048,128,0,F6,0.0,V3,cumulative,70,INCOMPLETE,0,0,0,1
s70-N10000-b2048-t128,70,10000,2048,128,0,F7,0.0,V2minus,cumulative,70,UNRUNNABLE,0,0,1,0
s70-N10000-b2048-t128,70,10000,2048,128,0,F7,0.0,V2,cumulative,70,FAIL,1,0,0,1
s71-N10000-b2048-t128,71,10000,2048,128,0,F0,0.0,V0,cumulative,71,PASS,0,0,0,0
s71-N10000-b2048-t128,71,10000,2048,128,100,F0,0.0,V1,cumulative,71,PASS,0,0,0,0
s71-N10000-b2048-t128,71,10000,2048,128,0,F0,0.0,V2minus,cumulative,71,PASS,0,0,0,0
s71-N10000-b2048-t128,71,10000,2048,128,0,F0,0.0,V2,cumulative,71,PASS,0,0,0,0
s71-N10000-b2048-t128,71,10000,2048,128,0,F0,0.0,V3,cumulative,71,PASS,0,0,0,0
s71-N10000-b2048-t128,71,10000,2048,128,0,F1a,0.0,V0,cumulative,71,FAIL,1,0,0,1
s71-N10000-b2048-t128,71,10000,2048,128,100,F1a,0.0,V1,cumulative,71,FAIL,1,0,0,1
s71-N10000-b2048-t128,71,10000,2048,128,0,F1a,0.0,V2minus,cumulative,71,FAIL,1,0,0,1
s71-N10000-b2048-t128,71,10000,2048,128,0,F1a,0.0,V2,cumulative,71,FAIL,1,0,0,1
s71-N10000-b2048-t128,71,10000,2048,128,0,F1a,0.0,V3,cumulative,71,FAIL,1,0,0,1
s71-N10000-b2048-t128,71,10000,2048,128,0,F1b,0.0,V0,cumulative,71,FAIL,1,0,0,1
s71-N10000-b2048-t128,71,10000,2048,128,100,F1b,0.0,V1,cumulative,71,FAIL,1,0,0,1
s71-N10000-b2048-t128,71,10000,2048,128,0,F1b,0.0,V2minus,cumulative,71,FAIL,1,0,0,1
s71-N10000-b2048-t128,71,10000,2048,128,0,F1b,0.0,V2,cumulative,71,FAIL,1,0,0,1
s71-N10000-b2048-t128,71,10000,2048,128,0,F1b,0.0,V3,cumulative,71,FAIL,1,0,0,1
s71-N10000-b2048-t128,71,10000,2048,128,0,F2,0.0,V0,cumulative,71,FAIL,1,0,0,1
s71-N10000-b2048-t128,71,10000,2048,128,100,F2,0.0,V1,cumulative,71,FAIL,1,0,0,1
s71-N10000-b2048-t128,71,10000,2048,128,0,F2,0.0,V2minus,cumulative,71,FAIL,1,0,0,1
s71-N10000-b2048-t128,71,10000,2048,128,0,F2,0.0,V2,cumulative,71,FAIL,1,0,0,1
s71-N10000-b2048-t128,71,10000,2048,128,0,F2,0.0,V3,cumulative,71,FAIL,1,0,0,1
s71-N10000-b2048-t128,71,10000,2048,128,0,F3,0.0,V0,cumulative,71,FAIL,1,0,0,1
s71-N10000-b2048-t128,71,10000,2048,128,100,F3,0.0,V1,cumulative,71,FAIL,1,0,0,1
s71-N10000-b2048-t128,71,10000,2048,128,0,F3,0.0,V2minus,cumulative,71,FAIL,1,0,0,1
s71-N10000-b2048-t128,71,10000,2048,128,0,F3,0.0,V2,cumulative,71,FAIL,1,0,0,1
s71-N10000-b2048-t128,71,10000,2048,128,0,F3,0.0,V3,cumulative,71,FAIL,1,0,0,1
s71-N10000-b2048-t128,71,10000,2048,128,0,F4r,0.0,V0,cumulative,71,FAIL,1,1,0,1
s71-N10000-b2048-t128,71,10000,2048,128,100,F4r,0.0,V1,cumulative,71,FAIL,1,1,0,1
s71-N10000-b2048-t128,71,10000,2048,128,0,F4r,0.0,V2minus,cumulative,71,FAIL,1,1,0,1
s71-N10000-b2048-t128,71,10000,2048,128,0,F4r,0.0,V2,cumulative,71,FAIL,1,1,0,1
s71-N10000-b2048-t128,71,10000,2048,128,0,F4r,0.0,V3,cumulative,71,FAIL,1,1,0,1
s71-N10000-b2048-t128,71,10000,2048,128,0,F4m,0.0,V0,cumulative,71,FAIL,0,0,0,1
s71-N10000-b2048-t128,71,10000,2048,128,100,F4m,0.0,V1,cumulative,71,FAIL,0,0,0,1
s71-N10000-b2048-t128,71,10000,2048,128,0,F4m,0.0,V2minus,cumulative,71,FAIL,0,0,0,1
s71-N10000-b2048-t128,71,10000,2048,128,0,F4m,0.0,V2,cumulative,71,FAIL,0,0,0,1
s71-N10000-b2048-t128,71,10000,2048,128,0,F4m,0.0,V3,cumulative,71,FAIL,0,0,0,1
s71-N10000-b2048-t128,71,10000,2048,128,0,F5,0.0,V0,cumulative,71,PASS,0,0,1,0
s71-N10000-b2048-t128,71,10000,2048,128,100,F5,0.0,V1,cumulative,71,PASS,0,0,1,0
s71-N10000-b2048-t128,71,10000,2048,128,0,F5,0.0,V2minus,cumulative,71,FAIL,1,0,0,1
s71-N10000-b2048-t128,71,10000,2048,128,0,F5,0.0,V2,cumulative,71,FAIL,1,0,0,1
s71-N10000-b2048-t128,71,10000,2048,128,0,F5,0.0,V3,cumulative,71,FAIL,1,0,0,1
s71-N10000-b2048-t128,71,10000,2048,128,0,F5,0.05,V0,cumulative,71,PASS,0,0,500,0
s71-N10000-b2048-t128,71,10000,2048,128,100,F5,0.05,V1,cumulative,71,PASS,0,0,500,0
s71-N10000-b2048-t128,71,10000,2048,128,0,F5,0.05,V2minus,cumulative,71,FAIL,500,0,0,1
s71-N10000-b2048-t128,71,10000,2048,128,0,F5,0.05,V2,cumulative,71,FAIL,500,0,0,1
s71-N10000-b2048-t128,71,10000,2048,128,0,F5,0.05,V3,cumulative,71,FAIL,500,0,0,1
s71-N10000-b2048-t128,71,10000,2048,128,0,F5b,0.0,V0,cumulative,71,PASS,0,0,1,0
s71-N10000-b2048-t128,71,10000,2048,128,100,F5b,0.0,V1,cumulative,71,PASS,0,0,1,0
s71-N10000-b2048-t128,71,10000,2048,128,0,F5b,0.0,V2minus,cumulative,71,FAIL,1,0,0,1
s71-N10000-b2048-t128,71,10000,2048,128,0,F5b,0.0,V2,cumulative,71,FAIL,1,0,0,1
s71-N10000-b2048-t128,71,10000,2048,128,0,F5b,0.0,V3,cumulative,71,FAIL,1,0,0,1
s71-N10000-b2048-t128,71,10000,2048,128,0,F5c,0.0,V0,cumulative,71,PASS,0,0,2,0
s71-N10000-b2048-t128,71,10000,2048,128,100,F5c,0.0,V1,cumulative,71,PASS,0,0,2,0
s71-N10000-b2048-t128,71,10000,2048,128,0,F5c,0.0,V2minus,cumulative,71,FAIL,2,0,0,1
s71-N10000-b2048-t128,71,10000,2048,128,0,F5c,0.0,V2,cumulative,71,FAIL,2,0,0,1
s71-N10000-b2048-t128,71,10000,2048,128,0,F5c,0.0,V3,cumulative,71,FAIL,2,0,0,1
s71-N10000-b2048-t128,71,10000,2048,128,0,F6,0.0,V0,cumulative,71,INCOMPLETE,0,0,0,1
s71-N10000-b2048-t128,71,10000,2048,128,100,F6,0.0,V1,cumulative,71,INCOMPLETE,0,0,0,1
s71-N10000-b2048-t128,71,10000,2048,128,0,F6,0.0,V2minus,cumulative,71,INCOMPLETE,0,0,0,1
s71-N10000-b2048-t128,71,10000,2048,128,0,F6,0.0,V2,cumulative,71,INCOMPLETE,0,0,0,1
s71-N10000-b2048-t128,71,10000,2048,128,0,F6,0.0,V3,cumulative,71,INCOMPLETE,0,0,0,1
s71-N10000-b2048-t128,71,10000,2048,128,0,F7,0.0,V2minus,cumulative,71,UNRUNNABLE,0,0,1,0
s71-N10000-b2048-t128,71,10000,2048,128,0,F7,0.0,V2,cumulative,71,FAIL,1,0,0,1
s72-N10000-b2048-t128,72,10000,2048,128,0,F0,0.0,V0,cumulative,72,PASS,0,0,0,0
s72-N10000-b2048-t128,72,10000,2048,128,100,F0,0.0,V1,cumulative,72,PASS,0,0,0,0
s72-N10000-b2048-t128,72,10000,2048,128,0,F0,0.0,V2minus,cumulative,72,PASS,0,0,0,0
s72-N10000-b2048-t128,72,10000,2048,128,0,F0,0.0,V2,cumulative,72,PASS,0,0,0,0
s72-N10000-b2048-t128,72,10000,2048,128,0,F0,0.0,V3,cumulative,72,PASS,0,0,0,0
s72-N10000-b2048-t128,72,10000,2048,128,0,F1a,0.0,V0,cumulative,72,FAIL,1,0,0,1
s72-N10000-b2048-t128,72,10000,2048,128,100,F1a,0.0,V1,cumulative,72,FAIL,1,0,0,1
s72-N10000-b2048-t128,72,10000,2048,128,0,F1a,0.0,V2minus,cumulative,72,FAIL,1,0,0,1
s72-N10000-b2048-t128,72,10000,2048,128,0,F1a,0.0,V2,cumulative,72,FAIL,1,0,0,1
s72-N10000-b2048-t128,72,10000,2048,128,0,F1a,0.0,V3,cumulative,72,FAIL,1,0,0,1
s72-N10000-b2048-t128,72,10000,2048,128,0,F1b,0.0,V0,cumulative,72,FAIL,1,0,0,1
s72-N10000-b2048-t128,72,10000,2048,128,100,F1b,0.0,V1,cumulative,72,FAIL,1,0,0,1
s72-N10000-b2048-t128,72,10000,2048,128,0,F1b,0.0,V2minus,cumulative,72,FAIL,1,0,0,1
s72-N10000-b2048-t128,72,10000,2048,128,0,F1b,0.0,V2,cumulative,72,FAIL,1,0,0,1
s72-N10000-b2048-t128,72,10000,2048,128,0,F1b,0.0,V3,cumulative,72,FAIL,1,0,0,1
s72-N10000-b2048-t128,72,10000,2048,128,0,F2,0.0,V0,cumulative,72,FAIL,1,0,0,1
s72-N10000-b2048-t128,72,10000,2048,128,100,F2,0.0,V1,cumulative,72,FAIL,1,0,0,1
s72-N10000-b2048-t128,72,10000,2048,128,0,F2,0.0,V2minus,cumulative,72,FAIL,1,0,0,1
s72-N10000-b2048-t128,72,10000,2048,128,0,F2,0.0,V2,cumulative,72,FAIL,1,0,0,1
s72-N10000-b2048-t128,72,10000,2048,128,0,F2,0.0,V3,cumulative,72,FAIL,1,0,0,1
s72-N10000-b2048-t128,72,10000,2048,128,0,F3,0.0,V0,cumulative,72,FAIL,1,0,0,1
s72-N10000-b2048-t128,72,10000,2048,128,100,F3,0.0,V1,cumulative,72,FAIL,1,0,0,1
s72-N10000-b2048-t128,72,10000,2048,128,0,F3,0.0,V2minus,cumulative,72,FAIL,1,0,0,1
s72-N10000-b2048-t128,72,10000,2048,128,0,F3,0.0,V2,cumulative,72,FAIL,1,0,0,1
s72-N10000-b2048-t128,72,10000,2048,128,0,F3,0.0,V3,cumulative,72,FAIL,1,0,0,1
s72-N10000-b2048-t128,72,10000,2048,128,0,F4r,0.0,V0,cumulative,72,FAIL,1,0,0,1
s72-N10000-b2048-t128,72,10000,2048,128,100,F4r,0.0,V1,cumulative,72,FAIL,1,0,0,1
s72-N10000-b2048-t128,72,10000,2048,128,0,F4r,0.0,V2minus,cumulative,72,FAIL,1,0,0,1
s72-N10000-b2048-t128,72,10000,2048,128,0,F4r,0.0,V2,cumulative,72,FAIL,1,0,0,1
s72-N10000-b2048-t128,72,10000,2048,128,0,F4r,0.0,V3,cumulative,72,FAIL,1,0,0,1
s72-N10000-b2048-t128,72,10000,2048,128,0,F4m,0.0,V0,cumulative,72,FAIL,0,0,0,1
s72-N10000-b2048-t128,72,10000,2048,128,100,F4m,0.0,V1,cumulative,72,FAIL,0,0,0,1
s72-N10000-b2048-t128,72,10000,2048,128,0,F4m,0.0,V2minus,cumulative,72,FAIL,0,0,0,1
s72-N10000-b2048-t128,72,10000,2048,128,0,F4m,0.0,V2,cumulative,72,FAIL,0,0,0,1
s72-N10000-b2048-t128,72,10000,2048,128,0,F4m,0.0,V3,cumulative,72,FAIL,0,0,0,1
s72-N10000-b2048-t128,72,10000,2048,128,0,F5,0.0,V0,cumulative,72,PASS,0,0,1,0
s72-N10000-b2048-t128,72,10000,2048,128,100,F5,0.0,V1,cumulative,72,PASS,0,0,1,0
s72-N10000-b2048-t128,72,10000,2048,128,0,F5,0.0,V2minus,cumulative,72,FAIL,1,0,0,1
s72-N10000-b2048-t128,72,10000,2048,128,0,F5,0.0,V2,cumulative,72,FAIL,1,0,0,1
s72-N10000-b2048-t128,72,10000,2048,128,0,F5,0.0,V3,cumulative,72,FAIL,1,0,0,1
s72-N10000-b2048-t128,72,10000,2048,128,0,F5,0.05,V0,cumulative,72,PASS,0,0,500,0
s72-N10000-b2048-t128,72,10000,2048,128,100,F5,0.05,V1,cumulative,72,PASS,0,0,500,0
s72-N10000-b2048-t128,72,10000,2048,128,0,F5,0.05,V2minus,cumulative,72,FAIL,500,0,0,1
s72-N10000-b2048-t128,72,10000,2048,128,0,F5,0.05,V2,cumulative,72,FAIL,500,0,0,1
s72-N10000-b2048-t128,72,10000,2048,128,0,F5,0.05,V3,cumulative,72,FAIL,500,0,0,1
s72-N10000-b2048-t128,72,10000,2048,128,0,F5b,0.0,V0,cumulative,72,PASS,0,0,1,0
s72-N10000-b2048-t128,72,10000,2048,128,100,F5b,0.0,V1,cumulative,72,PASS,0,0,1,0
s72-N10000-b2048-t128,72,10000,2048,128,0,F5b,0.0,V2minus,cumulative,72,FAIL,1,0,0,1
s72-N10000-b2048-t128,72,10000,2048,128,0,F5b,0.0,V2,cumulative,72,FAIL,1,0,0,1
s72-N10000-b2048-t128,72,10000,2048,128,0,F5b,0.0,V3,cumulative,72,FAIL,1,0,0,1
s72-N10000-b2048-t128,72,10000,2048,128,0,F5c,0.0,V0,cumulative,72,PASS,0,0,2,0
s72-N10000-b2048-t128,72,10000,2048,128,100,F5c,0.0,V1,cumulative,72,PASS,0,0,2,0
s72-N10000-b2048-t128,72,10000,2048,128,0,F5c,0.0,V2minus,cumulative,72,FAIL,2,0,0,1
s72-N10000-b2048-t128,72,10000,2048,128,0,F5c,0.0,V2,cumulative,72,FAIL,2,0,0,1
s72-N10000-b2048-t128,72,10000,2048,128,0,F5c,0.0,V3,cumulative,72,FAIL,2,0,0,1
s72-N10000-b2048-t128,72,10000,2048,128,0,F6,0.0,V0,cumulative,72,INCOMPLETE,0,0,0,1
s72-N10000-b2048-t128,72,10000,2048,128,100,F6,0.0,V1,cumulative,72,INCOMPLETE,0,0,0,1
s72-N10000-b2048-t128,72,10000,2048,128,0,F6,0.0,V2minus,cumulative,72,INCOMPLETE,0,0,0,1
s72-N10000-b2048-t128,72,10000,2048,128,0,F6,0.0,V2,cumulative,72,INCOMPLETE,0,0,0,1
s72-N10000-b2048-t128,72,10000,2048,128,0,F6,0.0,V3,cumulative,72,INCOMPLETE,0,0,0,1
s72-N10000-b2048-t128,72,10000,2048,128,0,F7,0.0,V2minus,cumulative,72,UNRUNNABLE,0,0,1,0
s72-N10000-b2048-t128,72,10000,2048,128,0,F7,0.0,V2,cumulative,72,FAIL,1,0,0,1
s73-N10000-b2048-t128,73,10000,2048,128,0,F0,0.0,V0,cumulative,73,PASS,0,0,0,0
s73-N10000-b2048-t128,73,10000,2048,128,100,F0,0.0,V1,cumulative,73,PASS,0,0,0,0
s73-N10000-b2048-t128,73,10000,2048,128,0,F0,0.0,V2minus,cumulative,73,PASS,0,0,0,0
s73-N10000-b2048-t128,73,10000,2048,128,0,F0,0.0,V2,cumulative,73,PASS,0,0,0,0
s73-N10000-b2048-t128,73,10000,2048,128,0,F0,0.0,V3,cumulative,73,PASS,0,0,0,0
s73-N10000-b2048-t128,73,10000,2048,128,0,F1a,0.0,V0,cumulative,73,FAIL,1,0,0,1
s73-N10000-b2048-t128,73,10000,2048,128,100,F1a,0.0,V1,cumulative,73,FAIL,1,0,0,1
s73-N10000-b2048-t128,73,10000,2048,128,0,F1a,0.0,V2minus,cumulative,73,FAIL,1,0,0,1
s73-N10000-b2048-t128,73,10000,2048,128,0,F1a,0.0,V2,cumulative,73,FAIL,1,0,0,1
s73-N10000-b2048-t128,73,10000,2048,128,0,F1a,0.0,V3,cumulative,73,FAIL,1,0,0,1
s73-N10000-b2048-t128,73,10000,2048,128,0,F1b,0.0,V0,cumulative,73,FAIL,1,0,0,1
s73-N10000-b2048-t128,73,10000,2048,128,100,F1b,0.0,V1,cumulative,73,FAIL,1,0,0,1
s73-N10000-b2048-t128,73,10000,2048,128,0,F1b,0.0,V2minus,cumulative,73,FAIL,1,0,0,1
s73-N10000-b2048-t128,73,10000,2048,128,0,F1b,0.0,V2,cumulative,73,FAIL,1,0,0,1
s73-N10000-b2048-t128,73,10000,2048,128,0,F1b,0.0,V3,cumulative,73,FAIL,1,0,0,1
s73-N10000-b2048-t128,73,10000,2048,128,0,F2,0.0,V0,cumulative,73,FAIL,1,0,0,1
s73-N10000-b2048-t128,73,10000,2048,128,100,F2,0.0,V1,cumulative,73,FAIL,1,0,0,1
s73-N10000-b2048-t128,73,10000,2048,128,0,F2,0.0,V2minus,cumulative,73,FAIL,1,0,0,1
s73-N10000-b2048-t128,73,10000,2048,128,0,F2,0.0,V2,cumulative,73,FAIL,1,0,0,1
s73-N10000-b2048-t128,73,10000,2048,128,0,F2,0.0,V3,cumulative,73,FAIL,1,0,0,1
s73-N10000-b2048-t128,73,10000,2048,128,0,F3,0.0,V0,cumulative,73,FAIL,1,0,0,1
s73-N10000-b2048-t128,73,10000,2048,128,100,F3,0.0,V1,cumulative,73,FAIL,1,0,0,1
s73-N10000-b2048-t128,73,10000,2048,128,0,F3,0.0,V2minus,cumulative,73,FAIL,1,0,0,1
s73-N10000-b2048-t128,73,10000,2048,128,0,F3,0.0,V2,cumulative,73,FAIL,1,0,0,1
s73-N10000-b2048-t128,73,10000,2048,128,0,F3,0.0,V3,cumulative,73,FAIL,1,0,0,1
s73-N10000-b2048-t128,73,10000,2048,128,0,F4r,0.0,V0,cumulative,73,FAIL,1,0,0,1
s73-N10000-b2048-t128,73,10000,2048,128,100,F4r,0.0,V1,cumulative,73,FAIL,1,0,0,1
s73-N10000-b2048-t128,73,10000,2048,128,0,F4r,0.0,V2minus,cumulative,73,FAIL,1,0,0,1
s73-N10000-b2048-t128,73,10000,2048,128,0,F4r,0.0,V2,cumulative,73,FAIL,1,0,0,1
s73-N10000-b2048-t128,73,10000,2048,128,0,F4r,0.0,V3,cumulative,73,FAIL,1,0,0,1
s73-N10000-b2048-t128,73,10000,2048,128,0,F4m,0.0,V0,cumulative,73,FAIL,0,0,0,1
s73-N10000-b2048-t128,73,10000,2048,128,100,F4m,0.0,V1,cumulative,73,FAIL,0,0,0,1
s73-N10000-b2048-t128,73,10000,2048,128,0,F4m,0.0,V2minus,cumulative,73,FAIL,0,0,0,1
s73-N10000-b2048-t128,73,10000,2048,128,0,F4m,0.0,V2,cumulative,73,FAIL,0,0,0,1
s73-N10000-b2048-t128,73,10000,2048,128,0,F4m,0.0,V3,cumulative,73,FAIL,0,0,0,1
s73-N10000-b2048-t128,73,10000,2048,128,0,F5,0.0,V0,cumulative,73,PASS,0,0,1,0
s73-N10000-b2048-t128,73,10000,2048,128,100,F5,0.0,V1,cumulative,73,PASS,0,0,1,0
s73-N10000-b2048-t128,73,10000,2048,128,0,F5,0.0,V2minus,cumulative,73,FAIL,1,0,0,1
s73-N10000-b2048-t128,73,10000,2048,128,0,F5,0.0,V2,cumulative,73,FAIL,1,0,0,1
s73-N10000-b2048-t128,73,10000,2048,128,0,F5,0.0,V3,cumulative,73,FAIL,1,0,0,1
s73-N10000-b2048-t128,73,10000,2048,128,0,F5,0.05,V0,cumulative,73,PASS,0,0,500,0
s73-N10000-b2048-t128,73,10000,2048,128,100,F5,0.05,V1,cumulative,73,PASS,0,0,500,0
s73-N10000-b2048-t128,73,10000,2048,128,0,F5,0.05,V2minus,cumulative,73,FAIL,500,0,0,1
s73-N10000-b2048-t128,73,10000,2048,128,0,F5,0.05,V2,cumulative,73,FAIL,500,0,0,1
s73-N10000-b2048-t128,73,10000,2048,128,0,F5,0.05,V3,cumulative,73,FAIL,500,0,0,1
s73-N10000-b2048-t128,73,10000,2048,128,0,F5b,0.0,V0,cumulative,73,PASS,0,0,1,0
s73-N10000-b2048-t128,73,10000,2048,128,100,F5b,0.0,V1,cumulative,73,PASS,0,0,1,0
s73-N10000-b2048-t128,73,10000,2048,128,0,F5b,0.0,V2minus,cumulative,73,FAIL,1,0,0,1
s73-N10000-b2048-t128,73,10000,2048,128,0,F5b,0.0,V2,cumulative,73,FAIL,1,0,0,1
s73-N10000-b2048-t128,73,10000,2048,128,0,F5b,0.0,V3,cumulative,73,FAIL,1,0,0,1
s73-N10000-b2048-t128,73,10000,2048,128,0,F5c,0.0,V0,cumulative,73,PASS,0,0,2,0
s73-N10000-b2048-t128,73,10000,2048,128,100,F5c,0.0,V1,cumulative,73,PASS,0,0,2,0
s73-N10000-b2048-t128,73,10000,2048,128,0,F5c,0.0,V2minus,cumulative,73,FAIL,2,0,0,1
s73-N10000-b2048-t128,73,10000,2048,128,0,F5c,0.0,V2,cumulative,73,FAIL,2,0,0,1
s73-N10000-b2048-t128,73,10000,2048,128,0,F5c,0.0,V3,cumulative,73,FAIL,2,0,0,1
s73-N10000-b2048-t128,73,10000,2048,128,0,F6,0.0,V0,cumulative,73,INCOMPLETE,0,0,0,1
s73-N10000-b2048-t128,73,10000,2048,128,100,F6,0.0,V1,cumulative,73,INCOMPLETE,0,0,0,1
s73-N10000-b2048-t128,73,10000,2048,128,0,F6,0.0,V2minus,cumulative,73,INCOMPLETE,0,0,0,1
s73-N10000-b2048-t128,73,10000,2048,128,0,F6,0.0,V2,cumulative,73,INCOMPLETE,0,0,0,1
s73-N10000-b2048-t128,73,10000,2048,128,0,F6,0.0,V3,cumulative,73,INCOMPLETE,0,0,0,1
s73-N10000-b2048-t128,73,10000,2048,128,0,F7,0.0,V2minus,cumulative,73,UNRUNNABLE,0,0,1,0
s73-N10000-b2048-t128,73,10000,2048,128,0,F7,0.0,V2,cumulative,73,FAIL,1,0,0,1
s74-N10000-b2048-t128,74,10000,2048,128,0,F0,0.0,V0,cumulative,74,PASS,0,0,0,0
s74-N10000-b2048-t128,74,10000,2048,128,100,F0,0.0,V1,cumulative,74,PASS,0,0,0,0
s74-N10000-b2048-t128,74,10000,2048,128,0,F0,0.0,V2minus,cumulative,74,PASS,0,0,0,0
s74-N10000-b2048-t128,74,10000,2048,128,0,F0,0.0,V2,cumulative,74,PASS,0,0,0,0
s74-N10000-b2048-t128,74,10000,2048,128,0,F0,0.0,V3,cumulative,74,PASS,0,0,0,0
s74-N10000-b2048-t128,74,10000,2048,128,0,F1a,0.0,V0,cumulative,74,FAIL,1,0,0,1
s74-N10000-b2048-t128,74,10000,2048,128,100,F1a,0.0,V1,cumulative,74,FAIL,1,0,0,1
s74-N10000-b2048-t128,74,10000,2048,128,0,F1a,0.0,V2minus,cumulative,74,FAIL,1,0,0,1
s74-N10000-b2048-t128,74,10000,2048,128,0,F1a,0.0,V2,cumulative,74,FAIL,1,0,0,1
s74-N10000-b2048-t128,74,10000,2048,128,0,F1a,0.0,V3,cumulative,74,FAIL,1,0,0,1
s74-N10000-b2048-t128,74,10000,2048,128,0,F1b,0.0,V0,cumulative,74,FAIL,1,0,0,1
s74-N10000-b2048-t128,74,10000,2048,128,100,F1b,0.0,V1,cumulative,74,FAIL,1,0,0,1
s74-N10000-b2048-t128,74,10000,2048,128,0,F1b,0.0,V2minus,cumulative,74,FAIL,1,0,0,1
s74-N10000-b2048-t128,74,10000,2048,128,0,F1b,0.0,V2,cumulative,74,FAIL,1,0,0,1
s74-N10000-b2048-t128,74,10000,2048,128,0,F1b,0.0,V3,cumulative,74,FAIL,1,0,0,1
s74-N10000-b2048-t128,74,10000,2048,128,0,F2,0.0,V0,cumulative,74,FAIL,1,0,0,1
s74-N10000-b2048-t128,74,10000,2048,128,100,F2,0.0,V1,cumulative,74,FAIL,1,0,0,1
s74-N10000-b2048-t128,74,10000,2048,128,0,F2,0.0,V2minus,cumulative,74,FAIL,1,0,0,1
s74-N10000-b2048-t128,74,10000,2048,128,0,F2,0.0,V2,cumulative,74,FAIL,1,0,0,1
s74-N10000-b2048-t128,74,10000,2048,128,0,F2,0.0,V3,cumulative,74,FAIL,1,0,0,1
s74-N10000-b2048-t128,74,10000,2048,128,0,F3,0.0,V0,cumulative,74,FAIL,1,0,0,1
s74-N10000-b2048-t128,74,10000,2048,128,100,F3,0.0,V1,cumulative,74,FAIL,1,0,0,1
s74-N10000-b2048-t128,74,10000,2048,128,0,F3,0.0,V2minus,cumulative,74,FAIL,1,0,0,1
s74-N10000-b2048-t128,74,10000,2048,128,0,F3,0.0,V2,cumulative,74,FAIL,1,0,0,1
s74-N10000-b2048-t128,74,10000,2048,128,0,F3,0.0,V3,cumulative,74,FAIL,1,0,0,1
s74-N10000-b2048-t128,74,10000,2048,128,0,F4r,0.0,V0,cumulative,74,FAIL,1,0,0,1
s74-N10000-b2048-t128,74,10000,2048,128,100,F4r,0.0,V1,cumulative,74,FAIL,1,0,0,1
s74-N10000-b2048-t128,74,10000,2048,128,0,F4r,0.0,V2minus,cumulative,74,FAIL,1,0,0,1
s74-N10000-b2048-t128,74,10000,2048,128,0,F4r,0.0,V2,cumulative,74,FAIL,1,0,0,1
s74-N10000-b2048-t128,74,10000,2048,128,0,F4r,0.0,V3,cumulative,74,FAIL,1,0,0,1
s74-N10000-b2048-t128,74,10000,2048,128,0,F4m,0.0,V0,cumulative,74,FAIL,0,0,0,1
s74-N10000-b2048-t128,74,10000,2048,128,100,F4m,0.0,V1,cumulative,74,FAIL,0,0,0,1
s74-N10000-b2048-t128,74,10000,2048,128,0,F4m,0.0,V2minus,cumulative,74,FAIL,0,0,0,1
s74-N10000-b2048-t128,74,10000,2048,128,0,F4m,0.0,V2,cumulative,74,FAIL,0,0,0,1
s74-N10000-b2048-t128,74,10000,2048,128,0,F4m,0.0,V3,cumulative,74,FAIL,0,0,0,1
s74-N10000-b2048-t128,74,10000,2048,128,0,F5,0.0,V0,cumulative,74,PASS,0,0,1,0
s74-N10000-b2048-t128,74,10000,2048,128,100,F5,0.0,V1,cumulative,74,PASS,0,0,1,0
s74-N10000-b2048-t128,74,10000,2048,128,0,F5,0.0,V2minus,cumulative,74,FAIL,1,0,0,1
s74-N10000-b2048-t128,74,10000,2048,128,0,F5,0.0,V2,cumulative,74,FAIL,1,0,0,1
s74-N10000-b2048-t128,74,10000,2048,128,0,F5,0.0,V3,cumulative,74,FAIL,1,0,0,1
s74-N10000-b2048-t128,74,10000,2048,128,0,F5,0.05,V0,cumulative,74,PASS,0,0,500,0
s74-N10000-b2048-t128,74,10000,2048,128,100,F5,0.05,V1,cumulative,74,PASS,0,0,500,0
s74-N10000-b2048-t128,74,10000,2048,128,0,F5,0.05,V2minus,cumulative,74,FAIL,500,0,0,1
s74-N10000-b2048-t128,74,10000,2048,128,0,F5,0.05,V2,cumulative,74,FAIL,500,0,0,1
s74-N10000-b2048-t128,74,10000,2048,128,0,F5,0.05,V3,cumulative,74,FAIL,500,0,0,1
s74-N10000-b2048-t128,74,10000,2048,128,0,F5b,0.0,V0,cumulative,74,PASS,0,0,1,0
s74-N10000-b2048-t128,74,10000,2048,128,100,F5b,0.0,V1,cumulative,74,PASS,0,0,1,0
s74-N10000-b2048-t128,74,10000,2048,128,0,F5b,0.0,V2minus,cumulative,74,FAIL,1,0,0,1
s74-N10000-b2048-t128,74,10000,2048,128,0,F5b,0.0,V2,cumulative,74,FAIL,1,0,0,1
s74-N10000-b2048-t128,74,10000,2048,128,0,F5b,0.0,V3,cumulative,74,FAIL,1,0,0,1
s74-N10000-b2048-t128,74,10000,2048,128,0,F5c,0.0,V0,cumulative,74,PASS,0,0,2,0
s74-N10000-b2048-t128,74,10000,2048,128,100,F5c,0.0,V1,cumulative,74,PASS,0,0,2,0
s74-N10000-b2048-t128,74,10000,2048,128,0,F5c,0.0,V2minus,cumulative,74,FAIL,2,0,0,1
s74-N10000-b2048-t128,74,10000,2048,128,0,F5c,0.0,V2,cumulative,74,FAIL,2,0,0,1
s74-N10000-b2048-t128,74,10000,2048,128,0,F5c,0.0,V3,cumulative,74,FAIL,2,0,0,1
s74-N10000-b2048-t128,74,10000,2048,128,0,F6,0.0,V0,cumulative,74,INCOMPLETE,0,0,0,1
s74-N10000-b2048-t128,74,10000,2048,128,100,F6,0.0,V1,cumulative,74,INCOMPLETE,0,0,0,1
s74-N10000-b2048-t128,74,10000,2048,128,0,F6,0.0,V2minus,cumulative,74,INCOMPLETE,0,0,0,1
s74-N10000-b2048-t128,74,10000,2048,128,0,F6,0.0,V2,cumulative,74,INCOMPLETE,0,0,0,1
s74-N10000-b2048-t128,74,10000,2048,128,0,F6,0.0,V3,cumulative,74,INCOMPLETE,0,0,0,1
s74-N10000-b2048-t128,74,10000,2048,128,0,F7,0.0,V2minus,cumulative,74,UNRUNNABLE,0,0,1,0
s74-N10000-b2048-t128,74,10000,2048,128,0,F7,0.0,V2,cumulative,74,FAIL,1,0,0,1
s75-N10000-b2048-t128,75,10000,2048,128,0,F0,0.0,V0,cumulative,75,PASS,0,0,0,0
s75-N10000-b2048-t128,75,10000,2048,128,100,F0,0.0,V1,cumulative,75,PASS,0,0,0,0
s75-N10000-b2048-t128,75,10000,2048,128,0,F0,0.0,V2minus,cumulative,75,PASS,0,0,0,0
s75-N10000-b2048-t128,75,10000,2048,128,0,F0,0.0,V2,cumulative,75,PASS,0,0,0,0
s75-N10000-b2048-t128,75,10000,2048,128,0,F0,0.0,V3,cumulative,75,PASS,0,0,0,0
s75-N10000-b2048-t128,75,10000,2048,128,0,F1a,0.0,V0,cumulative,75,FAIL,1,0,0,1
s75-N10000-b2048-t128,75,10000,2048,128,100,F1a,0.0,V1,cumulative,75,FAIL,1,0,0,1
s75-N10000-b2048-t128,75,10000,2048,128,0,F1a,0.0,V2minus,cumulative,75,FAIL,1,0,0,1
s75-N10000-b2048-t128,75,10000,2048,128,0,F1a,0.0,V2,cumulative,75,FAIL,1,0,0,1
s75-N10000-b2048-t128,75,10000,2048,128,0,F1a,0.0,V3,cumulative,75,FAIL,1,0,0,1
s75-N10000-b2048-t128,75,10000,2048,128,0,F1b,0.0,V0,cumulative,75,FAIL,1,0,0,1
s75-N10000-b2048-t128,75,10000,2048,128,100,F1b,0.0,V1,cumulative,75,FAIL,1,0,0,1
s75-N10000-b2048-t128,75,10000,2048,128,0,F1b,0.0,V2minus,cumulative,75,FAIL,1,0,0,1
s75-N10000-b2048-t128,75,10000,2048,128,0,F1b,0.0,V2,cumulative,75,FAIL,1,0,0,1
s75-N10000-b2048-t128,75,10000,2048,128,0,F1b,0.0,V3,cumulative,75,FAIL,1,0,0,1
s75-N10000-b2048-t128,75,10000,2048,128,0,F2,0.0,V0,cumulative,75,FAIL,1,0,0,1
s75-N10000-b2048-t128,75,10000,2048,128,100,F2,0.0,V1,cumulative,75,FAIL,1,0,0,1
s75-N10000-b2048-t128,75,10000,2048,128,0,F2,0.0,V2minus,cumulative,75,FAIL,1,0,0,1
s75-N10000-b2048-t128,75,10000,2048,128,0,F2,0.0,V2,cumulative,75,FAIL,1,0,0,1
s75-N10000-b2048-t128,75,10000,2048,128,0,F2,0.0,V3,cumulative,75,FAIL,1,0,0,1
s75-N10000-b2048-t128,75,10000,2048,128,0,F3,0.0,V0,cumulative,75,FAIL,1,0,0,1
s75-N10000-b2048-t128,75,10000,2048,128,100,F3,0.0,V1,cumulative,75,FAIL,1,0,0,1
s75-N10000-b2048-t128,75,10000,2048,128,0,F3,0.0,V2minus,cumulative,75,FAIL,1,0,0,1
s75-N10000-b2048-t128,75,10000,2048,128,0,F3,0.0,V2,cumulative,75,FAIL,1,0,0,1
s75-N10000-b2048-t128,75,10000,2048,128,0,F3,0.0,V3,cumulative,75,FAIL,1,0,0,1
s75-N10000-b2048-t128,75,10000,2048,128,0,F4r,0.0,V0,cumulative,75,FAIL,1,0,0,1
s75-N10000-b2048-t128,75,10000,2048,128,100,F4r,0.0,V1,cumulative,75,FAIL,1,0,0,1
s75-N10000-b2048-t128,75,10000,2048,128,0,F4r,0.0,V2minus,cumulative,75,FAIL,1,0,0,1
s75-N10000-b2048-t128,75,10000,2048,128,0,F4r,0.0,V2,cumulative,75,FAIL,1,0,0,1
s75-N10000-b2048-t128,75,10000,2048,128,0,F4r,0.0,V3,cumulative,75,FAIL,1,0,0,1
s75-N10000-b2048-t128,75,10000,2048,128,0,F4m,0.0,V0,cumulative,75,FAIL,0,0,0,1
s75-N10000-b2048-t128,75,10000,2048,128,100,F4m,0.0,V1,cumulative,75,FAIL,0,0,0,1
s75-N10000-b2048-t128,75,10000,2048,128,0,F4m,0.0,V2minus,cumulative,75,FAIL,0,0,0,1
s75-N10000-b2048-t128,75,10000,2048,128,0,F4m,0.0,V2,cumulative,75,FAIL,0,0,0,1
s75-N10000-b2048-t128,75,10000,2048,128,0,F4m,0.0,V3,cumulative,75,FAIL,0,0,0,1
s75-N10000-b2048-t128,75,10000,2048,128,0,F5,0.0,V0,cumulative,75,PASS,0,0,1,0
s75-N10000-b2048-t128,75,10000,2048,128,100,F5,0.0,V1,cumulative,75,PASS,0,0,1,0
s75-N10000-b2048-t128,75,10000,2048,128,0,F5,0.0,V2minus,cumulative,75,FAIL,1,0,0,1
s75-N10000-b2048-t128,75,10000,2048,128,0,F5,0.0,V2,cumulative,75,FAIL,1,0,0,1
s75-N10000-b2048-t128,75,10000,2048,128,0,F5,0.0,V3,cumulative,75,FAIL,1,0,0,1
s75-N10000-b2048-t128,75,10000,2048,128,0,F5,0.05,V0,cumulative,75,PASS,0,0,500,0
s75-N10000-b2048-t128,75,10000,2048,128,100,F5,0.05,V1,cumulative,75,PASS,0,0,500,0
s75-N10000-b2048-t128,75,10000,2048,128,0,F5,0.05,V2minus,cumulative,75,FAIL,500,0,0,1
s75-N10000-b2048-t128,75,10000,2048,128,0,F5,0.05,V2,cumulative,75,FAIL,500,0,0,1
s75-N10000-b2048-t128,75,10000,2048,128,0,F5,0.05,V3,cumulative,75,FAIL,500,0,0,1
s75-N10000-b2048-t128,75,10000,2048,128,0,F5b,0.0,V0,cumulative,75,PASS,0,0,1,0
s75-N10000-b2048-t128,75,10000,2048,128,100,F5b,0.0,V1,cumulative,75,PASS,0,0,1,0
s75-N10000-b2048-t128,75,10000,2048,128,0,F5b,0.0,V2minus,cumulative,75,FAIL,1,0,0,1
s75-N10000-b2048-t128,75,10000,2048,128,0,F5b,0.0,V2,cumulative,75,FAIL,1,0,0,1
s75-N10000-b2048-t128,75,10000,2048,128,0,F5b,0.0,V3,cumulative,75,FAIL,1,0,0,1
s75-N10000-b2048-t128,75,10000,2048,128,0,F5c,0.0,V0,cumulative,75,PASS,0,0,2,0
s75-N10000-b2048-t128,75,10000,2048,128,100,F5c,0.0,V1,cumulative,75,PASS,0,0,2,0
s75-N10000-b2048-t128,75,10000,2048,128,0,F5c,0.0,V2minus,cumulative,75,FAIL,2,0,0,1
s75-N10000-b2048-t128,75,10000,2048,128,0,F5c,0.0,V2,cumulative,75,FAIL,2,0,0,1
s75-N10000-b2048-t128,75,10000,2048,128,0,F5c,0.0,V3,cumulative,75,FAIL,2,0,0,1
s75-N10000-b2048-t128,75,10000,2048,128,0,F6,0.0,V0,cumulative,75,INCOMPLETE,0,0,0,1
s75-N10000-b2048-t128,75,10000,2048,128,100,F6,0.0,V1,cumulative,75,INCOMPLETE,0,0,0,1
s75-N10000-b2048-t128,75,10000,2048,128,0,F6,0.0,V2minus,cumulative,75,INCOMPLETE,0,0,0,1
s75-N10000-b2048-t128,75,10000,2048,128,0,F6,0.0,V2,cumulative,75,INCOMPLETE,0,0,0,1
s75-N10000-b2048-t128,75,10000,2048,128,0,F6,0.0,V3,cumulative,75,INCOMPLETE,0,0,0,1
s75-N10000-b2048-t128,75,10000,2048,128,0,F7,0.0,V2minus,cumulative,75,UNRUNNABLE,0,0,1,0
s75-N10000-b2048-t128,75,10000,2048,128,0,F7,0.0,V2,cumulative,75,FAIL,1,0,0,1
s76-N10000-b2048-t128,76,10000,2048,128,0,F0,0.0,V0,cumulative,76,PASS,0,0,0,0
s76-N10000-b2048-t128,76,10000,2048,128,100,F0,0.0,V1,cumulative,76,PASS,0,0,0,0
s76-N10000-b2048-t128,76,10000,2048,128,0,F0,0.0,V2minus,cumulative,76,PASS,0,0,0,0
s76-N10000-b2048-t128,76,10000,2048,128,0,F0,0.0,V2,cumulative,76,PASS,0,0,0,0
s76-N10000-b2048-t128,76,10000,2048,128,0,F0,0.0,V3,cumulative,76,PASS,0,0,0,0
s76-N10000-b2048-t128,76,10000,2048,128,0,F1a,0.0,V0,cumulative,76,FAIL,1,0,0,1
s76-N10000-b2048-t128,76,10000,2048,128,100,F1a,0.0,V1,cumulative,76,FAIL,1,0,0,1
s76-N10000-b2048-t128,76,10000,2048,128,0,F1a,0.0,V2minus,cumulative,76,FAIL,1,0,0,1
s76-N10000-b2048-t128,76,10000,2048,128,0,F1a,0.0,V2,cumulative,76,FAIL,1,0,0,1
s76-N10000-b2048-t128,76,10000,2048,128,0,F1a,0.0,V3,cumulative,76,FAIL,1,0,0,1
s76-N10000-b2048-t128,76,10000,2048,128,0,F1b,0.0,V0,cumulative,76,FAIL,1,0,0,1
s76-N10000-b2048-t128,76,10000,2048,128,100,F1b,0.0,V1,cumulative,76,FAIL,1,0,0,1
s76-N10000-b2048-t128,76,10000,2048,128,0,F1b,0.0,V2minus,cumulative,76,FAIL,1,0,0,1
s76-N10000-b2048-t128,76,10000,2048,128,0,F1b,0.0,V2,cumulative,76,FAIL,1,0,0,1
s76-N10000-b2048-t128,76,10000,2048,128,0,F1b,0.0,V3,cumulative,76,FAIL,1,0,0,1
s76-N10000-b2048-t128,76,10000,2048,128,0,F2,0.0,V0,cumulative,76,FAIL,1,0,0,1
s76-N10000-b2048-t128,76,10000,2048,128,100,F2,0.0,V1,cumulative,76,FAIL,1,0,0,1
s76-N10000-b2048-t128,76,10000,2048,128,0,F2,0.0,V2minus,cumulative,76,FAIL,1,0,0,1
s76-N10000-b2048-t128,76,10000,2048,128,0,F2,0.0,V2,cumulative,76,FAIL,1,0,0,1
s76-N10000-b2048-t128,76,10000,2048,128,0,F2,0.0,V3,cumulative,76,FAIL,1,0,0,1
s76-N10000-b2048-t128,76,10000,2048,128,0,F3,0.0,V0,cumulative,76,FAIL,1,0,0,1
s76-N10000-b2048-t128,76,10000,2048,128,100,F3,0.0,V1,cumulative,76,FAIL,1,0,0,1
s76-N10000-b2048-t128,76,10000,2048,128,0,F3,0.0,V2minus,cumulative,76,FAIL,1,0,0,1
s76-N10000-b2048-t128,76,10000,2048,128,0,F3,0.0,V2,cumulative,76,FAIL,1,0,0,1
s76-N10000-b2048-t128,76,10000,2048,128,0,F3,0.0,V3,cumulative,76,FAIL,1,0,0,1
s76-N10000-b2048-t128,76,10000,2048,128,0,F4r,0.0,V0,cumulative,76,FAIL,1,1,0,1
s76-N10000-b2048-t128,76,10000,2048,128,100,F4r,0.0,V1,cumulative,76,FAIL,1,1,0,1
s76-N10000-b2048-t128,76,10000,2048,128,0,F4r,0.0,V2minus,cumulative,76,FAIL,1,1,0,1
s76-N10000-b2048-t128,76,10000,2048,128,0,F4r,0.0,V2,cumulative,76,FAIL,1,1,0,1
s76-N10000-b2048-t128,76,10000,2048,128,0,F4r,0.0,V3,cumulative,76,FAIL,1,1,0,1
s76-N10000-b2048-t128,76,10000,2048,128,0,F4m,0.0,V0,cumulative,76,FAIL,0,0,0,1
s76-N10000-b2048-t128,76,10000,2048,128,100,F4m,0.0,V1,cumulative,76,FAIL,0,0,0,1
s76-N10000-b2048-t128,76,10000,2048,128,0,F4m,0.0,V2minus,cumulative,76,FAIL,0,0,0,1
s76-N10000-b2048-t128,76,10000,2048,128,0,F4m,0.0,V2,cumulative,76,FAIL,0,0,0,1
s76-N10000-b2048-t128,76,10000,2048,128,0,F4m,0.0,V3,cumulative,76,FAIL,0,0,0,1
s76-N10000-b2048-t128,76,10000,2048,128,0,F5,0.0,V0,cumulative,76,PASS,0,0,1,0
s76-N10000-b2048-t128,76,10000,2048,128,100,F5,0.0,V1,cumulative,76,PASS,0,0,1,0
s76-N10000-b2048-t128,76,10000,2048,128,0,F5,0.0,V2minus,cumulative,76,FAIL,1,0,0,1
s76-N10000-b2048-t128,76,10000,2048,128,0,F5,0.0,V2,cumulative,76,FAIL,1,0,0,1
s76-N10000-b2048-t128,76,10000,2048,128,0,F5,0.0,V3,cumulative,76,FAIL,1,0,0,1
s76-N10000-b2048-t128,76,10000,2048,128,0,F5,0.05,V0,cumulative,76,PASS,0,0,500,0
s76-N10000-b2048-t128,76,10000,2048,128,100,F5,0.05,V1,cumulative,76,PASS,0,0,500,0
s76-N10000-b2048-t128,76,10000,2048,128,0,F5,0.05,V2minus,cumulative,76,FAIL,500,0,0,1
s76-N10000-b2048-t128,76,10000,2048,128,0,F5,0.05,V2,cumulative,76,FAIL,500,0,0,1
s76-N10000-b2048-t128,76,10000,2048,128,0,F5,0.05,V3,cumulative,76,FAIL,500,0,0,1
s76-N10000-b2048-t128,76,10000,2048,128,0,F5b,0.0,V0,cumulative,76,PASS,0,0,1,0
s76-N10000-b2048-t128,76,10000,2048,128,100,F5b,0.0,V1,cumulative,76,PASS,0,0,1,0
s76-N10000-b2048-t128,76,10000,2048,128,0,F5b,0.0,V2minus,cumulative,76,FAIL,1,0,0,1
s76-N10000-b2048-t128,76,10000,2048,128,0,F5b,0.0,V2,cumulative,76,FAIL,1,0,0,1
s76-N10000-b2048-t128,76,10000,2048,128,0,F5b,0.0,V3,cumulative,76,FAIL,1,0,0,1
s76-N10000-b2048-t128,76,10000,2048,128,0,F5c,0.0,V0,cumulative,76,PASS,0,0,2,0
s76-N10000-b2048-t128,76,10000,2048,128,100,F5c,0.0,V1,cumulative,76,PASS,0,0,2,0
s76-N10000-b2048-t128,76,10000,2048,128,0,F5c,0.0,V2minus,cumulative,76,FAIL,2,0,0,1
s76-N10000-b2048-t128,76,10000,2048,128,0,F5c,0.0,V2,cumulative,76,FAIL,2,0,0,1
s76-N10000-b2048-t128,76,10000,2048,128,0,F5c,0.0,V3,cumulative,76,FAIL,2,0,0,1
s76-N10000-b2048-t128,76,10000,2048,128,0,F6,0.0,V0,cumulative,76,INCOMPLETE,0,0,0,1
s76-N10000-b2048-t128,76,10000,2048,128,100,F6,0.0,V1,cumulative,76,INCOMPLETE,0,0,0,1
s76-N10000-b2048-t128,76,10000,2048,128,0,F6,0.0,V2minus,cumulative,76,INCOMPLETE,0,0,0,1
s76-N10000-b2048-t128,76,10000,2048,128,0,F6,0.0,V2,cumulative,76,INCOMPLETE,0,0,0,1
s76-N10000-b2048-t128,76,10000,2048,128,0,F6,0.0,V3,cumulative,76,INCOMPLETE,0,0,0,1
s76-N10000-b2048-t128,76,10000,2048,128,0,F7,0.0,V2minus,cumulative,76,UNRUNNABLE,0,0,1,0
s76-N10000-b2048-t128,76,10000,2048,128,0,F7,0.0,V2,cumulative,76,FAIL,1,0,0,1
s77-N10000-b2048-t128,77,10000,2048,128,0,F0,0.0,V0,cumulative,77,PASS,0,0,0,0
s77-N10000-b2048-t128,77,10000,2048,128,100,F0,0.0,V1,cumulative,77,PASS,0,0,0,0
s77-N10000-b2048-t128,77,10000,2048,128,0,F0,0.0,V2minus,cumulative,77,PASS,0,0,0,0
s77-N10000-b2048-t128,77,10000,2048,128,0,F0,0.0,V2,cumulative,77,PASS,0,0,0,0
s77-N10000-b2048-t128,77,10000,2048,128,0,F0,0.0,V3,cumulative,77,PASS,0,0,0,0
s77-N10000-b2048-t128,77,10000,2048,128,0,F1a,0.0,V0,cumulative,77,FAIL,1,0,0,1
s77-N10000-b2048-t128,77,10000,2048,128,100,F1a,0.0,V1,cumulative,77,FAIL,1,0,0,1
s77-N10000-b2048-t128,77,10000,2048,128,0,F1a,0.0,V2minus,cumulative,77,FAIL,1,0,0,1
s77-N10000-b2048-t128,77,10000,2048,128,0,F1a,0.0,V2,cumulative,77,FAIL,1,0,0,1
s77-N10000-b2048-t128,77,10000,2048,128,0,F1a,0.0,V3,cumulative,77,FAIL,1,0,0,1
s77-N10000-b2048-t128,77,10000,2048,128,0,F1b,0.0,V0,cumulative,77,FAIL,1,0,0,1
s77-N10000-b2048-t128,77,10000,2048,128,100,F1b,0.0,V1,cumulative,77,FAIL,1,0,0,1
s77-N10000-b2048-t128,77,10000,2048,128,0,F1b,0.0,V2minus,cumulative,77,FAIL,1,0,0,1
s77-N10000-b2048-t128,77,10000,2048,128,0,F1b,0.0,V2,cumulative,77,FAIL,1,0,0,1
s77-N10000-b2048-t128,77,10000,2048,128,0,F1b,0.0,V3,cumulative,77,FAIL,1,0,0,1
s77-N10000-b2048-t128,77,10000,2048,128,0,F2,0.0,V0,cumulative,77,FAIL,1,0,0,1
s77-N10000-b2048-t128,77,10000,2048,128,100,F2,0.0,V1,cumulative,77,FAIL,1,0,0,1
s77-N10000-b2048-t128,77,10000,2048,128,0,F2,0.0,V2minus,cumulative,77,FAIL,1,0,0,1
s77-N10000-b2048-t128,77,10000,2048,128,0,F2,0.0,V2,cumulative,77,FAIL,1,0,0,1
s77-N10000-b2048-t128,77,10000,2048,128,0,F2,0.0,V3,cumulative,77,FAIL,1,0,0,1
s77-N10000-b2048-t128,77,10000,2048,128,0,F3,0.0,V0,cumulative,77,FAIL,1,0,0,1
s77-N10000-b2048-t128,77,10000,2048,128,100,F3,0.0,V1,cumulative,77,FAIL,1,0,0,1
s77-N10000-b2048-t128,77,10000,2048,128,0,F3,0.0,V2minus,cumulative,77,FAIL,1,0,0,1
s77-N10000-b2048-t128,77,10000,2048,128,0,F3,0.0,V2,cumulative,77,FAIL,1,0,0,1
s77-N10000-b2048-t128,77,10000,2048,128,0,F3,0.0,V3,cumulative,77,FAIL,1,0,0,1
s77-N10000-b2048-t128,77,10000,2048,128,0,F4r,0.0,V0,cumulative,77,FAIL,1,0,0,1
s77-N10000-b2048-t128,77,10000,2048,128,100,F4r,0.0,V1,cumulative,77,FAIL,1,0,0,1
s77-N10000-b2048-t128,77,10000,2048,128,0,F4r,0.0,V2minus,cumulative,77,FAIL,1,0,0,1
s77-N10000-b2048-t128,77,10000,2048,128,0,F4r,0.0,V2,cumulative,77,FAIL,1,0,0,1
s77-N10000-b2048-t128,77,10000,2048,128,0,F4r,0.0,V3,cumulative,77,FAIL,1,0,0,1
s77-N10000-b2048-t128,77,10000,2048,128,0,F4m,0.0,V0,cumulative,77,FAIL,0,0,0,1
s77-N10000-b2048-t128,77,10000,2048,128,100,F4m,0.0,V1,cumulative,77,FAIL,0,0,0,1
s77-N10000-b2048-t128,77,10000,2048,128,0,F4m,0.0,V2minus,cumulative,77,FAIL,0,0,0,1
s77-N10000-b2048-t128,77,10000,2048,128,0,F4m,0.0,V2,cumulative,77,FAIL,0,0,0,1
s77-N10000-b2048-t128,77,10000,2048,128,0,F4m,0.0,V3,cumulative,77,FAIL,0,0,0,1
s77-N10000-b2048-t128,77,10000,2048,128,0,F5,0.0,V0,cumulative,77,PASS,0,0,1,0
s77-N10000-b2048-t128,77,10000,2048,128,100,F5,0.0,V1,cumulative,77,PASS,0,0,1,0
s77-N10000-b2048-t128,77,10000,2048,128,0,F5,0.0,V2minus,cumulative,77,FAIL,1,0,0,1
s77-N10000-b2048-t128,77,10000,2048,128,0,F5,0.0,V2,cumulative,77,FAIL,1,0,0,1
s77-N10000-b2048-t128,77,10000,2048,128,0,F5,0.0,V3,cumulative,77,FAIL,1,0,0,1
s77-N10000-b2048-t128,77,10000,2048,128,0,F5,0.05,V0,cumulative,77,PASS,0,0,500,0
s77-N10000-b2048-t128,77,10000,2048,128,100,F5,0.05,V1,cumulative,77,PASS,0,0,500,0
s77-N10000-b2048-t128,77,10000,2048,128,0,F5,0.05,V2minus,cumulative,77,FAIL,500,0,0,1
s77-N10000-b2048-t128,77,10000,2048,128,0,F5,0.05,V2,cumulative,77,FAIL,500,0,0,1
s77-N10000-b2048-t128,77,10000,2048,128,0,F5,0.05,V3,cumulative,77,FAIL,500,0,0,1
s77-N10000-b2048-t128,77,10000,2048,128,0,F5b,0.0,V0,cumulative,77,PASS,0,0,1,0
s77-N10000-b2048-t128,77,10000,2048,128,100,F5b,0.0,V1,cumulative,77,PASS,0,0,1,0
s77-N10000-b2048-t128,77,10000,2048,128,0,F5b,0.0,V2minus,cumulative,77,FAIL,1,0,0,1
s77-N10000-b2048-t128,77,10000,2048,128,0,F5b,0.0,V2,cumulative,77,FAIL,1,0,0,1
s77-N10000-b2048-t128,77,10000,2048,128,0,F5b,0.0,V3,cumulative,77,FAIL,1,0,0,1
s77-N10000-b2048-t128,77,10000,2048,128,0,F5c,0.0,V0,cumulative,77,PASS,0,0,2,0
s77-N10000-b2048-t128,77,10000,2048,128,100,F5c,0.0,V1,cumulative,77,PASS,0,0,2,0
s77-N10000-b2048-t128,77,10000,2048,128,0,F5c,0.0,V2minus,cumulative,77,FAIL,2,0,0,1
s77-N10000-b2048-t128,77,10000,2048,128,0,F5c,0.0,V2,cumulative,77,FAIL,2,0,0,1
s77-N10000-b2048-t128,77,10000,2048,128,0,F5c,0.0,V3,cumulative,77,FAIL,2,0,0,1
s77-N10000-b2048-t128,77,10000,2048,128,0,F6,0.0,V0,cumulative,77,INCOMPLETE,0,0,0,1
s77-N10000-b2048-t128,77,10000,2048,128,100,F6,0.0,V1,cumulative,77,INCOMPLETE,0,0,0,1
s77-N10000-b2048-t128,77,10000,2048,128,0,F6,0.0,V2minus,cumulative,77,INCOMPLETE,0,0,0,1
s77-N10000-b2048-t128,77,10000,2048,128,0,F6,0.0,V2,cumulative,77,INCOMPLETE,0,0,0,1
s77-N10000-b2048-t128,77,10000,2048,128,0,F6,0.0,V3,cumulative,77,INCOMPLETE,0,0,0,1
s77-N10000-b2048-t128,77,10000,2048,128,0,F7,0.0,V2minus,cumulative,77,UNRUNNABLE,0,0,1,0
s77-N10000-b2048-t128,77,10000,2048,128,0,F7,0.0,V2,cumulative,77,FAIL,1,0,0,1
s78-N10000-b2048-t128,78,10000,2048,128,0,F0,0.0,V0,cumulative,78,PASS,0,0,0,0
s78-N10000-b2048-t128,78,10000,2048,128,100,F0,0.0,V1,cumulative,78,PASS,0,0,0,0
s78-N10000-b2048-t128,78,10000,2048,128,0,F0,0.0,V2minus,cumulative,78,PASS,0,0,0,0
s78-N10000-b2048-t128,78,10000,2048,128,0,F0,0.0,V2,cumulative,78,PASS,0,0,0,0
s78-N10000-b2048-t128,78,10000,2048,128,0,F0,0.0,V3,cumulative,78,PASS,0,0,0,0
s78-N10000-b2048-t128,78,10000,2048,128,0,F1a,0.0,V0,cumulative,78,FAIL,1,0,0,1
s78-N10000-b2048-t128,78,10000,2048,128,100,F1a,0.0,V1,cumulative,78,FAIL,1,0,0,1
s78-N10000-b2048-t128,78,10000,2048,128,0,F1a,0.0,V2minus,cumulative,78,FAIL,1,0,0,1
s78-N10000-b2048-t128,78,10000,2048,128,0,F1a,0.0,V2,cumulative,78,FAIL,1,0,0,1
s78-N10000-b2048-t128,78,10000,2048,128,0,F1a,0.0,V3,cumulative,78,FAIL,1,0,0,1
s78-N10000-b2048-t128,78,10000,2048,128,0,F1b,0.0,V0,cumulative,78,FAIL,1,0,0,1
s78-N10000-b2048-t128,78,10000,2048,128,100,F1b,0.0,V1,cumulative,78,FAIL,1,0,0,1
s78-N10000-b2048-t128,78,10000,2048,128,0,F1b,0.0,V2minus,cumulative,78,FAIL,1,0,0,1
s78-N10000-b2048-t128,78,10000,2048,128,0,F1b,0.0,V2,cumulative,78,FAIL,1,0,0,1
s78-N10000-b2048-t128,78,10000,2048,128,0,F1b,0.0,V3,cumulative,78,FAIL,1,0,0,1
s78-N10000-b2048-t128,78,10000,2048,128,0,F2,0.0,V0,cumulative,78,FAIL,1,0,0,1
s78-N10000-b2048-t128,78,10000,2048,128,100,F2,0.0,V1,cumulative,78,FAIL,1,0,0,1
s78-N10000-b2048-t128,78,10000,2048,128,0,F2,0.0,V2minus,cumulative,78,FAIL,1,0,0,1
s78-N10000-b2048-t128,78,10000,2048,128,0,F2,0.0,V2,cumulative,78,FAIL,1,0,0,1
s78-N10000-b2048-t128,78,10000,2048,128,0,F2,0.0,V3,cumulative,78,FAIL,1,0,0,1
s78-N10000-b2048-t128,78,10000,2048,128,0,F3,0.0,V0,cumulative,78,FAIL,1,0,0,1
s78-N10000-b2048-t128,78,10000,2048,128,100,F3,0.0,V1,cumulative,78,FAIL,1,0,0,1
s78-N10000-b2048-t128,78,10000,2048,128,0,F3,0.0,V2minus,cumulative,78,FAIL,1,0,0,1
s78-N10000-b2048-t128,78,10000,2048,128,0,F3,0.0,V2,cumulative,78,FAIL,1,0,0,1
s78-N10000-b2048-t128,78,10000,2048,128,0,F3,0.0,V3,cumulative,78,FAIL,1,0,0,1
s78-N10000-b2048-t128,78,10000,2048,128,0,F4r,0.0,V0,cumulative,78,FAIL,1,0,0,1
s78-N10000-b2048-t128,78,10000,2048,128,100,F4r,0.0,V1,cumulative,78,FAIL,1,0,0,1
s78-N10000-b2048-t128,78,10000,2048,128,0,F4r,0.0,V2minus,cumulative,78,FAIL,1,0,0,1
s78-N10000-b2048-t128,78,10000,2048,128,0,F4r,0.0,V2,cumulative,78,FAIL,1,0,0,1
s78-N10000-b2048-t128,78,10000,2048,128,0,F4r,0.0,V3,cumulative,78,FAIL,1,0,0,1
s78-N10000-b2048-t128,78,10000,2048,128,0,F4m,0.0,V0,cumulative,78,FAIL,0,0,0,1
s78-N10000-b2048-t128,78,10000,2048,128,100,F4m,0.0,V1,cumulative,78,FAIL,0,0,0,1
s78-N10000-b2048-t128,78,10000,2048,128,0,F4m,0.0,V2minus,cumulative,78,FAIL,0,0,0,1
s78-N10000-b2048-t128,78,10000,2048,128,0,F4m,0.0,V2,cumulative,78,FAIL,0,0,0,1
s78-N10000-b2048-t128,78,10000,2048,128,0,F4m,0.0,V3,cumulative,78,FAIL,0,0,0,1
s78-N10000-b2048-t128,78,10000,2048,128,0,F5,0.0,V0,cumulative,78,PASS,0,0,1,0
s78-N10000-b2048-t128,78,10000,2048,128,100,F5,0.0,V1,cumulative,78,PASS,0,0,1,0
s78-N10000-b2048-t128,78,10000,2048,128,0,F5,0.0,V2minus,cumulative,78,FAIL,1,0,0,1
s78-N10000-b2048-t128,78,10000,2048,128,0,F5,0.0,V2,cumulative,78,FAIL,1,0,0,1
s78-N10000-b2048-t128,78,10000,2048,128,0,F5,0.0,V3,cumulative,78,FAIL,1,0,0,1
s78-N10000-b2048-t128,78,10000,2048,128,0,F5,0.05,V0,cumulative,78,PASS,0,0,500,0
s78-N10000-b2048-t128,78,10000,2048,128,100,F5,0.05,V1,cumulative,78,PASS,0,0,500,0
s78-N10000-b2048-t128,78,10000,2048,128,0,F5,0.05,V2minus,cumulative,78,FAIL,500,0,0,1
s78-N10000-b2048-t128,78,10000,2048,128,0,F5,0.05,V2,cumulative,78,FAIL,500,0,0,1
s78-N10000-b2048-t128,78,10000,2048,128,0,F5,0.05,V3,cumulative,78,FAIL,500,0,0,1
s78-N10000-b2048-t128,78,10000,2048,128,0,F5b,0.0,V0,cumulative,78,PASS,0,0,1,0
s78-N10000-b2048-t128,78,10000,2048,128,100,F5b,0.0,V1,cumulative,78,PASS,0,0,1,0
s78-N10000-b2048-t128,78,10000,2048,128,0,F5b,0.0,V2minus,cumulative,78,FAIL,1,0,0,1
s78-N10000-b2048-t128,78,10000,2048,128,0,F5b,0.0,V2,cumulative,78,FAIL,1,0,0,1
s78-N10000-b2048-t128,78,10000,2048,128,0,F5b,0.0,V3,cumulative,78,FAIL,1,0,0,1
s78-N10000-b2048-t128,78,10000,2048,128,0,F5c,0.0,V0,cumulative,78,PASS,0,0,2,0
s78-N10000-b2048-t128,78,10000,2048,128,100,F5c,0.0,V1,cumulative,78,PASS,0,0,2,0
s78-N10000-b2048-t128,78,10000,2048,128,0,F5c,0.0,V2minus,cumulative,78,FAIL,2,0,0,1
s78-N10000-b2048-t128,78,10000,2048,128,0,F5c,0.0,V2,cumulative,78,FAIL,2,0,0,1
s78-N10000-b2048-t128,78,10000,2048,128,0,F5c,0.0,V3,cumulative,78,FAIL,2,0,0,1
s78-N10000-b2048-t128,78,10000,2048,128,0,F6,0.0,V0,cumulative,78,INCOMPLETE,0,0,0,1
s78-N10000-b2048-t128,78,10000,2048,128,100,F6,0.0,V1,cumulative,78,INCOMPLETE,0,0,0,1
s78-N10000-b2048-t128,78,10000,2048,128,0,F6,0.0,V2minus,cumulative,78,INCOMPLETE,0,0,0,1
s78-N10000-b2048-t128,78,10000,2048,128,0,F6,0.0,V2,cumulative,78,INCOMPLETE,0,0,0,1
s78-N10000-b2048-t128,78,10000,2048,128,0,F6,0.0,V3,cumulative,78,INCOMPLETE,0,0,0,1
s78-N10000-b2048-t128,78,10000,2048,128,0,F7,0.0,V2minus,cumulative,78,UNRUNNABLE,0,0,1,0
s78-N10000-b2048-t128,78,10000,2048,128,0,F7,0.0,V2,cumulative,78,FAIL,1,0,0,1
s79-N10000-b2048-t128,79,10000,2048,128,0,F0,0.0,V0,cumulative,79,PASS,0,0,0,0
s79-N10000-b2048-t128,79,10000,2048,128,100,F0,0.0,V1,cumulative,79,PASS,0,0,0,0
s79-N10000-b2048-t128,79,10000,2048,128,0,F0,0.0,V2minus,cumulative,79,PASS,0,0,0,0
s79-N10000-b2048-t128,79,10000,2048,128,0,F0,0.0,V2,cumulative,79,PASS,0,0,0,0
s79-N10000-b2048-t128,79,10000,2048,128,0,F0,0.0,V3,cumulative,79,PASS,0,0,0,0
s79-N10000-b2048-t128,79,10000,2048,128,0,F1a,0.0,V0,cumulative,79,FAIL,1,0,0,1
s79-N10000-b2048-t128,79,10000,2048,128,100,F1a,0.0,V1,cumulative,79,FAIL,1,0,0,1
s79-N10000-b2048-t128,79,10000,2048,128,0,F1a,0.0,V2minus,cumulative,79,FAIL,1,0,0,1
s79-N10000-b2048-t128,79,10000,2048,128,0,F1a,0.0,V2,cumulative,79,FAIL,1,0,0,1
s79-N10000-b2048-t128,79,10000,2048,128,0,F1a,0.0,V3,cumulative,79,FAIL,1,0,0,1
s79-N10000-b2048-t128,79,10000,2048,128,0,F1b,0.0,V0,cumulative,79,FAIL,1,0,0,1
s79-N10000-b2048-t128,79,10000,2048,128,100,F1b,0.0,V1,cumulative,79,FAIL,1,0,0,1
s79-N10000-b2048-t128,79,10000,2048,128,0,F1b,0.0,V2minus,cumulative,79,FAIL,1,0,0,1
s79-N10000-b2048-t128,79,10000,2048,128,0,F1b,0.0,V2,cumulative,79,FAIL,1,0,0,1
s79-N10000-b2048-t128,79,10000,2048,128,0,F1b,0.0,V3,cumulative,79,FAIL,1,0,0,1
s79-N10000-b2048-t128,79,10000,2048,128,0,F2,0.0,V0,cumulative,79,FAIL,1,0,0,1
s79-N10000-b2048-t128,79,10000,2048,128,100,F2,0.0,V1,cumulative,79,FAIL,1,0,0,1
s79-N10000-b2048-t128,79,10000,2048,128,0,F2,0.0,V2minus,cumulative,79,FAIL,1,0,0,1
s79-N10000-b2048-t128,79,10000,2048,128,0,F2,0.0,V2,cumulative,79,FAIL,1,0,0,1
s79-N10000-b2048-t128,79,10000,2048,128,0,F2,0.0,V3,cumulative,79,FAIL,1,0,0,1
s79-N10000-b2048-t128,79,10000,2048,128,0,F3,0.0,V0,cumulative,79,FAIL,1,0,0,1
s79-N10000-b2048-t128,79,10000,2048,128,100,F3,0.0,V1,cumulative,79,FAIL,1,0,0,1
s79-N10000-b2048-t128,79,10000,2048,128,0,F3,0.0,V2minus,cumulative,79,FAIL,1,0,0,1
s79-N10000-b2048-t128,79,10000,2048,128,0,F3,0.0,V2,cumulative,79,FAIL,1,0,0,1
s79-N10000-b2048-t128,79,10000,2048,128,0,F3,0.0,V3,cumulative,79,FAIL,1,0,0,1
s79-N10000-b2048-t128,79,10000,2048,128,0,F4r,0.0,V0,cumulative,79,FAIL,1,1,0,1
s79-N10000-b2048-t128,79,10000,2048,128,100,F4r,0.0,V1,cumulative,79,FAIL,1,1,0,1
s79-N10000-b2048-t128,79,10000,2048,128,0,F4r,0.0,V2minus,cumulative,79,FAIL,1,1,0,1
s79-N10000-b2048-t128,79,10000,2048,128,0,F4r,0.0,V2,cumulative,79,FAIL,1,1,0,1
s79-N10000-b2048-t128,79,10000,2048,128,0,F4r,0.0,V3,cumulative,79,FAIL,1,1,0,1
s79-N10000-b2048-t128,79,10000,2048,128,0,F4m,0.0,V0,cumulative,79,FAIL,0,0,0,1
s79-N10000-b2048-t128,79,10000,2048,128,100,F4m,0.0,V1,cumulative,79,FAIL,0,0,0,1
s79-N10000-b2048-t128,79,10000,2048,128,0,F4m,0.0,V2minus,cumulative,79,FAIL,0,0,0,1
s79-N10000-b2048-t128,79,10000,2048,128,0,F4m,0.0,V2,cumulative,79,FAIL,0,0,0,1
s79-N10000-b2048-t128,79,10000,2048,128,0,F4m,0.0,V3,cumulative,79,FAIL,0,0,0,1
s79-N10000-b2048-t128,79,10000,2048,128,0,F5,0.0,V0,cumulative,79,PASS,0,0,1,0
s79-N10000-b2048-t128,79,10000,2048,128,100,F5,0.0,V1,cumulative,79,PASS,0,0,1,0
s79-N10000-b2048-t128,79,10000,2048,128,0,F5,0.0,V2minus,cumulative,79,FAIL,1,0,0,1
s79-N10000-b2048-t128,79,10000,2048,128,0,F5,0.0,V2,cumulative,79,FAIL,1,0,0,1
s79-N10000-b2048-t128,79,10000,2048,128,0,F5,0.0,V3,cumulative,79,FAIL,1,0,0,1
s79-N10000-b2048-t128,79,10000,2048,128,0,F5,0.05,V0,cumulative,79,PASS,0,0,500,0
s79-N10000-b2048-t128,79,10000,2048,128,100,F5,0.05,V1,cumulative,79,PASS,0,0,500,0
s79-N10000-b2048-t128,79,10000,2048,128,0,F5,0.05,V2minus,cumulative,79,FAIL,500,0,0,1
s79-N10000-b2048-t128,79,10000,2048,128,0,F5,0.05,V2,cumulative,79,FAIL,500,0,0,1
s79-N10000-b2048-t128,79,10000,2048,128,0,F5,0.05,V3,cumulative,79,FAIL,500,0,0,1
s79-N10000-b2048-t128,79,10000,2048,128,0,F5b,0.0,V0,cumulative,79,PASS,0,0,1,0
s79-N10000-b2048-t128,79,10000,2048,128,100,F5b,0.0,V1,cumulative,79,PASS,0,0,1,0
s79-N10000-b2048-t128,79,10000,2048,128,0,F5b,0.0,V2minus,cumulative,79,FAIL,1,0,0,1
s79-N10000-b2048-t128,79,10000,2048,128,0,F5b,0.0,V2,cumulative,79,FAIL,1,0,0,1
s79-N10000-b2048-t128,79,10000,2048,128,0,F5b,0.0,V3,cumulative,79,FAIL,1,0,0,1
s79-N10000-b2048-t128,79,10000,2048,128,0,F5c,0.0,V0,cumulative,79,PASS,0,0,2,0
s79-N10000-b2048-t128,79,10000,2048,128,100,F5c,0.0,V1,cumulative,79,PASS,0,0,2,0
s79-N10000-b2048-t128,79,10000,2048,128,0,F5c,0.0,V2minus,cumulative,79,FAIL,2,0,0,1
s79-N10000-b2048-t128,79,10000,2048,128,0,F5c,0.0,V2,cumulative,79,FAIL,2,0,0,1
s79-N10000-b2048-t128,79,10000,2048,128,0,F5c,0.0,V3,cumulative,79,FAIL,2,0,0,1
s79-N10000-b2048-t128,79,10000,2048,128,0,F6,0.0,V0,cumulative,79,INCOMPLETE,0,0,0,1
s79-N10000-b2048-t128,79,10000,2048,128,100,F6,0.0,V1,cumulative,79,INCOMPLETE,0,0,0,1
s79-N10000-b2048-t128,79,10000,2048,128,0,F6,0.0,V2minus,cumulative,79,INCOMPLETE,0,0,0,1
s79-N10000-b2048-t128,79,10000,2048,128,0,F6,0.0,V2,cumulative,79,INCOMPLETE,0,0,0,1
s79-N10000-b2048-t128,79,10000,2048,128,0,F6,0.0,V3,cumulative,79,INCOMPLETE,0,0,0,1
s79-N10000-b2048-t128,79,10000,2048,128,0,F7,0.0,V2minus,cumulative,79,UNRUNNABLE,0,0,1,0
s79-N10000-b2048-t128,79,10000,2048,128,0,F7,0.0,V2,cumulative,79,FAIL,1,0,0,1
s80-N10000-b2048-t128,80,10000,2048,128,0,F0,0.0,V0,cumulative,80,PASS,0,0,0,0
s80-N10000-b2048-t128,80,10000,2048,128,100,F0,0.0,V1,cumulative,80,PASS,0,0,0,0
s80-N10000-b2048-t128,80,10000,2048,128,0,F0,0.0,V2minus,cumulative,80,PASS,0,0,0,0
s80-N10000-b2048-t128,80,10000,2048,128,0,F0,0.0,V2,cumulative,80,PASS,0,0,0,0
s80-N10000-b2048-t128,80,10000,2048,128,0,F0,0.0,V3,cumulative,80,PASS,0,0,0,0
s80-N10000-b2048-t128,80,10000,2048,128,0,F1a,0.0,V0,cumulative,80,FAIL,1,0,0,1
s80-N10000-b2048-t128,80,10000,2048,128,100,F1a,0.0,V1,cumulative,80,FAIL,1,0,0,1
s80-N10000-b2048-t128,80,10000,2048,128,0,F1a,0.0,V2minus,cumulative,80,FAIL,1,0,0,1
s80-N10000-b2048-t128,80,10000,2048,128,0,F1a,0.0,V2,cumulative,80,FAIL,1,0,0,1
s80-N10000-b2048-t128,80,10000,2048,128,0,F1a,0.0,V3,cumulative,80,FAIL,1,0,0,1
s80-N10000-b2048-t128,80,10000,2048,128,0,F1b,0.0,V0,cumulative,80,FAIL,1,0,0,1
s80-N10000-b2048-t128,80,10000,2048,128,100,F1b,0.0,V1,cumulative,80,FAIL,1,0,0,1
s80-N10000-b2048-t128,80,10000,2048,128,0,F1b,0.0,V2minus,cumulative,80,FAIL,1,0,0,1
s80-N10000-b2048-t128,80,10000,2048,128,0,F1b,0.0,V2,cumulative,80,FAIL,1,0,0,1
s80-N10000-b2048-t128,80,10000,2048,128,0,F1b,0.0,V3,cumulative,80,FAIL,1,0,0,1
s80-N10000-b2048-t128,80,10000,2048,128,0,F2,0.0,V0,cumulative,80,FAIL,1,0,0,1
s80-N10000-b2048-t128,80,10000,2048,128,100,F2,0.0,V1,cumulative,80,FAIL,1,0,0,1
s80-N10000-b2048-t128,80,10000,2048,128,0,F2,0.0,V2minus,cumulative,80,FAIL,1,0,0,1
s80-N10000-b2048-t128,80,10000,2048,128,0,F2,0.0,V2,cumulative,80,FAIL,1,0,0,1
s80-N10000-b2048-t128,80,10000,2048,128,0,F2,0.0,V3,cumulative,80,FAIL,1,0,0,1
s80-N10000-b2048-t128,80,10000,2048,128,0,F3,0.0,V0,cumulative,80,FAIL,1,0,0,1
s80-N10000-b2048-t128,80,10000,2048,128,100,F3,0.0,V1,cumulative,80,FAIL,1,0,0,1
s80-N10000-b2048-t128,80,10000,2048,128,0,F3,0.0,V2minus,cumulative,80,FAIL,1,0,0,1
s80-N10000-b2048-t128,80,10000,2048,128,0,F3,0.0,V2,cumulative,80,FAIL,1,0,0,1
s80-N10000-b2048-t128,80,10000,2048,128,0,F3,0.0,V3,cumulative,80,FAIL,1,0,0,1
s80-N10000-b2048-t128,80,10000,2048,128,0,F4r,0.0,V0,cumulative,80,FAIL,1,0,0,1
s80-N10000-b2048-t128,80,10000,2048,128,100,F4r,0.0,V1,cumulative,80,FAIL,1,0,0,1
s80-N10000-b2048-t128,80,10000,2048,128,0,F4r,0.0,V2minus,cumulative,80,FAIL,1,0,0,1
s80-N10000-b2048-t128,80,10000,2048,128,0,F4r,0.0,V2,cumulative,80,FAIL,1,0,0,1
s80-N10000-b2048-t128,80,10000,2048,128,0,F4r,0.0,V3,cumulative,80,FAIL,1,0,0,1
s80-N10000-b2048-t128,80,10000,2048,128,0,F4m,0.0,V0,cumulative,80,FAIL,0,0,0,1
s80-N10000-b2048-t128,80,10000,2048,128,100,F4m,0.0,V1,cumulative,80,FAIL,0,0,0,1
s80-N10000-b2048-t128,80,10000,2048,128,0,F4m,0.0,V2minus,cumulative,80,FAIL,0,0,0,1
s80-N10000-b2048-t128,80,10000,2048,128,0,F4m,0.0,V2,cumulative,80,FAIL,0,0,0,1
s80-N10000-b2048-t128,80,10000,2048,128,0,F4m,0.0,V3,cumulative,80,FAIL,0,0,0,1
s80-N10000-b2048-t128,80,10000,2048,128,0,F5,0.0,V0,cumulative,80,PASS,0,0,1,0
s80-N10000-b2048-t128,80,10000,2048,128,100,F5,0.0,V1,cumulative,80,PASS,0,0,1,0
s80-N10000-b2048-t128,80,10000,2048,128,0,F5,0.0,V2minus,cumulative,80,FAIL,1,0,0,1
s80-N10000-b2048-t128,80,10000,2048,128,0,F5,0.0,V2,cumulative,80,FAIL,1,0,0,1
s80-N10000-b2048-t128,80,10000,2048,128,0,F5,0.0,V3,cumulative,80,FAIL,1,0,0,1
s80-N10000-b2048-t128,80,10000,2048,128,0,F5,0.05,V0,cumulative,80,PASS,0,0,500,0
s80-N10000-b2048-t128,80,10000,2048,128,100,F5,0.05,V1,cumulative,80,PASS,0,0,500,0
s80-N10000-b2048-t128,80,10000,2048,128,0,F5,0.05,V2minus,cumulative,80,FAIL,500,0,0,1
s80-N10000-b2048-t128,80,10000,2048,128,0,F5,0.05,V2,cumulative,80,FAIL,500,0,0,1
s80-N10000-b2048-t128,80,10000,2048,128,0,F5,0.05,V3,cumulative,80,FAIL,500,0,0,1
s80-N10000-b2048-t128,80,10000,2048,128,0,F5b,0.0,V0,cumulative,80,PASS,0,0,1,0
s80-N10000-b2048-t128,80,10000,2048,128,100,F5b,0.0,V1,cumulative,80,PASS,0,0,1,0
s80-N10000-b2048-t128,80,10000,2048,128,0,F5b,0.0,V2minus,cumulative,80,FAIL,1,0,0,1
s80-N10000-b2048-t128,80,10000,2048,128,0,F5b,0.0,V2,cumulative,80,FAIL,1,0,0,1
s80-N10000-b2048-t128,80,10000,2048,128,0,F5b,0.0,V3,cumulative,80,FAIL,1,0,0,1
s80-N10000-b2048-t128,80,10000,2048,128,0,F5c,0.0,V0,cumulative,80,PASS,0,0,2,0
s80-N10000-b2048-t128,80,10000,2048,128,100,F5c,0.0,V1,cumulative,80,PASS,0,0,2,0
s80-N10000-b2048-t128,80,10000,2048,128,0,F5c,0.0,V2minus,cumulative,80,FAIL,2,0,0,1
s80-N10000-b2048-t128,80,10000,2048,128,0,F5c,0.0,V2,cumulative,80,FAIL,2,0,0,1
s80-N10000-b2048-t128,80,10000,2048,128,0,F5c,0.0,V3,cumulative,80,FAIL,2,0,0,1
s80-N10000-b2048-t128,80,10000,2048,128,0,F6,0.0,V0,cumulative,80,INCOMPLETE,0,0,0,1
s80-N10000-b2048-t128,80,10000,2048,128,100,F6,0.0,V1,cumulative,80,INCOMPLETE,0,0,0,1
s80-N10000-b2048-t128,80,10000,2048,128,0,F6,0.0,V2minus,cumulative,80,INCOMPLETE,0,0,0,1
s80-N10000-b2048-t128,80,10000,2048,128,0,F6,0.0,V2,cumulative,80,INCOMPLETE,0,0,0,1
s80-N10000-b2048-t128,80,10000,2048,128,0,F6,0.0,V3,cumulative,80,INCOMPLETE,0,0,0,1
s80-N10000-b2048-t128,80,10000,2048,128,0,F7,0.0,V2minus,cumulative,80,UNRUNNABLE,0,0,1,0
s80-N10000-b2048-t128,80,10000,2048,128,0,F7,0.0,V2,cumulative,80,FAIL,1,0,0,1
s81-N10000-b2048-t128,81,10000,2048,128,0,F0,0.0,V0,cumulative,81,PASS,0,0,0,0
s81-N10000-b2048-t128,81,10000,2048,128,100,F0,0.0,V1,cumulative,81,PASS,0,0,0,0
s81-N10000-b2048-t128,81,10000,2048,128,0,F0,0.0,V2minus,cumulative,81,PASS,0,0,0,0
s81-N10000-b2048-t128,81,10000,2048,128,0,F0,0.0,V2,cumulative,81,PASS,0,0,0,0
s81-N10000-b2048-t128,81,10000,2048,128,0,F0,0.0,V3,cumulative,81,PASS,0,0,0,0
s81-N10000-b2048-t128,81,10000,2048,128,0,F1a,0.0,V0,cumulative,81,FAIL,1,0,0,1
s81-N10000-b2048-t128,81,10000,2048,128,100,F1a,0.0,V1,cumulative,81,FAIL,1,0,0,1
s81-N10000-b2048-t128,81,10000,2048,128,0,F1a,0.0,V2minus,cumulative,81,FAIL,1,0,0,1
s81-N10000-b2048-t128,81,10000,2048,128,0,F1a,0.0,V2,cumulative,81,FAIL,1,0,0,1
s81-N10000-b2048-t128,81,10000,2048,128,0,F1a,0.0,V3,cumulative,81,FAIL,1,0,0,1
s81-N10000-b2048-t128,81,10000,2048,128,0,F1b,0.0,V0,cumulative,81,FAIL,1,0,0,1
s81-N10000-b2048-t128,81,10000,2048,128,100,F1b,0.0,V1,cumulative,81,FAIL,1,0,0,1
s81-N10000-b2048-t128,81,10000,2048,128,0,F1b,0.0,V2minus,cumulative,81,FAIL,1,0,0,1
s81-N10000-b2048-t128,81,10000,2048,128,0,F1b,0.0,V2,cumulative,81,FAIL,1,0,0,1
s81-N10000-b2048-t128,81,10000,2048,128,0,F1b,0.0,V3,cumulative,81,FAIL,1,0,0,1
s81-N10000-b2048-t128,81,10000,2048,128,0,F2,0.0,V0,cumulative,81,FAIL,1,0,0,1
s81-N10000-b2048-t128,81,10000,2048,128,100,F2,0.0,V1,cumulative,81,FAIL,1,0,0,1
s81-N10000-b2048-t128,81,10000,2048,128,0,F2,0.0,V2minus,cumulative,81,FAIL,1,0,0,1
s81-N10000-b2048-t128,81,10000,2048,128,0,F2,0.0,V2,cumulative,81,FAIL,1,0,0,1
s81-N10000-b2048-t128,81,10000,2048,128,0,F2,0.0,V3,cumulative,81,FAIL,1,0,0,1
s81-N10000-b2048-t128,81,10000,2048,128,0,F3,0.0,V0,cumulative,81,FAIL,1,0,0,1
s81-N10000-b2048-t128,81,10000,2048,128,100,F3,0.0,V1,cumulative,81,FAIL,1,0,0,1
s81-N10000-b2048-t128,81,10000,2048,128,0,F3,0.0,V2minus,cumulative,81,FAIL,1,0,0,1
s81-N10000-b2048-t128,81,10000,2048,128,0,F3,0.0,V2,cumulative,81,FAIL,1,0,0,1
s81-N10000-b2048-t128,81,10000,2048,128,0,F3,0.0,V3,cumulative,81,FAIL,1,0,0,1
s81-N10000-b2048-t128,81,10000,2048,128,0,F4r,0.0,V0,cumulative,81,FAIL,1,0,0,1
s81-N10000-b2048-t128,81,10000,2048,128,100,F4r,0.0,V1,cumulative,81,FAIL,1,0,0,1
s81-N10000-b2048-t128,81,10000,2048,128,0,F4r,0.0,V2minus,cumulative,81,FAIL,1,0,0,1
s81-N10000-b2048-t128,81,10000,2048,128,0,F4r,0.0,V2,cumulative,81,FAIL,1,0,0,1
s81-N10000-b2048-t128,81,10000,2048,128,0,F4r,0.0,V3,cumulative,81,FAIL,1,0,0,1
s81-N10000-b2048-t128,81,10000,2048,128,0,F4m,0.0,V0,cumulative,81,FAIL,0,0,0,1
s81-N10000-b2048-t128,81,10000,2048,128,100,F4m,0.0,V1,cumulative,81,FAIL,0,0,0,1
s81-N10000-b2048-t128,81,10000,2048,128,0,F4m,0.0,V2minus,cumulative,81,FAIL,0,0,0,1
s81-N10000-b2048-t128,81,10000,2048,128,0,F4m,0.0,V2,cumulative,81,FAIL,0,0,0,1
s81-N10000-b2048-t128,81,10000,2048,128,0,F4m,0.0,V3,cumulative,81,FAIL,0,0,0,1
s81-N10000-b2048-t128,81,10000,2048,128,0,F5,0.0,V0,cumulative,81,PASS,0,0,1,0
s81-N10000-b2048-t128,81,10000,2048,128,100,F5,0.0,V1,cumulative,81,PASS,0,0,1,0
s81-N10000-b2048-t128,81,10000,2048,128,0,F5,0.0,V2minus,cumulative,81,FAIL,1,0,0,1
s81-N10000-b2048-t128,81,10000,2048,128,0,F5,0.0,V2,cumulative,81,FAIL,1,0,0,1
s81-N10000-b2048-t128,81,10000,2048,128,0,F5,0.0,V3,cumulative,81,FAIL,1,0,0,1
s81-N10000-b2048-t128,81,10000,2048,128,0,F5,0.05,V0,cumulative,81,PASS,0,0,500,0
s81-N10000-b2048-t128,81,10000,2048,128,100,F5,0.05,V1,cumulative,81,PASS,0,0,500,0
s81-N10000-b2048-t128,81,10000,2048,128,0,F5,0.05,V2minus,cumulative,81,FAIL,500,0,0,1
s81-N10000-b2048-t128,81,10000,2048,128,0,F5,0.05,V2,cumulative,81,FAIL,500,0,0,1
s81-N10000-b2048-t128,81,10000,2048,128,0,F5,0.05,V3,cumulative,81,FAIL,500,0,0,1
s81-N10000-b2048-t128,81,10000,2048,128,0,F5b,0.0,V0,cumulative,81,PASS,0,0,1,0
s81-N10000-b2048-t128,81,10000,2048,128,100,F5b,0.0,V1,cumulative,81,PASS,0,0,1,0
s81-N10000-b2048-t128,81,10000,2048,128,0,F5b,0.0,V2minus,cumulative,81,FAIL,1,0,0,1
s81-N10000-b2048-t128,81,10000,2048,128,0,F5b,0.0,V2,cumulative,81,FAIL,1,0,0,1
s81-N10000-b2048-t128,81,10000,2048,128,0,F5b,0.0,V3,cumulative,81,FAIL,1,0,0,1
s81-N10000-b2048-t128,81,10000,2048,128,0,F5c,0.0,V0,cumulative,81,PASS,0,0,2,0
s81-N10000-b2048-t128,81,10000,2048,128,100,F5c,0.0,V1,cumulative,81,PASS,0,0,2,0
s81-N10000-b2048-t128,81,10000,2048,128,0,F5c,0.0,V2minus,cumulative,81,FAIL,2,0,0,1
s81-N10000-b2048-t128,81,10000,2048,128,0,F5c,0.0,V2,cumulative,81,FAIL,2,0,0,1
s81-N10000-b2048-t128,81,10000,2048,128,0,F5c,0.0,V3,cumulative,81,FAIL,2,0,0,1
s81-N10000-b2048-t128,81,10000,2048,128,0,F6,0.0,V0,cumulative,81,INCOMPLETE,0,0,0,1
s81-N10000-b2048-t128,81,10000,2048,128,100,F6,0.0,V1,cumulative,81,INCOMPLETE,0,0,0,1
s81-N10000-b2048-t128,81,10000,2048,128,0,F6,0.0,V2minus,cumulative,81,INCOMPLETE,0,0,0,1
s81-N10000-b2048-t128,81,10000,2048,128,0,F6,0.0,V2,cumulative,81,INCOMPLETE,0,0,0,1
s81-N10000-b2048-t128,81,10000,2048,128,0,F6,0.0,V3,cumulative,81,INCOMPLETE,0,0,0,1
s81-N10000-b2048-t128,81,10000,2048,128,0,F7,0.0,V2minus,cumulative,81,UNRUNNABLE,0,0,1,0
s81-N10000-b2048-t128,81,10000,2048,128,0,F7,0.0,V2,cumulative,81,FAIL,1,0,0,1
s82-N10000-b2048-t128,82,10000,2048,128,0,F0,0.0,V0,cumulative,82,PASS,0,0,0,0
s82-N10000-b2048-t128,82,10000,2048,128,100,F0,0.0,V1,cumulative,82,PASS,0,0,0,0
s82-N10000-b2048-t128,82,10000,2048,128,0,F0,0.0,V2minus,cumulative,82,PASS,0,0,0,0
s82-N10000-b2048-t128,82,10000,2048,128,0,F0,0.0,V2,cumulative,82,PASS,0,0,0,0
s82-N10000-b2048-t128,82,10000,2048,128,0,F0,0.0,V3,cumulative,82,PASS,0,0,0,0
s82-N10000-b2048-t128,82,10000,2048,128,0,F1a,0.0,V0,cumulative,82,FAIL,1,0,0,1
s82-N10000-b2048-t128,82,10000,2048,128,100,F1a,0.0,V1,cumulative,82,FAIL,1,0,0,1
s82-N10000-b2048-t128,82,10000,2048,128,0,F1a,0.0,V2minus,cumulative,82,FAIL,1,0,0,1
s82-N10000-b2048-t128,82,10000,2048,128,0,F1a,0.0,V2,cumulative,82,FAIL,1,0,0,1
s82-N10000-b2048-t128,82,10000,2048,128,0,F1a,0.0,V3,cumulative,82,FAIL,1,0,0,1
s82-N10000-b2048-t128,82,10000,2048,128,0,F1b,0.0,V0,cumulative,82,FAIL,1,0,0,1
s82-N10000-b2048-t128,82,10000,2048,128,100,F1b,0.0,V1,cumulative,82,FAIL,1,0,0,1
s82-N10000-b2048-t128,82,10000,2048,128,0,F1b,0.0,V2minus,cumulative,82,FAIL,1,0,0,1
s82-N10000-b2048-t128,82,10000,2048,128,0,F1b,0.0,V2,cumulative,82,FAIL,1,0,0,1
s82-N10000-b2048-t128,82,10000,2048,128,0,F1b,0.0,V3,cumulative,82,FAIL,1,0,0,1
s82-N10000-b2048-t128,82,10000,2048,128,0,F2,0.0,V0,cumulative,82,FAIL,1,0,0,1
s82-N10000-b2048-t128,82,10000,2048,128,100,F2,0.0,V1,cumulative,82,FAIL,1,0,0,1
s82-N10000-b2048-t128,82,10000,2048,128,0,F2,0.0,V2minus,cumulative,82,FAIL,1,0,0,1
s82-N10000-b2048-t128,82,10000,2048,128,0,F2,0.0,V2,cumulative,82,FAIL,1,0,0,1
s82-N10000-b2048-t128,82,10000,2048,128,0,F2,0.0,V3,cumulative,82,FAIL,1,0,0,1
s82-N10000-b2048-t128,82,10000,2048,128,0,F3,0.0,V0,cumulative,82,FAIL,1,0,0,1
s82-N10000-b2048-t128,82,10000,2048,128,100,F3,0.0,V1,cumulative,82,FAIL,1,0,0,1
s82-N10000-b2048-t128,82,10000,2048,128,0,F3,0.0,V2minus,cumulative,82,FAIL,1,0,0,1
s82-N10000-b2048-t128,82,10000,2048,128,0,F3,0.0,V2,cumulative,82,FAIL,1,0,0,1
s82-N10000-b2048-t128,82,10000,2048,128,0,F3,0.0,V3,cumulative,82,FAIL,1,0,0,1
s82-N10000-b2048-t128,82,10000,2048,128,0,F4r,0.0,V0,cumulative,82,FAIL,1,0,0,1
s82-N10000-b2048-t128,82,10000,2048,128,100,F4r,0.0,V1,cumulative,82,FAIL,1,0,0,1
s82-N10000-b2048-t128,82,10000,2048,128,0,F4r,0.0,V2minus,cumulative,82,FAIL,1,0,0,1
s82-N10000-b2048-t128,82,10000,2048,128,0,F4r,0.0,V2,cumulative,82,FAIL,1,0,0,1
s82-N10000-b2048-t128,82,10000,2048,128,0,F4r,0.0,V3,cumulative,82,FAIL,1,0,0,1
s82-N10000-b2048-t128,82,10000,2048,128,0,F4m,0.0,V0,cumulative,82,FAIL,0,0,0,1
s82-N10000-b2048-t128,82,10000,2048,128,100,F4m,0.0,V1,cumulative,82,FAIL,0,0,0,1
s82-N10000-b2048-t128,82,10000,2048,128,0,F4m,0.0,V2minus,cumulative,82,FAIL,0,0,0,1
s82-N10000-b2048-t128,82,10000,2048,128,0,F4m,0.0,V2,cumulative,82,FAIL,0,0,0,1
s82-N10000-b2048-t128,82,10000,2048,128,0,F4m,0.0,V3,cumulative,82,FAIL,0,0,0,1
s82-N10000-b2048-t128,82,10000,2048,128,0,F5,0.0,V0,cumulative,82,PASS,0,0,1,0
s82-N10000-b2048-t128,82,10000,2048,128,100,F5,0.0,V1,cumulative,82,PASS,0,0,1,0
s82-N10000-b2048-t128,82,10000,2048,128,0,F5,0.0,V2minus,cumulative,82,FAIL,1,0,0,1
s82-N10000-b2048-t128,82,10000,2048,128,0,F5,0.0,V2,cumulative,82,FAIL,1,0,0,1
s82-N10000-b2048-t128,82,10000,2048,128,0,F5,0.0,V3,cumulative,82,FAIL,1,0,0,1
s82-N10000-b2048-t128,82,10000,2048,128,0,F5,0.05,V0,cumulative,82,PASS,0,0,500,0
s82-N10000-b2048-t128,82,10000,2048,128,100,F5,0.05,V1,cumulative,82,PASS,0,0,500,0
s82-N10000-b2048-t128,82,10000,2048,128,0,F5,0.05,V2minus,cumulative,82,FAIL,500,0,0,1
s82-N10000-b2048-t128,82,10000,2048,128,0,F5,0.05,V2,cumulative,82,FAIL,500,0,0,1
s82-N10000-b2048-t128,82,10000,2048,128,0,F5,0.05,V3,cumulative,82,FAIL,500,0,0,1
s82-N10000-b2048-t128,82,10000,2048,128,0,F5b,0.0,V0,cumulative,82,PASS,0,0,1,0
s82-N10000-b2048-t128,82,10000,2048,128,100,F5b,0.0,V1,cumulative,82,PASS,0,0,1,0
s82-N10000-b2048-t128,82,10000,2048,128,0,F5b,0.0,V2minus,cumulative,82,FAIL,1,0,0,1
s82-N10000-b2048-t128,82,10000,2048,128,0,F5b,0.0,V2,cumulative,82,FAIL,1,0,0,1
s82-N10000-b2048-t128,82,10000,2048,128,0,F5b,0.0,V3,cumulative,82,FAIL,1,0,0,1
s82-N10000-b2048-t128,82,10000,2048,128,0,F5c,0.0,V0,cumulative,82,PASS,0,0,2,0
s82-N10000-b2048-t128,82,10000,2048,128,100,F5c,0.0,V1,cumulative,82,PASS,0,0,2,0
s82-N10000-b2048-t128,82,10000,2048,128,0,F5c,0.0,V2minus,cumulative,82,FAIL,2,0,0,1
s82-N10000-b2048-t128,82,10000,2048,128,0,F5c,0.0,V2,cumulative,82,FAIL,2,0,0,1
s82-N10000-b2048-t128,82,10000,2048,128,0,F5c,0.0,V3,cumulative,82,FAIL,2,0,0,1
s82-N10000-b2048-t128,82,10000,2048,128,0,F6,0.0,V0,cumulative,82,INCOMPLETE,0,0,0,1
s82-N10000-b2048-t128,82,10000,2048,128,100,F6,0.0,V1,cumulative,82,INCOMPLETE,0,0,0,1
s82-N10000-b2048-t128,82,10000,2048,128,0,F6,0.0,V2minus,cumulative,82,INCOMPLETE,0,0,0,1
s82-N10000-b2048-t128,82,10000,2048,128,0,F6,0.0,V2,cumulative,82,INCOMPLETE,0,0,0,1
s82-N10000-b2048-t128,82,10000,2048,128,0,F6,0.0,V3,cumulative,82,INCOMPLETE,0,0,0,1
s82-N10000-b2048-t128,82,10000,2048,128,0,F7,0.0,V2minus,cumulative,82,UNRUNNABLE,0,0,1,0
s82-N10000-b2048-t128,82,10000,2048,128,0,F7,0.0,V2,cumulative,82,FAIL,1,0,0,1
s83-N10000-b2048-t128,83,10000,2048,128,0,F0,0.0,V0,cumulative,83,PASS,0,0,0,0
s83-N10000-b2048-t128,83,10000,2048,128,100,F0,0.0,V1,cumulative,83,PASS,0,0,0,0
s83-N10000-b2048-t128,83,10000,2048,128,0,F0,0.0,V2minus,cumulative,83,PASS,0,0,0,0
s83-N10000-b2048-t128,83,10000,2048,128,0,F0,0.0,V2,cumulative,83,PASS,0,0,0,0
s83-N10000-b2048-t128,83,10000,2048,128,0,F0,0.0,V3,cumulative,83,PASS,0,0,0,0
s83-N10000-b2048-t128,83,10000,2048,128,0,F1a,0.0,V0,cumulative,83,FAIL,1,0,0,1
s83-N10000-b2048-t128,83,10000,2048,128,100,F1a,0.0,V1,cumulative,83,FAIL,1,0,0,1
s83-N10000-b2048-t128,83,10000,2048,128,0,F1a,0.0,V2minus,cumulative,83,FAIL,1,0,0,1
s83-N10000-b2048-t128,83,10000,2048,128,0,F1a,0.0,V2,cumulative,83,FAIL,1,0,0,1
s83-N10000-b2048-t128,83,10000,2048,128,0,F1a,0.0,V3,cumulative,83,FAIL,1,0,0,1
s83-N10000-b2048-t128,83,10000,2048,128,0,F1b,0.0,V0,cumulative,83,FAIL,1,0,0,1
s83-N10000-b2048-t128,83,10000,2048,128,100,F1b,0.0,V1,cumulative,83,FAIL,1,0,0,1
s83-N10000-b2048-t128,83,10000,2048,128,0,F1b,0.0,V2minus,cumulative,83,FAIL,1,0,0,1
s83-N10000-b2048-t128,83,10000,2048,128,0,F1b,0.0,V2,cumulative,83,FAIL,1,0,0,1
s83-N10000-b2048-t128,83,10000,2048,128,0,F1b,0.0,V3,cumulative,83,FAIL,1,0,0,1
s83-N10000-b2048-t128,83,10000,2048,128,0,F2,0.0,V0,cumulative,83,FAIL,1,0,0,1
s83-N10000-b2048-t128,83,10000,2048,128,100,F2,0.0,V1,cumulative,83,FAIL,1,0,0,1
s83-N10000-b2048-t128,83,10000,2048,128,0,F2,0.0,V2minus,cumulative,83,FAIL,1,0,0,1
s83-N10000-b2048-t128,83,10000,2048,128,0,F2,0.0,V2,cumulative,83,FAIL,1,0,0,1
s83-N10000-b2048-t128,83,10000,2048,128,0,F2,0.0,V3,cumulative,83,FAIL,1,0,0,1
s83-N10000-b2048-t128,83,10000,2048,128,0,F3,0.0,V0,cumulative,83,FAIL,1,0,0,1
s83-N10000-b2048-t128,83,10000,2048,128,100,F3,0.0,V1,cumulative,83,FAIL,1,0,0,1
s83-N10000-b2048-t128,83,10000,2048,128,0,F3,0.0,V2minus,cumulative,83,FAIL,1,0,0,1
s83-N10000-b2048-t128,83,10000,2048,128,0,F3,0.0,V2,cumulative,83,FAIL,1,0,0,1
s83-N10000-b2048-t128,83,10000,2048,128,0,F3,0.0,V3,cumulative,83,FAIL,1,0,0,1
s83-N10000-b2048-t128,83,10000,2048,128,0,F4r,0.0,V0,cumulative,83,FAIL,1,0,0,1
s83-N10000-b2048-t128,83,10000,2048,128,100,F4r,0.0,V1,cumulative,83,FAIL,1,0,0,1
s83-N10000-b2048-t128,83,10000,2048,128,0,F4r,0.0,V2minus,cumulative,83,FAIL,1,0,0,1
s83-N10000-b2048-t128,83,10000,2048,128,0,F4r,0.0,V2,cumulative,83,FAIL,1,0,0,1
s83-N10000-b2048-t128,83,10000,2048,128,0,F4r,0.0,V3,cumulative,83,FAIL,1,0,0,1
s83-N10000-b2048-t128,83,10000,2048,128,0,F4m,0.0,V0,cumulative,83,FAIL,0,0,0,1
s83-N10000-b2048-t128,83,10000,2048,128,100,F4m,0.0,V1,cumulative,83,FAIL,0,0,0,1
s83-N10000-b2048-t128,83,10000,2048,128,0,F4m,0.0,V2minus,cumulative,83,FAIL,0,0,0,1
s83-N10000-b2048-t128,83,10000,2048,128,0,F4m,0.0,V2,cumulative,83,FAIL,0,0,0,1
s83-N10000-b2048-t128,83,10000,2048,128,0,F4m,0.0,V3,cumulative,83,FAIL,0,0,0,1
s83-N10000-b2048-t128,83,10000,2048,128,0,F5,0.0,V0,cumulative,83,PASS,0,0,1,0
s83-N10000-b2048-t128,83,10000,2048,128,100,F5,0.0,V1,cumulative,83,PASS,0,0,1,0
s83-N10000-b2048-t128,83,10000,2048,128,0,F5,0.0,V2minus,cumulative,83,FAIL,1,0,0,1
s83-N10000-b2048-t128,83,10000,2048,128,0,F5,0.0,V2,cumulative,83,FAIL,1,0,0,1
s83-N10000-b2048-t128,83,10000,2048,128,0,F5,0.0,V3,cumulative,83,FAIL,1,0,0,1
s83-N10000-b2048-t128,83,10000,2048,128,0,F5,0.05,V0,cumulative,83,PASS,0,0,500,0
s83-N10000-b2048-t128,83,10000,2048,128,100,F5,0.05,V1,cumulative,83,PASS,0,0,500,0
s83-N10000-b2048-t128,83,10000,2048,128,0,F5,0.05,V2minus,cumulative,83,FAIL,500,0,0,1
s83-N10000-b2048-t128,83,10000,2048,128,0,F5,0.05,V2,cumulative,83,FAIL,500,0,0,1
s83-N10000-b2048-t128,83,10000,2048,128,0,F5,0.05,V3,cumulative,83,FAIL,500,0,0,1
s83-N10000-b2048-t128,83,10000,2048,128,0,F5b,0.0,V0,cumulative,83,PASS,0,0,1,0
s83-N10000-b2048-t128,83,10000,2048,128,100,F5b,0.0,V1,cumulative,83,PASS,0,0,1,0
s83-N10000-b2048-t128,83,10000,2048,128,0,F5b,0.0,V2minus,cumulative,83,FAIL,1,0,0,1
s83-N10000-b2048-t128,83,10000,2048,128,0,F5b,0.0,V2,cumulative,83,FAIL,1,0,0,1
s83-N10000-b2048-t128,83,10000,2048,128,0,F5b,0.0,V3,cumulative,83,FAIL,1,0,0,1
s83-N10000-b2048-t128,83,10000,2048,128,0,F5c,0.0,V0,cumulative,83,PASS,0,0,2,0
s83-N10000-b2048-t128,83,10000,2048,128,100,F5c,0.0,V1,cumulative,83,PASS,0,0,2,0
s83-N10000-b2048-t128,83,10000,2048,128,0,F5c,0.0,V2minus,cumulative,83,FAIL,2,0,0,1
s83-N10000-b2048-t128,83,10000,2048,128,0,F5c,0.0,V2,cumulative,83,FAIL,2,0,0,1
s83-N10000-b2048-t128,83,10000,2048,128,0,F5c,0.0,V3,cumulative,83,FAIL,2,0,0,1
s83-N10000-b2048-t128,83,10000,2048,128,0,F6,0.0,V0,cumulative,83,INCOMPLETE,0,0,0,1
s83-N10000-b2048-t128,83,10000,2048,128,100,F6,0.0,V1,cumulative,83,INCOMPLETE,0,0,0,1
s83-N10000-b2048-t128,83,10000,2048,128,0,F6,0.0,V2minus,cumulative,83,INCOMPLETE,0,0,0,1
s83-N10000-b2048-t128,83,10000,2048,128,0,F6,0.0,V2,cumulative,83,INCOMPLETE,0,0,0,1
s83-N10000-b2048-t128,83,10000,2048,128,0,F6,0.0,V3,cumulative,83,INCOMPLETE,0,0,0,1
s83-N10000-b2048-t128,83,10000,2048,128,0,F7,0.0,V2minus,cumulative,83,UNRUNNABLE,0,0,1,0
s83-N10000-b2048-t128,83,10000,2048,128,0,F7,0.0,V2,cumulative,83,FAIL,1,0,0,1
s84-N10000-b2048-t128,84,10000,2048,128,0,F0,0.0,V0,cumulative,84,PASS,0,0,0,0
s84-N10000-b2048-t128,84,10000,2048,128,100,F0,0.0,V1,cumulative,84,PASS,0,0,0,0
s84-N10000-b2048-t128,84,10000,2048,128,0,F0,0.0,V2minus,cumulative,84,PASS,0,0,0,0
s84-N10000-b2048-t128,84,10000,2048,128,0,F0,0.0,V2,cumulative,84,PASS,0,0,0,0
s84-N10000-b2048-t128,84,10000,2048,128,0,F0,0.0,V3,cumulative,84,PASS,0,0,0,0
s84-N10000-b2048-t128,84,10000,2048,128,0,F1a,0.0,V0,cumulative,84,FAIL,1,0,0,1
s84-N10000-b2048-t128,84,10000,2048,128,100,F1a,0.0,V1,cumulative,84,FAIL,1,0,0,1
s84-N10000-b2048-t128,84,10000,2048,128,0,F1a,0.0,V2minus,cumulative,84,FAIL,1,0,0,1
s84-N10000-b2048-t128,84,10000,2048,128,0,F1a,0.0,V2,cumulative,84,FAIL,1,0,0,1
s84-N10000-b2048-t128,84,10000,2048,128,0,F1a,0.0,V3,cumulative,84,FAIL,1,0,0,1
s84-N10000-b2048-t128,84,10000,2048,128,0,F1b,0.0,V0,cumulative,84,FAIL,1,0,0,1
s84-N10000-b2048-t128,84,10000,2048,128,100,F1b,0.0,V1,cumulative,84,FAIL,1,0,0,1
s84-N10000-b2048-t128,84,10000,2048,128,0,F1b,0.0,V2minus,cumulative,84,FAIL,1,0,0,1
s84-N10000-b2048-t128,84,10000,2048,128,0,F1b,0.0,V2,cumulative,84,FAIL,1,0,0,1
s84-N10000-b2048-t128,84,10000,2048,128,0,F1b,0.0,V3,cumulative,84,FAIL,1,0,0,1
s84-N10000-b2048-t128,84,10000,2048,128,0,F2,0.0,V0,cumulative,84,FAIL,1,0,0,1
s84-N10000-b2048-t128,84,10000,2048,128,100,F2,0.0,V1,cumulative,84,FAIL,1,0,0,1
s84-N10000-b2048-t128,84,10000,2048,128,0,F2,0.0,V2minus,cumulative,84,FAIL,1,0,0,1
s84-N10000-b2048-t128,84,10000,2048,128,0,F2,0.0,V2,cumulative,84,FAIL,1,0,0,1
s84-N10000-b2048-t128,84,10000,2048,128,0,F2,0.0,V3,cumulative,84,FAIL,1,0,0,1
s84-N10000-b2048-t128,84,10000,2048,128,0,F3,0.0,V0,cumulative,84,FAIL,1,0,0,1
s84-N10000-b2048-t128,84,10000,2048,128,100,F3,0.0,V1,cumulative,84,FAIL,1,0,0,1
s84-N10000-b2048-t128,84,10000,2048,128,0,F3,0.0,V2minus,cumulative,84,FAIL,1,0,0,1
s84-N10000-b2048-t128,84,10000,2048,128,0,F3,0.0,V2,cumulative,84,FAIL,1,0,0,1
s84-N10000-b2048-t128,84,10000,2048,128,0,F3,0.0,V3,cumulative,84,FAIL,1,0,0,1
s84-N10000-b2048-t128,84,10000,2048,128,0,F4r,0.0,V0,cumulative,84,FAIL,1,0,0,1
s84-N10000-b2048-t128,84,10000,2048,128,100,F4r,0.0,V1,cumulative,84,FAIL,1,0,0,1
s84-N10000-b2048-t128,84,10000,2048,128,0,F4r,0.0,V2minus,cumulative,84,FAIL,1,0,0,1
s84-N10000-b2048-t128,84,10000,2048,128,0,F4r,0.0,V2,cumulative,84,FAIL,1,0,0,1
s84-N10000-b2048-t128,84,10000,2048,128,0,F4r,0.0,V3,cumulative,84,FAIL,1,0,0,1
s84-N10000-b2048-t128,84,10000,2048,128,0,F4m,0.0,V0,cumulative,84,FAIL,0,0,0,1
s84-N10000-b2048-t128,84,10000,2048,128,100,F4m,0.0,V1,cumulative,84,FAIL,0,0,0,1
s84-N10000-b2048-t128,84,10000,2048,128,0,F4m,0.0,V2minus,cumulative,84,FAIL,0,0,0,1
s84-N10000-b2048-t128,84,10000,2048,128,0,F4m,0.0,V2,cumulative,84,FAIL,0,0,0,1
s84-N10000-b2048-t128,84,10000,2048,128,0,F4m,0.0,V3,cumulative,84,FAIL,0,0,0,1
s84-N10000-b2048-t128,84,10000,2048,128,0,F5,0.0,V0,cumulative,84,PASS,0,0,1,0
s84-N10000-b2048-t128,84,10000,2048,128,100,F5,0.0,V1,cumulative,84,PASS,0,0,1,0
s84-N10000-b2048-t128,84,10000,2048,128,0,F5,0.0,V2minus,cumulative,84,FAIL,1,0,0,1
s84-N10000-b2048-t128,84,10000,2048,128,0,F5,0.0,V2,cumulative,84,FAIL,1,0,0,1
s84-N10000-b2048-t128,84,10000,2048,128,0,F5,0.0,V3,cumulative,84,FAIL,1,0,0,1
s84-N10000-b2048-t128,84,10000,2048,128,0,F5,0.05,V0,cumulative,84,PASS,0,0,500,0
s84-N10000-b2048-t128,84,10000,2048,128,100,F5,0.05,V1,cumulative,84,PASS,0,0,500,0
s84-N10000-b2048-t128,84,10000,2048,128,0,F5,0.05,V2minus,cumulative,84,FAIL,500,0,0,1
s84-N10000-b2048-t128,84,10000,2048,128,0,F5,0.05,V2,cumulative,84,FAIL,500,0,0,1
s84-N10000-b2048-t128,84,10000,2048,128,0,F5,0.05,V3,cumulative,84,FAIL,500,0,0,1
s84-N10000-b2048-t128,84,10000,2048,128,0,F5b,0.0,V0,cumulative,84,PASS,0,0,1,0
s84-N10000-b2048-t128,84,10000,2048,128,100,F5b,0.0,V1,cumulative,84,PASS,0,0,1,0
s84-N10000-b2048-t128,84,10000,2048,128,0,F5b,0.0,V2minus,cumulative,84,FAIL,1,0,0,1
s84-N10000-b2048-t128,84,10000,2048,128,0,F5b,0.0,V2,cumulative,84,FAIL,1,0,0,1
s84-N10000-b2048-t128,84,10000,2048,128,0,F5b,0.0,V3,cumulative,84,FAIL,1,0,0,1
s84-N10000-b2048-t128,84,10000,2048,128,0,F5c,0.0,V0,cumulative,84,PASS,0,0,2,0
s84-N10000-b2048-t128,84,10000,2048,128,100,F5c,0.0,V1,cumulative,84,PASS,0,0,2,0
s84-N10000-b2048-t128,84,10000,2048,128,0,F5c,0.0,V2minus,cumulative,84,FAIL,2,0,0,1
s84-N10000-b2048-t128,84,10000,2048,128,0,F5c,0.0,V2,cumulative,84,FAIL,2,0,0,1
s84-N10000-b2048-t128,84,10000,2048,128,0,F5c,0.0,V3,cumulative,84,FAIL,2,0,0,1
s84-N10000-b2048-t128,84,10000,2048,128,0,F6,0.0,V0,cumulative,84,INCOMPLETE,0,0,0,1
s84-N10000-b2048-t128,84,10000,2048,128,100,F6,0.0,V1,cumulative,84,INCOMPLETE,0,0,0,1
s84-N10000-b2048-t128,84,10000,2048,128,0,F6,0.0,V2minus,cumulative,84,INCOMPLETE,0,0,0,1
s84-N10000-b2048-t128,84,10000,2048,128,0,F6,0.0,V2,cumulative,84,INCOMPLETE,0,0,0,1
s84-N10000-b2048-t128,84,10000,2048,128,0,F6,0.0,V3,cumulative,84,INCOMPLETE,0,0,0,1
s84-N10000-b2048-t128,84,10000,2048,128,0,F7,0.0,V2minus,cumulative,84,UNRUNNABLE,0,0,1,0
s84-N10000-b2048-t128,84,10000,2048,128,0,F7,0.0,V2,cumulative,84,FAIL,1,0,0,1
s85-N10000-b2048-t128,85,10000,2048,128,0,F0,0.0,V0,cumulative,85,PASS,0,0,0,0
s85-N10000-b2048-t128,85,10000,2048,128,100,F0,0.0,V1,cumulative,85,PASS,0,0,0,0
s85-N10000-b2048-t128,85,10000,2048,128,0,F0,0.0,V2minus,cumulative,85,PASS,0,0,0,0
s85-N10000-b2048-t128,85,10000,2048,128,0,F0,0.0,V2,cumulative,85,PASS,0,0,0,0
s85-N10000-b2048-t128,85,10000,2048,128,0,F0,0.0,V3,cumulative,85,PASS,0,0,0,0
s85-N10000-b2048-t128,85,10000,2048,128,0,F1a,0.0,V0,cumulative,85,FAIL,1,0,0,1
s85-N10000-b2048-t128,85,10000,2048,128,100,F1a,0.0,V1,cumulative,85,FAIL,1,0,0,1
s85-N10000-b2048-t128,85,10000,2048,128,0,F1a,0.0,V2minus,cumulative,85,FAIL,1,0,0,1
s85-N10000-b2048-t128,85,10000,2048,128,0,F1a,0.0,V2,cumulative,85,FAIL,1,0,0,1
s85-N10000-b2048-t128,85,10000,2048,128,0,F1a,0.0,V3,cumulative,85,FAIL,1,0,0,1
s85-N10000-b2048-t128,85,10000,2048,128,0,F1b,0.0,V0,cumulative,85,FAIL,1,0,0,1
s85-N10000-b2048-t128,85,10000,2048,128,100,F1b,0.0,V1,cumulative,85,FAIL,1,0,0,1
s85-N10000-b2048-t128,85,10000,2048,128,0,F1b,0.0,V2minus,cumulative,85,FAIL,1,0,0,1
s85-N10000-b2048-t128,85,10000,2048,128,0,F1b,0.0,V2,cumulative,85,FAIL,1,0,0,1
s85-N10000-b2048-t128,85,10000,2048,128,0,F1b,0.0,V3,cumulative,85,FAIL,1,0,0,1
s85-N10000-b2048-t128,85,10000,2048,128,0,F2,0.0,V0,cumulative,85,FAIL,1,0,0,1
s85-N10000-b2048-t128,85,10000,2048,128,100,F2,0.0,V1,cumulative,85,FAIL,1,0,0,1
s85-N10000-b2048-t128,85,10000,2048,128,0,F2,0.0,V2minus,cumulative,85,FAIL,1,0,0,1
s85-N10000-b2048-t128,85,10000,2048,128,0,F2,0.0,V2,cumulative,85,FAIL,1,0,0,1
s85-N10000-b2048-t128,85,10000,2048,128,0,F2,0.0,V3,cumulative,85,FAIL,1,0,0,1
s85-N10000-b2048-t128,85,10000,2048,128,0,F3,0.0,V0,cumulative,85,FAIL,1,0,0,1
s85-N10000-b2048-t128,85,10000,2048,128,100,F3,0.0,V1,cumulative,85,FAIL,1,0,0,1
s85-N10000-b2048-t128,85,10000,2048,128,0,F3,0.0,V2minus,cumulative,85,FAIL,1,0,0,1
s85-N10000-b2048-t128,85,10000,2048,128,0,F3,0.0,V2,cumulative,85,FAIL,1,0,0,1
s85-N10000-b2048-t128,85,10000,2048,128,0,F3,0.0,V3,cumulative,85,FAIL,1,0,0,1
s85-N10000-b2048-t128,85,10000,2048,128,0,F4r,0.0,V0,cumulative,85,FAIL,1,0,0,1
s85-N10000-b2048-t128,85,10000,2048,128,100,F4r,0.0,V1,cumulative,85,FAIL,1,0,0,1
s85-N10000-b2048-t128,85,10000,2048,128,0,F4r,0.0,V2minus,cumulative,85,FAIL,1,0,0,1
s85-N10000-b2048-t128,85,10000,2048,128,0,F4r,0.0,V2,cumulative,85,FAIL,1,0,0,1
s85-N10000-b2048-t128,85,10000,2048,128,0,F4r,0.0,V3,cumulative,85,FAIL,1,0,0,1
s85-N10000-b2048-t128,85,10000,2048,128,0,F4m,0.0,V0,cumulative,85,FAIL,0,0,0,1
s85-N10000-b2048-t128,85,10000,2048,128,100,F4m,0.0,V1,cumulative,85,FAIL,0,0,0,1
s85-N10000-b2048-t128,85,10000,2048,128,0,F4m,0.0,V2minus,cumulative,85,FAIL,0,0,0,1
s85-N10000-b2048-t128,85,10000,2048,128,0,F4m,0.0,V2,cumulative,85,FAIL,0,0,0,1
s85-N10000-b2048-t128,85,10000,2048,128,0,F4m,0.0,V3,cumulative,85,FAIL,0,0,0,1
s85-N10000-b2048-t128,85,10000,2048,128,0,F5,0.0,V0,cumulative,85,PASS,0,0,1,0
s85-N10000-b2048-t128,85,10000,2048,128,100,F5,0.0,V1,cumulative,85,PASS,0,0,1,0
s85-N10000-b2048-t128,85,10000,2048,128,0,F5,0.0,V2minus,cumulative,85,FAIL,1,0,0,1
s85-N10000-b2048-t128,85,10000,2048,128,0,F5,0.0,V2,cumulative,85,FAIL,1,0,0,1
s85-N10000-b2048-t128,85,10000,2048,128,0,F5,0.0,V3,cumulative,85,FAIL,1,0,0,1
s85-N10000-b2048-t128,85,10000,2048,128,0,F5,0.05,V0,cumulative,85,PASS,0,0,500,0
s85-N10000-b2048-t128,85,10000,2048,128,100,F5,0.05,V1,cumulative,85,PASS,0,0,500,0
s85-N10000-b2048-t128,85,10000,2048,128,0,F5,0.05,V2minus,cumulative,85,FAIL,500,0,0,1
s85-N10000-b2048-t128,85,10000,2048,128,0,F5,0.05,V2,cumulative,85,FAIL,500,0,0,1
s85-N10000-b2048-t128,85,10000,2048,128,0,F5,0.05,V3,cumulative,85,FAIL,500,0,0,1
s85-N10000-b2048-t128,85,10000,2048,128,0,F5b,0.0,V0,cumulative,85,PASS,0,0,1,0
s85-N10000-b2048-t128,85,10000,2048,128,100,F5b,0.0,V1,cumulative,85,PASS,0,0,1,0
s85-N10000-b2048-t128,85,10000,2048,128,0,F5b,0.0,V2minus,cumulative,85,FAIL,1,0,0,1
s85-N10000-b2048-t128,85,10000,2048,128,0,F5b,0.0,V2,cumulative,85,FAIL,1,0,0,1
s85-N10000-b2048-t128,85,10000,2048,128,0,F5b,0.0,V3,cumulative,85,FAIL,1,0,0,1
s85-N10000-b2048-t128,85,10000,2048,128,0,F5c,0.0,V0,cumulative,85,PASS,0,0,2,0
s85-N10000-b2048-t128,85,10000,2048,128,100,F5c,0.0,V1,cumulative,85,PASS,0,0,2,0
s85-N10000-b2048-t128,85,10000,2048,128,0,F5c,0.0,V2minus,cumulative,85,FAIL,2,0,0,1
s85-N10000-b2048-t128,85,10000,2048,128,0,F5c,0.0,V2,cumulative,85,FAIL,2,0,0,1
s85-N10000-b2048-t128,85,10000,2048,128,0,F5c,0.0,V3,cumulative,85,FAIL,2,0,0,1
s85-N10000-b2048-t128,85,10000,2048,128,0,F6,0.0,V0,cumulative,85,INCOMPLETE,0,0,0,1
s85-N10000-b2048-t128,85,10000,2048,128,100,F6,0.0,V1,cumulative,85,INCOMPLETE,0,0,0,1
s85-N10000-b2048-t128,85,10000,2048,128,0,F6,0.0,V2minus,cumulative,85,INCOMPLETE,0,0,0,1
s85-N10000-b2048-t128,85,10000,2048,128,0,F6,0.0,V2,cumulative,85,INCOMPLETE,0,0,0,1
s85-N10000-b2048-t128,85,10000,2048,128,0,F6,0.0,V3,cumulative,85,INCOMPLETE,0,0,0,1
s85-N10000-b2048-t128,85,10000,2048,128,0,F7,0.0,V2minus,cumulative,85,UNRUNNABLE,0,0,1,0
s85-N10000-b2048-t128,85,10000,2048,128,0,F7,0.0,V2,cumulative,85,FAIL,1,0,0,1
s86-N10000-b2048-t128,86,10000,2048,128,0,F0,0.0,V0,cumulative,86,PASS,0,0,0,0
s86-N10000-b2048-t128,86,10000,2048,128,100,F0,0.0,V1,cumulative,86,PASS,0,0,0,0
s86-N10000-b2048-t128,86,10000,2048,128,0,F0,0.0,V2minus,cumulative,86,PASS,0,0,0,0
s86-N10000-b2048-t128,86,10000,2048,128,0,F0,0.0,V2,cumulative,86,PASS,0,0,0,0
s86-N10000-b2048-t128,86,10000,2048,128,0,F0,0.0,V3,cumulative,86,PASS,0,0,0,0
s86-N10000-b2048-t128,86,10000,2048,128,0,F1a,0.0,V0,cumulative,86,FAIL,1,0,0,1
s86-N10000-b2048-t128,86,10000,2048,128,100,F1a,0.0,V1,cumulative,86,FAIL,1,0,0,1
s86-N10000-b2048-t128,86,10000,2048,128,0,F1a,0.0,V2minus,cumulative,86,FAIL,1,0,0,1
s86-N10000-b2048-t128,86,10000,2048,128,0,F1a,0.0,V2,cumulative,86,FAIL,1,0,0,1
s86-N10000-b2048-t128,86,10000,2048,128,0,F1a,0.0,V3,cumulative,86,FAIL,1,0,0,1
s86-N10000-b2048-t128,86,10000,2048,128,0,F1b,0.0,V0,cumulative,86,FAIL,1,0,0,1
s86-N10000-b2048-t128,86,10000,2048,128,100,F1b,0.0,V1,cumulative,86,FAIL,1,0,0,1
s86-N10000-b2048-t128,86,10000,2048,128,0,F1b,0.0,V2minus,cumulative,86,FAIL,1,0,0,1
s86-N10000-b2048-t128,86,10000,2048,128,0,F1b,0.0,V2,cumulative,86,FAIL,1,0,0,1
s86-N10000-b2048-t128,86,10000,2048,128,0,F1b,0.0,V3,cumulative,86,FAIL,1,0,0,1
s86-N10000-b2048-t128,86,10000,2048,128,0,F2,0.0,V0,cumulative,86,FAIL,1,0,0,1
s86-N10000-b2048-t128,86,10000,2048,128,100,F2,0.0,V1,cumulative,86,FAIL,1,0,0,1
s86-N10000-b2048-t128,86,10000,2048,128,0,F2,0.0,V2minus,cumulative,86,FAIL,1,0,0,1
s86-N10000-b2048-t128,86,10000,2048,128,0,F2,0.0,V2,cumulative,86,FAIL,1,0,0,1
s86-N10000-b2048-t128,86,10000,2048,128,0,F2,0.0,V3,cumulative,86,FAIL,1,0,0,1
s86-N10000-b2048-t128,86,10000,2048,128,0,F3,0.0,V0,cumulative,86,FAIL,1,0,0,1
s86-N10000-b2048-t128,86,10000,2048,128,100,F3,0.0,V1,cumulative,86,FAIL,1,0,0,1
s86-N10000-b2048-t128,86,10000,2048,128,0,F3,0.0,V2minus,cumulative,86,FAIL,1,0,0,1
s86-N10000-b2048-t128,86,10000,2048,128,0,F3,0.0,V2,cumulative,86,FAIL,1,0,0,1
s86-N10000-b2048-t128,86,10000,2048,128,0,F3,0.0,V3,cumulative,86,FAIL,1,0,0,1
s86-N10000-b2048-t128,86,10000,2048,128,0,F4r,0.0,V0,cumulative,86,FAIL,1,0,0,1
s86-N10000-b2048-t128,86,10000,2048,128,100,F4r,0.0,V1,cumulative,86,FAIL,1,0,0,1
s86-N10000-b2048-t128,86,10000,2048,128,0,F4r,0.0,V2minus,cumulative,86,FAIL,1,0,0,1
s86-N10000-b2048-t128,86,10000,2048,128,0,F4r,0.0,V2,cumulative,86,FAIL,1,0,0,1
s86-N10000-b2048-t128,86,10000,2048,128,0,F4r,0.0,V3,cumulative,86,FAIL,1,0,0,1
s86-N10000-b2048-t128,86,10000,2048,128,0,F4m,0.0,V0,cumulative,86,FAIL,0,0,0,1
s86-N10000-b2048-t128,86,10000,2048,128,100,F4m,0.0,V1,cumulative,86,FAIL,0,0,0,1
s86-N10000-b2048-t128,86,10000,2048,128,0,F4m,0.0,V2minus,cumulative,86,FAIL,0,0,0,1
s86-N10000-b2048-t128,86,10000,2048,128,0,F4m,0.0,V2,cumulative,86,FAIL,0,0,0,1
s86-N10000-b2048-t128,86,10000,2048,128,0,F4m,0.0,V3,cumulative,86,FAIL,0,0,0,1
s86-N10000-b2048-t128,86,10000,2048,128,0,F5,0.0,V0,cumulative,86,PASS,0,0,1,0
s86-N10000-b2048-t128,86,10000,2048,128,100,F5,0.0,V1,cumulative,86,PASS,0,0,1,0
s86-N10000-b2048-t128,86,10000,2048,128,0,F5,0.0,V2minus,cumulative,86,FAIL,1,0,0,1
s86-N10000-b2048-t128,86,10000,2048,128,0,F5,0.0,V2,cumulative,86,FAIL,1,0,0,1
s86-N10000-b2048-t128,86,10000,2048,128,0,F5,0.0,V3,cumulative,86,FAIL,1,0,0,1
s86-N10000-b2048-t128,86,10000,2048,128,0,F5,0.05,V0,cumulative,86,PASS,0,0,500,0
s86-N10000-b2048-t128,86,10000,2048,128,100,F5,0.05,V1,cumulative,86,PASS,0,0,500,0
s86-N10000-b2048-t128,86,10000,2048,128,0,F5,0.05,V2minus,cumulative,86,FAIL,500,0,0,1
s86-N10000-b2048-t128,86,10000,2048,128,0,F5,0.05,V2,cumulative,86,FAIL,500,0,0,1
s86-N10000-b2048-t128,86,10000,2048,128,0,F5,0.05,V3,cumulative,86,FAIL,500,0,0,1
s86-N10000-b2048-t128,86,10000,2048,128,0,F5b,0.0,V0,cumulative,86,PASS,0,0,1,0
s86-N10000-b2048-t128,86,10000,2048,128,100,F5b,0.0,V1,cumulative,86,PASS,0,0,1,0
s86-N10000-b2048-t128,86,10000,2048,128,0,F5b,0.0,V2minus,cumulative,86,FAIL,1,0,0,1
s86-N10000-b2048-t128,86,10000,2048,128,0,F5b,0.0,V2,cumulative,86,FAIL,1,0,0,1
s86-N10000-b2048-t128,86,10000,2048,128,0,F5b,0.0,V3,cumulative,86,FAIL,1,0,0,1
s86-N10000-b2048-t128,86,10000,2048,128,0,F5c,0.0,V0,cumulative,86,PASS,0,0,2,0
s86-N10000-b2048-t128,86,10000,2048,128,100,F5c,0.0,V1,cumulative,86,PASS,0,0,2,0
s86-N10000-b2048-t128,86,10000,2048,128,0,F5c,0.0,V2minus,cumulative,86,FAIL,2,0,0,1
s86-N10000-b2048-t128,86,10000,2048,128,0,F5c,0.0,V2,cumulative,86,FAIL,2,0,0,1
s86-N10000-b2048-t128,86,10000,2048,128,0,F5c,0.0,V3,cumulative,86,FAIL,2,0,0,1
s86-N10000-b2048-t128,86,10000,2048,128,0,F6,0.0,V0,cumulative,86,INCOMPLETE,0,0,0,1
s86-N10000-b2048-t128,86,10000,2048,128,100,F6,0.0,V1,cumulative,86,INCOMPLETE,0,0,0,1
s86-N10000-b2048-t128,86,10000,2048,128,0,F6,0.0,V2minus,cumulative,86,INCOMPLETE,0,0,0,1
s86-N10000-b2048-t128,86,10000,2048,128,0,F6,0.0,V2,cumulative,86,INCOMPLETE,0,0,0,1
s86-N10000-b2048-t128,86,10000,2048,128,0,F6,0.0,V3,cumulative,86,INCOMPLETE,0,0,0,1
s86-N10000-b2048-t128,86,10000,2048,128,0,F7,0.0,V2minus,cumulative,86,UNRUNNABLE,0,0,1,0
s86-N10000-b2048-t128,86,10000,2048,128,0,F7,0.0,V2,cumulative,86,FAIL,1,0,0,1
s87-N10000-b2048-t128,87,10000,2048,128,0,F0,0.0,V0,cumulative,87,PASS,0,0,0,0
s87-N10000-b2048-t128,87,10000,2048,128,100,F0,0.0,V1,cumulative,87,PASS,0,0,0,0
s87-N10000-b2048-t128,87,10000,2048,128,0,F0,0.0,V2minus,cumulative,87,PASS,0,0,0,0
s87-N10000-b2048-t128,87,10000,2048,128,0,F0,0.0,V2,cumulative,87,PASS,0,0,0,0
s87-N10000-b2048-t128,87,10000,2048,128,0,F0,0.0,V3,cumulative,87,PASS,0,0,0,0
s87-N10000-b2048-t128,87,10000,2048,128,0,F1a,0.0,V0,cumulative,87,FAIL,1,0,0,1
s87-N10000-b2048-t128,87,10000,2048,128,100,F1a,0.0,V1,cumulative,87,FAIL,1,0,0,1
s87-N10000-b2048-t128,87,10000,2048,128,0,F1a,0.0,V2minus,cumulative,87,FAIL,1,0,0,1
s87-N10000-b2048-t128,87,10000,2048,128,0,F1a,0.0,V2,cumulative,87,FAIL,1,0,0,1
s87-N10000-b2048-t128,87,10000,2048,128,0,F1a,0.0,V3,cumulative,87,FAIL,1,0,0,1
s87-N10000-b2048-t128,87,10000,2048,128,0,F1b,0.0,V0,cumulative,87,FAIL,1,0,0,1
s87-N10000-b2048-t128,87,10000,2048,128,100,F1b,0.0,V1,cumulative,87,FAIL,1,0,0,1
s87-N10000-b2048-t128,87,10000,2048,128,0,F1b,0.0,V2minus,cumulative,87,FAIL,1,0,0,1
s87-N10000-b2048-t128,87,10000,2048,128,0,F1b,0.0,V2,cumulative,87,FAIL,1,0,0,1
s87-N10000-b2048-t128,87,10000,2048,128,0,F1b,0.0,V3,cumulative,87,FAIL,1,0,0,1
s87-N10000-b2048-t128,87,10000,2048,128,0,F2,0.0,V0,cumulative,87,FAIL,1,0,0,1
s87-N10000-b2048-t128,87,10000,2048,128,100,F2,0.0,V1,cumulative,87,FAIL,1,0,0,1
s87-N10000-b2048-t128,87,10000,2048,128,0,F2,0.0,V2minus,cumulative,87,FAIL,1,0,0,1
s87-N10000-b2048-t128,87,10000,2048,128,0,F2,0.0,V2,cumulative,87,FAIL,1,0,0,1
s87-N10000-b2048-t128,87,10000,2048,128,0,F2,0.0,V3,cumulative,87,FAIL,1,0,0,1
s87-N10000-b2048-t128,87,10000,2048,128,0,F3,0.0,V0,cumulative,87,FAIL,1,0,0,1
s87-N10000-b2048-t128,87,10000,2048,128,100,F3,0.0,V1,cumulative,87,FAIL,1,0,0,1
s87-N10000-b2048-t128,87,10000,2048,128,0,F3,0.0,V2minus,cumulative,87,FAIL,1,0,0,1
s87-N10000-b2048-t128,87,10000,2048,128,0,F3,0.0,V2,cumulative,87,FAIL,1,0,0,1
s87-N10000-b2048-t128,87,10000,2048,128,0,F3,0.0,V3,cumulative,87,FAIL,1,0,0,1
s87-N10000-b2048-t128,87,10000,2048,128,0,F4r,0.0,V0,cumulative,87,FAIL,1,0,0,1
s87-N10000-b2048-t128,87,10000,2048,128,100,F4r,0.0,V1,cumulative,87,FAIL,1,0,0,1
s87-N10000-b2048-t128,87,10000,2048,128,0,F4r,0.0,V2minus,cumulative,87,FAIL,1,0,0,1
s87-N10000-b2048-t128,87,10000,2048,128,0,F4r,0.0,V2,cumulative,87,FAIL,1,0,0,1
s87-N10000-b2048-t128,87,10000,2048,128,0,F4r,0.0,V3,cumulative,87,FAIL,1,0,0,1
s87-N10000-b2048-t128,87,10000,2048,128,0,F4m,0.0,V0,cumulative,87,FAIL,0,0,0,1
s87-N10000-b2048-t128,87,10000,2048,128,100,F4m,0.0,V1,cumulative,87,FAIL,0,0,0,1
s87-N10000-b2048-t128,87,10000,2048,128,0,F4m,0.0,V2minus,cumulative,87,FAIL,0,0,0,1
s87-N10000-b2048-t128,87,10000,2048,128,0,F4m,0.0,V2,cumulative,87,FAIL,0,0,0,1
s87-N10000-b2048-t128,87,10000,2048,128,0,F4m,0.0,V3,cumulative,87,FAIL,0,0,0,1
s87-N10000-b2048-t128,87,10000,2048,128,0,F5,0.0,V0,cumulative,87,PASS,0,0,1,0
s87-N10000-b2048-t128,87,10000,2048,128,100,F5,0.0,V1,cumulative,87,PASS,0,0,1,0
s87-N10000-b2048-t128,87,10000,2048,128,0,F5,0.0,V2minus,cumulative,87,FAIL,1,0,0,1
s87-N10000-b2048-t128,87,10000,2048,128,0,F5,0.0,V2,cumulative,87,FAIL,1,0,0,1
s87-N10000-b2048-t128,87,10000,2048,128,0,F5,0.0,V3,cumulative,87,FAIL,1,0,0,1
s87-N10000-b2048-t128,87,10000,2048,128,0,F5,0.05,V0,cumulative,87,PASS,0,0,500,0
s87-N10000-b2048-t128,87,10000,2048,128,100,F5,0.05,V1,cumulative,87,PASS,0,0,500,0
s87-N10000-b2048-t128,87,10000,2048,128,0,F5,0.05,V2minus,cumulative,87,FAIL,500,0,0,1
s87-N10000-b2048-t128,87,10000,2048,128,0,F5,0.05,V2,cumulative,87,FAIL,500,0,0,1
s87-N10000-b2048-t128,87,10000,2048,128,0,F5,0.05,V3,cumulative,87,FAIL,500,0,0,1
s87-N10000-b2048-t128,87,10000,2048,128,0,F5b,0.0,V0,cumulative,87,PASS,0,0,1,0
s87-N10000-b2048-t128,87,10000,2048,128,100,F5b,0.0,V1,cumulative,87,PASS,0,0,1,0
s87-N10000-b2048-t128,87,10000,2048,128,0,F5b,0.0,V2minus,cumulative,87,FAIL,1,0,0,1
s87-N10000-b2048-t128,87,10000,2048,128,0,F5b,0.0,V2,cumulative,87,FAIL,1,0,0,1
s87-N10000-b2048-t128,87,10000,2048,128,0,F5b,0.0,V3,cumulative,87,FAIL,1,0,0,1
s87-N10000-b2048-t128,87,10000,2048,128,0,F5c,0.0,V0,cumulative,87,PASS,0,0,2,0
s87-N10000-b2048-t128,87,10000,2048,128,100,F5c,0.0,V1,cumulative,87,PASS,0,0,2,0
s87-N10000-b2048-t128,87,10000,2048,128,0,F5c,0.0,V2minus,cumulative,87,FAIL,2,0,0,1
s87-N10000-b2048-t128,87,10000,2048,128,0,F5c,0.0,V2,cumulative,87,FAIL,2,0,0,1
s87-N10000-b2048-t128,87,10000,2048,128,0,F5c,0.0,V3,cumulative,87,FAIL,2,0,0,1
s87-N10000-b2048-t128,87,10000,2048,128,0,F6,0.0,V0,cumulative,87,INCOMPLETE,0,0,0,1
s87-N10000-b2048-t128,87,10000,2048,128,100,F6,0.0,V1,cumulative,87,INCOMPLETE,0,0,0,1
s87-N10000-b2048-t128,87,10000,2048,128,0,F6,0.0,V2minus,cumulative,87,INCOMPLETE,0,0,0,1
s87-N10000-b2048-t128,87,10000,2048,128,0,F6,0.0,V2,cumulative,87,INCOMPLETE,0,0,0,1
s87-N10000-b2048-t128,87,10000,2048,128,0,F6,0.0,V3,cumulative,87,INCOMPLETE,0,0,0,1
s87-N10000-b2048-t128,87,10000,2048,128,0,F7,0.0,V2minus,cumulative,87,UNRUNNABLE,0,0,1,0
s87-N10000-b2048-t128,87,10000,2048,128,0,F7,0.0,V2,cumulative,87,FAIL,1,0,0,1
s88-N10000-b2048-t128,88,10000,2048,128,0,F0,0.0,V0,cumulative,88,PASS,0,0,0,0
s88-N10000-b2048-t128,88,10000,2048,128,100,F0,0.0,V1,cumulative,88,PASS,0,0,0,0
s88-N10000-b2048-t128,88,10000,2048,128,0,F0,0.0,V2minus,cumulative,88,PASS,0,0,0,0
s88-N10000-b2048-t128,88,10000,2048,128,0,F0,0.0,V2,cumulative,88,PASS,0,0,0,0
s88-N10000-b2048-t128,88,10000,2048,128,0,F0,0.0,V3,cumulative,88,PASS,0,0,0,0
s88-N10000-b2048-t128,88,10000,2048,128,0,F1a,0.0,V0,cumulative,88,FAIL,1,0,0,1
s88-N10000-b2048-t128,88,10000,2048,128,100,F1a,0.0,V1,cumulative,88,FAIL,1,0,0,1
s88-N10000-b2048-t128,88,10000,2048,128,0,F1a,0.0,V2minus,cumulative,88,FAIL,1,0,0,1
s88-N10000-b2048-t128,88,10000,2048,128,0,F1a,0.0,V2,cumulative,88,FAIL,1,0,0,1
s88-N10000-b2048-t128,88,10000,2048,128,0,F1a,0.0,V3,cumulative,88,FAIL,1,0,0,1
s88-N10000-b2048-t128,88,10000,2048,128,0,F1b,0.0,V0,cumulative,88,FAIL,1,0,0,1
s88-N10000-b2048-t128,88,10000,2048,128,100,F1b,0.0,V1,cumulative,88,FAIL,1,0,0,1
s88-N10000-b2048-t128,88,10000,2048,128,0,F1b,0.0,V2minus,cumulative,88,FAIL,1,0,0,1
s88-N10000-b2048-t128,88,10000,2048,128,0,F1b,0.0,V2,cumulative,88,FAIL,1,0,0,1
s88-N10000-b2048-t128,88,10000,2048,128,0,F1b,0.0,V3,cumulative,88,FAIL,1,0,0,1
s88-N10000-b2048-t128,88,10000,2048,128,0,F2,0.0,V0,cumulative,88,FAIL,1,0,0,1
s88-N10000-b2048-t128,88,10000,2048,128,100,F2,0.0,V1,cumulative,88,FAIL,1,0,0,1
s88-N10000-b2048-t128,88,10000,2048,128,0,F2,0.0,V2minus,cumulative,88,FAIL,1,0,0,1
s88-N10000-b2048-t128,88,10000,2048,128,0,F2,0.0,V2,cumulative,88,FAIL,1,0,0,1
s88-N10000-b2048-t128,88,10000,2048,128,0,F2,0.0,V3,cumulative,88,FAIL,1,0,0,1
s88-N10000-b2048-t128,88,10000,2048,128,0,F3,0.0,V0,cumulative,88,FAIL,1,0,0,1
s88-N10000-b2048-t128,88,10000,2048,128,100,F3,0.0,V1,cumulative,88,FAIL,1,0,0,1
s88-N10000-b2048-t128,88,10000,2048,128,0,F3,0.0,V2minus,cumulative,88,FAIL,1,0,0,1
s88-N10000-b2048-t128,88,10000,2048,128,0,F3,0.0,V2,cumulative,88,FAIL,1,0,0,1
s88-N10000-b2048-t128,88,10000,2048,128,0,F3,0.0,V3,cumulative,88,FAIL,1,0,0,1
s88-N10000-b2048-t128,88,10000,2048,128,0,F4r,0.0,V0,cumulative,88,FAIL,1,0,0,1
s88-N10000-b2048-t128,88,10000,2048,128,100,F4r,0.0,V1,cumulative,88,FAIL,1,0,0,1
s88-N10000-b2048-t128,88,10000,2048,128,0,F4r,0.0,V2minus,cumulative,88,FAIL,1,0,0,1
s88-N10000-b2048-t128,88,10000,2048,128,0,F4r,0.0,V2,cumulative,88,FAIL,1,0,0,1
s88-N10000-b2048-t128,88,10000,2048,128,0,F4r,0.0,V3,cumulative,88,FAIL,1,0,0,1
s88-N10000-b2048-t128,88,10000,2048,128,0,F4m,0.0,V0,cumulative,88,FAIL,0,0,0,1
s88-N10000-b2048-t128,88,10000,2048,128,100,F4m,0.0,V1,cumulative,88,FAIL,0,0,0,1
s88-N10000-b2048-t128,88,10000,2048,128,0,F4m,0.0,V2minus,cumulative,88,FAIL,0,0,0,1
s88-N10000-b2048-t128,88,10000,2048,128,0,F4m,0.0,V2,cumulative,88,FAIL,0,0,0,1
s88-N10000-b2048-t128,88,10000,2048,128,0,F4m,0.0,V3,cumulative,88,FAIL,0,0,0,1
s88-N10000-b2048-t128,88,10000,2048,128,0,F5,0.0,V0,cumulative,88,PASS,0,0,1,0
s88-N10000-b2048-t128,88,10000,2048,128,100,F5,0.0,V1,cumulative,88,PASS,0,0,1,0
s88-N10000-b2048-t128,88,10000,2048,128,0,F5,0.0,V2minus,cumulative,88,FAIL,1,0,0,1
s88-N10000-b2048-t128,88,10000,2048,128,0,F5,0.0,V2,cumulative,88,FAIL,1,0,0,1
s88-N10000-b2048-t128,88,10000,2048,128,0,F5,0.0,V3,cumulative,88,FAIL,1,0,0,1
s88-N10000-b2048-t128,88,10000,2048,128,0,F5,0.05,V0,cumulative,88,PASS,0,0,500,0
s88-N10000-b2048-t128,88,10000,2048,128,100,F5,0.05,V1,cumulative,88,PASS,0,0,500,0
s88-N10000-b2048-t128,88,10000,2048,128,0,F5,0.05,V2minus,cumulative,88,FAIL,500,0,0,1
s88-N10000-b2048-t128,88,10000,2048,128,0,F5,0.05,V2,cumulative,88,FAIL,500,0,0,1
s88-N10000-b2048-t128,88,10000,2048,128,0,F5,0.05,V3,cumulative,88,FAIL,500,0,0,1
s88-N10000-b2048-t128,88,10000,2048,128,0,F5b,0.0,V0,cumulative,88,PASS,0,0,1,0
s88-N10000-b2048-t128,88,10000,2048,128,100,F5b,0.0,V1,cumulative,88,PASS,0,0,1,0
s88-N10000-b2048-t128,88,10000,2048,128,0,F5b,0.0,V2minus,cumulative,88,FAIL,1,0,0,1
s88-N10000-b2048-t128,88,10000,2048,128,0,F5b,0.0,V2,cumulative,88,FAIL,1,0,0,1
s88-N10000-b2048-t128,88,10000,2048,128,0,F5b,0.0,V3,cumulative,88,FAIL,1,0,0,1
s88-N10000-b2048-t128,88,10000,2048,128,0,F5c,0.0,V0,cumulative,88,PASS,0,0,2,0
s88-N10000-b2048-t128,88,10000,2048,128,100,F5c,0.0,V1,cumulative,88,PASS,0,0,2,0
s88-N10000-b2048-t128,88,10000,2048,128,0,F5c,0.0,V2minus,cumulative,88,FAIL,2,0,0,1
s88-N10000-b2048-t128,88,10000,2048,128,0,F5c,0.0,V2,cumulative,88,FAIL,2,0,0,1
s88-N10000-b2048-t128,88,10000,2048,128,0,F5c,0.0,V3,cumulative,88,FAIL,2,0,0,1
s88-N10000-b2048-t128,88,10000,2048,128,0,F6,0.0,V0,cumulative,88,INCOMPLETE,0,0,0,1
s88-N10000-b2048-t128,88,10000,2048,128,100,F6,0.0,V1,cumulative,88,INCOMPLETE,0,0,0,1
s88-N10000-b2048-t128,88,10000,2048,128,0,F6,0.0,V2minus,cumulative,88,INCOMPLETE,0,0,0,1
s88-N10000-b2048-t128,88,10000,2048,128,0,F6,0.0,V2,cumulative,88,INCOMPLETE,0,0,0,1
s88-N10000-b2048-t128,88,10000,2048,128,0,F6,0.0,V3,cumulative,88,INCOMPLETE,0,0,0,1
s88-N10000-b2048-t128,88,10000,2048,128,0,F7,0.0,V2minus,cumulative,88,UNRUNNABLE,0,0,1,0
s88-N10000-b2048-t128,88,10000,2048,128,0,F7,0.0,V2,cumulative,88,FAIL,1,0,0,1
s89-N10000-b2048-t128,89,10000,2048,128,0,F0,0.0,V0,cumulative,89,PASS,0,0,0,0
s89-N10000-b2048-t128,89,10000,2048,128,100,F0,0.0,V1,cumulative,89,PASS,0,0,0,0
s89-N10000-b2048-t128,89,10000,2048,128,0,F0,0.0,V2minus,cumulative,89,PASS,0,0,0,0
s89-N10000-b2048-t128,89,10000,2048,128,0,F0,0.0,V2,cumulative,89,PASS,0,0,0,0
s89-N10000-b2048-t128,89,10000,2048,128,0,F0,0.0,V3,cumulative,89,PASS,0,0,0,0
s89-N10000-b2048-t128,89,10000,2048,128,0,F1a,0.0,V0,cumulative,89,FAIL,1,0,0,1
s89-N10000-b2048-t128,89,10000,2048,128,100,F1a,0.0,V1,cumulative,89,FAIL,1,0,0,1
s89-N10000-b2048-t128,89,10000,2048,128,0,F1a,0.0,V2minus,cumulative,89,FAIL,1,0,0,1
s89-N10000-b2048-t128,89,10000,2048,128,0,F1a,0.0,V2,cumulative,89,FAIL,1,0,0,1
s89-N10000-b2048-t128,89,10000,2048,128,0,F1a,0.0,V3,cumulative,89,FAIL,1,0,0,1
s89-N10000-b2048-t128,89,10000,2048,128,0,F1b,0.0,V0,cumulative,89,FAIL,1,0,0,1
s89-N10000-b2048-t128,89,10000,2048,128,100,F1b,0.0,V1,cumulative,89,FAIL,1,0,0,1
s89-N10000-b2048-t128,89,10000,2048,128,0,F1b,0.0,V2minus,cumulative,89,FAIL,1,0,0,1
s89-N10000-b2048-t128,89,10000,2048,128,0,F1b,0.0,V2,cumulative,89,FAIL,1,0,0,1
s89-N10000-b2048-t128,89,10000,2048,128,0,F1b,0.0,V3,cumulative,89,FAIL,1,0,0,1
s89-N10000-b2048-t128,89,10000,2048,128,0,F2,0.0,V0,cumulative,89,FAIL,1,0,0,1
s89-N10000-b2048-t128,89,10000,2048,128,100,F2,0.0,V1,cumulative,89,FAIL,1,0,0,1
s89-N10000-b2048-t128,89,10000,2048,128,0,F2,0.0,V2minus,cumulative,89,FAIL,1,0,0,1
s89-N10000-b2048-t128,89,10000,2048,128,0,F2,0.0,V2,cumulative,89,FAIL,1,0,0,1
s89-N10000-b2048-t128,89,10000,2048,128,0,F2,0.0,V3,cumulative,89,FAIL,1,0,0,1
s89-N10000-b2048-t128,89,10000,2048,128,0,F3,0.0,V0,cumulative,89,FAIL,1,0,0,1
s89-N10000-b2048-t128,89,10000,2048,128,100,F3,0.0,V1,cumulative,89,FAIL,1,0,0,1
s89-N10000-b2048-t128,89,10000,2048,128,0,F3,0.0,V2minus,cumulative,89,FAIL,1,0,0,1
s89-N10000-b2048-t128,89,10000,2048,128,0,F3,0.0,V2,cumulative,89,FAIL,1,0,0,1
s89-N10000-b2048-t128,89,10000,2048,128,0,F3,0.0,V3,cumulative,89,FAIL,1,0,0,1
s89-N10000-b2048-t128,89,10000,2048,128,0,F4r,0.0,V0,cumulative,89,FAIL,1,1,0,1
s89-N10000-b2048-t128,89,10000,2048,128,100,F4r,0.0,V1,cumulative,89,FAIL,1,1,0,1
s89-N10000-b2048-t128,89,10000,2048,128,0,F4r,0.0,V2minus,cumulative,89,FAIL,1,1,0,1
s89-N10000-b2048-t128,89,10000,2048,128,0,F4r,0.0,V2,cumulative,89,FAIL,1,1,0,1
s89-N10000-b2048-t128,89,10000,2048,128,0,F4r,0.0,V3,cumulative,89,FAIL,1,1,0,1
s89-N10000-b2048-t128,89,10000,2048,128,0,F4m,0.0,V0,cumulative,89,FAIL,0,0,0,1
s89-N10000-b2048-t128,89,10000,2048,128,100,F4m,0.0,V1,cumulative,89,FAIL,0,0,0,1
s89-N10000-b2048-t128,89,10000,2048,128,0,F4m,0.0,V2minus,cumulative,89,FAIL,0,0,0,1
s89-N10000-b2048-t128,89,10000,2048,128,0,F4m,0.0,V2,cumulative,89,FAIL,0,0,0,1
s89-N10000-b2048-t128,89,10000,2048,128,0,F4m,0.0,V3,cumulative,89,FAIL,0,0,0,1
s89-N10000-b2048-t128,89,10000,2048,128,0,F5,0.0,V0,cumulative,89,PASS,0,0,1,0
s89-N10000-b2048-t128,89,10000,2048,128,100,F5,0.0,V1,cumulative,89,PASS,0,0,1,0
s89-N10000-b2048-t128,89,10000,2048,128,0,F5,0.0,V2minus,cumulative,89,FAIL,1,0,0,1
s89-N10000-b2048-t128,89,10000,2048,128,0,F5,0.0,V2,cumulative,89,FAIL,1,0,0,1
s89-N10000-b2048-t128,89,10000,2048,128,0,F5,0.0,V3,cumulative,89,FAIL,1,0,0,1
s89-N10000-b2048-t128,89,10000,2048,128,0,F5,0.05,V0,cumulative,89,PASS,0,0,500,0
s89-N10000-b2048-t128,89,10000,2048,128,100,F5,0.05,V1,cumulative,89,PASS,0,0,500,0
s89-N10000-b2048-t128,89,10000,2048,128,0,F5,0.05,V2minus,cumulative,89,FAIL,500,0,0,1
s89-N10000-b2048-t128,89,10000,2048,128,0,F5,0.05,V2,cumulative,89,FAIL,500,0,0,1
s89-N10000-b2048-t128,89,10000,2048,128,0,F5,0.05,V3,cumulative,89,FAIL,500,0,0,1
s89-N10000-b2048-t128,89,10000,2048,128,0,F5b,0.0,V0,cumulative,89,PASS,0,0,1,0
s89-N10000-b2048-t128,89,10000,2048,128,100,F5b,0.0,V1,cumulative,89,PASS,0,0,1,0
s89-N10000-b2048-t128,89,10000,2048,128,0,F5b,0.0,V2minus,cumulative,89,FAIL,1,0,0,1
s89-N10000-b2048-t128,89,10000,2048,128,0,F5b,0.0,V2,cumulative,89,FAIL,1,0,0,1
s89-N10000-b2048-t128,89,10000,2048,128,0,F5b,0.0,V3,cumulative,89,FAIL,1,0,0,1
s89-N10000-b2048-t128,89,10000,2048,128,0,F5c,0.0,V0,cumulative,89,PASS,0,0,2,0
s89-N10000-b2048-t128,89,10000,2048,128,100,F5c,0.0,V1,cumulative,89,PASS,0,0,2,0
s89-N10000-b2048-t128,89,10000,2048,128,0,F5c,0.0,V2minus,cumulative,89,FAIL,2,0,0,1
s89-N10000-b2048-t128,89,10000,2048,128,0,F5c,0.0,V2,cumulative,89,FAIL,2,0,0,1
s89-N10000-b2048-t128,89,10000,2048,128,0,F5c,0.0,V3,cumulative,89,FAIL,2,0,0,1
s89-N10000-b2048-t128,89,10000,2048,128,0,F6,0.0,V0,cumulative,89,INCOMPLETE,0,0,0,1
s89-N10000-b2048-t128,89,10000,2048,128,100,F6,0.0,V1,cumulative,89,INCOMPLETE,0,0,0,1
s89-N10000-b2048-t128,89,10000,2048,128,0,F6,0.0,V2minus,cumulative,89,INCOMPLETE,0,0,0,1
s89-N10000-b2048-t128,89,10000,2048,128,0,F6,0.0,V2,cumulative,89,INCOMPLETE,0,0,0,1
s89-N10000-b2048-t128,89,10000,2048,128,0,F6,0.0,V3,cumulative,89,INCOMPLETE,0,0,0,1
s89-N10000-b2048-t128,89,10000,2048,128,0,F7,0.0,V2minus,cumulative,89,UNRUNNABLE,0,0,1,0
s89-N10000-b2048-t128,89,10000,2048,128,0,F7,0.0,V2,cumulative,89,FAIL,1,0,0,1
s90-N10000-b2048-t128,90,10000,2048,128,0,F0,0.0,V0,cumulative,90,PASS,0,0,0,0
s90-N10000-b2048-t128,90,10000,2048,128,100,F0,0.0,V1,cumulative,90,PASS,0,0,0,0
s90-N10000-b2048-t128,90,10000,2048,128,0,F0,0.0,V2minus,cumulative,90,PASS,0,0,0,0
s90-N10000-b2048-t128,90,10000,2048,128,0,F0,0.0,V2,cumulative,90,PASS,0,0,0,0
s90-N10000-b2048-t128,90,10000,2048,128,0,F0,0.0,V3,cumulative,90,PASS,0,0,0,0
s90-N10000-b2048-t128,90,10000,2048,128,0,F1a,0.0,V0,cumulative,90,FAIL,1,0,0,1
s90-N10000-b2048-t128,90,10000,2048,128,100,F1a,0.0,V1,cumulative,90,FAIL,1,0,0,1
s90-N10000-b2048-t128,90,10000,2048,128,0,F1a,0.0,V2minus,cumulative,90,FAIL,1,0,0,1
s90-N10000-b2048-t128,90,10000,2048,128,0,F1a,0.0,V2,cumulative,90,FAIL,1,0,0,1
s90-N10000-b2048-t128,90,10000,2048,128,0,F1a,0.0,V3,cumulative,90,FAIL,1,0,0,1
s90-N10000-b2048-t128,90,10000,2048,128,0,F1b,0.0,V0,cumulative,90,FAIL,1,0,0,1
s90-N10000-b2048-t128,90,10000,2048,128,100,F1b,0.0,V1,cumulative,90,FAIL,1,0,0,1
s90-N10000-b2048-t128,90,10000,2048,128,0,F1b,0.0,V2minus,cumulative,90,FAIL,1,0,0,1
s90-N10000-b2048-t128,90,10000,2048,128,0,F1b,0.0,V2,cumulative,90,FAIL,1,0,0,1
s90-N10000-b2048-t128,90,10000,2048,128,0,F1b,0.0,V3,cumulative,90,FAIL,1,0,0,1
s90-N10000-b2048-t128,90,10000,2048,128,0,F2,0.0,V0,cumulative,90,FAIL,1,0,0,1
s90-N10000-b2048-t128,90,10000,2048,128,100,F2,0.0,V1,cumulative,90,FAIL,1,0,0,1
s90-N10000-b2048-t128,90,10000,2048,128,0,F2,0.0,V2minus,cumulative,90,FAIL,1,0,0,1
s90-N10000-b2048-t128,90,10000,2048,128,0,F2,0.0,V2,cumulative,90,FAIL,1,0,0,1
s90-N10000-b2048-t128,90,10000,2048,128,0,F2,0.0,V3,cumulative,90,FAIL,1,0,0,1
s90-N10000-b2048-t128,90,10000,2048,128,0,F3,0.0,V0,cumulative,90,FAIL,1,0,0,1
s90-N10000-b2048-t128,90,10000,2048,128,100,F3,0.0,V1,cumulative,90,FAIL,1,0,0,1
s90-N10000-b2048-t128,90,10000,2048,128,0,F3,0.0,V2minus,cumulative,90,FAIL,1,0,0,1
s90-N10000-b2048-t128,90,10000,2048,128,0,F3,0.0,V2,cumulative,90,FAIL,1,0,0,1
s90-N10000-b2048-t128,90,10000,2048,128,0,F3,0.0,V3,cumulative,90,FAIL,1,0,0,1
s90-N10000-b2048-t128,90,10000,2048,128,0,F4r,0.0,V0,cumulative,90,FAIL,1,0,0,1
s90-N10000-b2048-t128,90,10000,2048,128,100,F4r,0.0,V1,cumulative,90,FAIL,1,0,0,1
s90-N10000-b2048-t128,90,10000,2048,128,0,F4r,0.0,V2minus,cumulative,90,FAIL,1,0,0,1
s90-N10000-b2048-t128,90,10000,2048,128,0,F4r,0.0,V2,cumulative,90,FAIL,1,0,0,1
s90-N10000-b2048-t128,90,10000,2048,128,0,F4r,0.0,V3,cumulative,90,FAIL,1,0,0,1
s90-N10000-b2048-t128,90,10000,2048,128,0,F4m,0.0,V0,cumulative,90,FAIL,0,0,0,1
s90-N10000-b2048-t128,90,10000,2048,128,100,F4m,0.0,V1,cumulative,90,FAIL,0,0,0,1
s90-N10000-b2048-t128,90,10000,2048,128,0,F4m,0.0,V2minus,cumulative,90,FAIL,0,0,0,1
s90-N10000-b2048-t128,90,10000,2048,128,0,F4m,0.0,V2,cumulative,90,FAIL,0,0,0,1
s90-N10000-b2048-t128,90,10000,2048,128,0,F4m,0.0,V3,cumulative,90,FAIL,0,0,0,1
s90-N10000-b2048-t128,90,10000,2048,128,0,F5,0.0,V0,cumulative,90,PASS,0,0,1,0
s90-N10000-b2048-t128,90,10000,2048,128,100,F5,0.0,V1,cumulative,90,PASS,0,0,1,0
s90-N10000-b2048-t128,90,10000,2048,128,0,F5,0.0,V2minus,cumulative,90,FAIL,1,0,0,1
s90-N10000-b2048-t128,90,10000,2048,128,0,F5,0.0,V2,cumulative,90,FAIL,1,0,0,1
s90-N10000-b2048-t128,90,10000,2048,128,0,F5,0.0,V3,cumulative,90,FAIL,1,0,0,1
s90-N10000-b2048-t128,90,10000,2048,128,0,F5,0.05,V0,cumulative,90,PASS,0,0,500,0
s90-N10000-b2048-t128,90,10000,2048,128,100,F5,0.05,V1,cumulative,90,PASS,0,0,500,0
s90-N10000-b2048-t128,90,10000,2048,128,0,F5,0.05,V2minus,cumulative,90,FAIL,500,0,0,1
s90-N10000-b2048-t128,90,10000,2048,128,0,F5,0.05,V2,cumulative,90,FAIL,500,0,0,1
s90-N10000-b2048-t128,90,10000,2048,128,0,F5,0.05,V3,cumulative,90,FAIL,500,0,0,1
s90-N10000-b2048-t128,90,10000,2048,128,0,F5b,0.0,V0,cumulative,90,PASS,0,0,1,0
s90-N10000-b2048-t128,90,10000,2048,128,100,F5b,0.0,V1,cumulative,90,PASS,0,0,1,0
s90-N10000-b2048-t128,90,10000,2048,128,0,F5b,0.0,V2minus,cumulative,90,FAIL,1,0,0,1
s90-N10000-b2048-t128,90,10000,2048,128,0,F5b,0.0,V2,cumulative,90,FAIL,1,0,0,1
s90-N10000-b2048-t128,90,10000,2048,128,0,F5b,0.0,V3,cumulative,90,FAIL,1,0,0,1
s90-N10000-b2048-t128,90,10000,2048,128,0,F5c,0.0,V0,cumulative,90,PASS,0,0,2,0
s90-N10000-b2048-t128,90,10000,2048,128,100,F5c,0.0,V1,cumulative,90,PASS,0,0,2,0
s90-N10000-b2048-t128,90,10000,2048,128,0,F5c,0.0,V2minus,cumulative,90,FAIL,2,0,0,1
s90-N10000-b2048-t128,90,10000,2048,128,0,F5c,0.0,V2,cumulative,90,FAIL,2,0,0,1
s90-N10000-b2048-t128,90,10000,2048,128,0,F5c,0.0,V3,cumulative,90,FAIL,2,0,0,1
s90-N10000-b2048-t128,90,10000,2048,128,0,F6,0.0,V0,cumulative,90,INCOMPLETE,0,0,0,1
s90-N10000-b2048-t128,90,10000,2048,128,100,F6,0.0,V1,cumulative,90,INCOMPLETE,0,0,0,1
s90-N10000-b2048-t128,90,10000,2048,128,0,F6,0.0,V2minus,cumulative,90,INCOMPLETE,0,0,0,1
s90-N10000-b2048-t128,90,10000,2048,128,0,F6,0.0,V2,cumulative,90,INCOMPLETE,0,0,0,1
s90-N10000-b2048-t128,90,10000,2048,128,0,F6,0.0,V3,cumulative,90,INCOMPLETE,0,0,0,1
s90-N10000-b2048-t128,90,10000,2048,128,0,F7,0.0,V2minus,cumulative,90,UNRUNNABLE,0,0,1,0
s90-N10000-b2048-t128,90,10000,2048,128,0,F7,0.0,V2,cumulative,90,FAIL,1,0,0,1
s91-N10000-b2048-t128,91,10000,2048,128,0,F0,0.0,V0,cumulative,91,PASS,0,0,0,0
s91-N10000-b2048-t128,91,10000,2048,128,100,F0,0.0,V1,cumulative,91,PASS,0,0,0,0
s91-N10000-b2048-t128,91,10000,2048,128,0,F0,0.0,V2minus,cumulative,91,PASS,0,0,0,0
s91-N10000-b2048-t128,91,10000,2048,128,0,F0,0.0,V2,cumulative,91,PASS,0,0,0,0
s91-N10000-b2048-t128,91,10000,2048,128,0,F0,0.0,V3,cumulative,91,PASS,0,0,0,0
s91-N10000-b2048-t128,91,10000,2048,128,0,F1a,0.0,V0,cumulative,91,FAIL,1,0,0,1
s91-N10000-b2048-t128,91,10000,2048,128,100,F1a,0.0,V1,cumulative,91,FAIL,1,0,0,1
s91-N10000-b2048-t128,91,10000,2048,128,0,F1a,0.0,V2minus,cumulative,91,FAIL,1,0,0,1
s91-N10000-b2048-t128,91,10000,2048,128,0,F1a,0.0,V2,cumulative,91,FAIL,1,0,0,1
s91-N10000-b2048-t128,91,10000,2048,128,0,F1a,0.0,V3,cumulative,91,FAIL,1,0,0,1
s91-N10000-b2048-t128,91,10000,2048,128,0,F1b,0.0,V0,cumulative,91,FAIL,1,0,0,1
s91-N10000-b2048-t128,91,10000,2048,128,100,F1b,0.0,V1,cumulative,91,FAIL,1,0,0,1
s91-N10000-b2048-t128,91,10000,2048,128,0,F1b,0.0,V2minus,cumulative,91,FAIL,1,0,0,1
s91-N10000-b2048-t128,91,10000,2048,128,0,F1b,0.0,V2,cumulative,91,FAIL,1,0,0,1
s91-N10000-b2048-t128,91,10000,2048,128,0,F1b,0.0,V3,cumulative,91,FAIL,1,0,0,1
s91-N10000-b2048-t128,91,10000,2048,128,0,F2,0.0,V0,cumulative,91,FAIL,1,0,0,1
s91-N10000-b2048-t128,91,10000,2048,128,100,F2,0.0,V1,cumulative,91,FAIL,1,0,0,1
s91-N10000-b2048-t128,91,10000,2048,128,0,F2,0.0,V2minus,cumulative,91,FAIL,1,0,0,1
s91-N10000-b2048-t128,91,10000,2048,128,0,F2,0.0,V2,cumulative,91,FAIL,1,0,0,1
s91-N10000-b2048-t128,91,10000,2048,128,0,F2,0.0,V3,cumulative,91,FAIL,1,0,0,1
s91-N10000-b2048-t128,91,10000,2048,128,0,F3,0.0,V0,cumulative,91,FAIL,1,0,0,1
s91-N10000-b2048-t128,91,10000,2048,128,100,F3,0.0,V1,cumulative,91,FAIL,1,0,0,1
s91-N10000-b2048-t128,91,10000,2048,128,0,F3,0.0,V2minus,cumulative,91,FAIL,1,0,0,1
s91-N10000-b2048-t128,91,10000,2048,128,0,F3,0.0,V2,cumulative,91,FAIL,1,0,0,1
s91-N10000-b2048-t128,91,10000,2048,128,0,F3,0.0,V3,cumulative,91,FAIL,1,0,0,1
s91-N10000-b2048-t128,91,10000,2048,128,0,F4r,0.0,V0,cumulative,91,FAIL,1,0,0,1
s91-N10000-b2048-t128,91,10000,2048,128,100,F4r,0.0,V1,cumulative,91,FAIL,1,0,0,1
s91-N10000-b2048-t128,91,10000,2048,128,0,F4r,0.0,V2minus,cumulative,91,FAIL,1,0,0,1
s91-N10000-b2048-t128,91,10000,2048,128,0,F4r,0.0,V2,cumulative,91,FAIL,1,0,0,1
s91-N10000-b2048-t128,91,10000,2048,128,0,F4r,0.0,V3,cumulative,91,FAIL,1,0,0,1
s91-N10000-b2048-t128,91,10000,2048,128,0,F4m,0.0,V0,cumulative,91,FAIL,0,0,0,1
s91-N10000-b2048-t128,91,10000,2048,128,100,F4m,0.0,V1,cumulative,91,FAIL,0,0,0,1
s91-N10000-b2048-t128,91,10000,2048,128,0,F4m,0.0,V2minus,cumulative,91,FAIL,0,0,0,1
s91-N10000-b2048-t128,91,10000,2048,128,0,F4m,0.0,V2,cumulative,91,FAIL,0,0,0,1
s91-N10000-b2048-t128,91,10000,2048,128,0,F4m,0.0,V3,cumulative,91,FAIL,0,0,0,1
s91-N10000-b2048-t128,91,10000,2048,128,0,F5,0.0,V0,cumulative,91,PASS,0,0,1,0
s91-N10000-b2048-t128,91,10000,2048,128,100,F5,0.0,V1,cumulative,91,PASS,0,0,1,0
s91-N10000-b2048-t128,91,10000,2048,128,0,F5,0.0,V2minus,cumulative,91,FAIL,1,0,0,1
s91-N10000-b2048-t128,91,10000,2048,128,0,F5,0.0,V2,cumulative,91,FAIL,1,0,0,1
s91-N10000-b2048-t128,91,10000,2048,128,0,F5,0.0,V3,cumulative,91,FAIL,1,0,0,1
s91-N10000-b2048-t128,91,10000,2048,128,0,F5,0.05,V0,cumulative,91,PASS,0,0,500,0
s91-N10000-b2048-t128,91,10000,2048,128,100,F5,0.05,V1,cumulative,91,PASS,0,0,500,0
s91-N10000-b2048-t128,91,10000,2048,128,0,F5,0.05,V2minus,cumulative,91,FAIL,500,0,0,1
s91-N10000-b2048-t128,91,10000,2048,128,0,F5,0.05,V2,cumulative,91,FAIL,500,0,0,1
s91-N10000-b2048-t128,91,10000,2048,128,0,F5,0.05,V3,cumulative,91,FAIL,500,0,0,1
s91-N10000-b2048-t128,91,10000,2048,128,0,F5b,0.0,V0,cumulative,91,PASS,0,0,1,0
s91-N10000-b2048-t128,91,10000,2048,128,100,F5b,0.0,V1,cumulative,91,PASS,0,0,1,0
s91-N10000-b2048-t128,91,10000,2048,128,0,F5b,0.0,V2minus,cumulative,91,FAIL,1,0,0,1
s91-N10000-b2048-t128,91,10000,2048,128,0,F5b,0.0,V2,cumulative,91,FAIL,1,0,0,1
s91-N10000-b2048-t128,91,10000,2048,128,0,F5b,0.0,V3,cumulative,91,FAIL,1,0,0,1
s91-N10000-b2048-t128,91,10000,2048,128,0,F5c,0.0,V0,cumulative,91,PASS,0,0,2,0
s91-N10000-b2048-t128,91,10000,2048,128,100,F5c,0.0,V1,cumulative,91,PASS,0,0,2,0
s91-N10000-b2048-t128,91,10000,2048,128,0,F5c,0.0,V2minus,cumulative,91,FAIL,2,0,0,1
s91-N10000-b2048-t128,91,10000,2048,128,0,F5c,0.0,V2,cumulative,91,FAIL,2,0,0,1
s91-N10000-b2048-t128,91,10000,2048,128,0,F5c,0.0,V3,cumulative,91,FAIL,2,0,0,1
s91-N10000-b2048-t128,91,10000,2048,128,0,F6,0.0,V0,cumulative,91,INCOMPLETE,0,0,0,1
s91-N10000-b2048-t128,91,10000,2048,128,100,F6,0.0,V1,cumulative,91,INCOMPLETE,0,0,0,1
s91-N10000-b2048-t128,91,10000,2048,128,0,F6,0.0,V2minus,cumulative,91,INCOMPLETE,0,0,0,1
s91-N10000-b2048-t128,91,10000,2048,128,0,F6,0.0,V2,cumulative,91,INCOMPLETE,0,0,0,1
s91-N10000-b2048-t128,91,10000,2048,128,0,F6,0.0,V3,cumulative,91,INCOMPLETE,0,0,0,1
s91-N10000-b2048-t128,91,10000,2048,128,0,F7,0.0,V2minus,cumulative,91,UNRUNNABLE,0,0,1,0
s91-N10000-b2048-t128,91,10000,2048,128,0,F7,0.0,V2,cumulative,91,FAIL,1,0,0,1
s92-N10000-b2048-t128,92,10000,2048,128,0,F0,0.0,V0,cumulative,92,PASS,0,0,0,0
s92-N10000-b2048-t128,92,10000,2048,128,100,F0,0.0,V1,cumulative,92,PASS,0,0,0,0
s92-N10000-b2048-t128,92,10000,2048,128,0,F0,0.0,V2minus,cumulative,92,PASS,0,0,0,0
s92-N10000-b2048-t128,92,10000,2048,128,0,F0,0.0,V2,cumulative,92,PASS,0,0,0,0
s92-N10000-b2048-t128,92,10000,2048,128,0,F0,0.0,V3,cumulative,92,PASS,0,0,0,0
s92-N10000-b2048-t128,92,10000,2048,128,0,F1a,0.0,V0,cumulative,92,FAIL,1,0,0,1
s92-N10000-b2048-t128,92,10000,2048,128,100,F1a,0.0,V1,cumulative,92,FAIL,1,0,0,1
s92-N10000-b2048-t128,92,10000,2048,128,0,F1a,0.0,V2minus,cumulative,92,FAIL,1,0,0,1
s92-N10000-b2048-t128,92,10000,2048,128,0,F1a,0.0,V2,cumulative,92,FAIL,1,0,0,1
s92-N10000-b2048-t128,92,10000,2048,128,0,F1a,0.0,V3,cumulative,92,FAIL,1,0,0,1
s92-N10000-b2048-t128,92,10000,2048,128,0,F1b,0.0,V0,cumulative,92,FAIL,1,0,0,1
s92-N10000-b2048-t128,92,10000,2048,128,100,F1b,0.0,V1,cumulative,92,FAIL,1,0,0,1
s92-N10000-b2048-t128,92,10000,2048,128,0,F1b,0.0,V2minus,cumulative,92,FAIL,1,0,0,1
s92-N10000-b2048-t128,92,10000,2048,128,0,F1b,0.0,V2,cumulative,92,FAIL,1,0,0,1
s92-N10000-b2048-t128,92,10000,2048,128,0,F1b,0.0,V3,cumulative,92,FAIL,1,0,0,1
s92-N10000-b2048-t128,92,10000,2048,128,0,F2,0.0,V0,cumulative,92,FAIL,1,0,0,1
s92-N10000-b2048-t128,92,10000,2048,128,100,F2,0.0,V1,cumulative,92,FAIL,1,0,0,1
s92-N10000-b2048-t128,92,10000,2048,128,0,F2,0.0,V2minus,cumulative,92,FAIL,1,0,0,1
s92-N10000-b2048-t128,92,10000,2048,128,0,F2,0.0,V2,cumulative,92,FAIL,1,0,0,1
s92-N10000-b2048-t128,92,10000,2048,128,0,F2,0.0,V3,cumulative,92,FAIL,1,0,0,1
s92-N10000-b2048-t128,92,10000,2048,128,0,F3,0.0,V0,cumulative,92,FAIL,1,0,0,1
s92-N10000-b2048-t128,92,10000,2048,128,100,F3,0.0,V1,cumulative,92,FAIL,1,0,0,1
s92-N10000-b2048-t128,92,10000,2048,128,0,F3,0.0,V2minus,cumulative,92,FAIL,1,0,0,1
s92-N10000-b2048-t128,92,10000,2048,128,0,F3,0.0,V2,cumulative,92,FAIL,1,0,0,1
s92-N10000-b2048-t128,92,10000,2048,128,0,F3,0.0,V3,cumulative,92,FAIL,1,0,0,1
s92-N10000-b2048-t128,92,10000,2048,128,0,F4r,0.0,V0,cumulative,92,FAIL,1,0,0,1
s92-N10000-b2048-t128,92,10000,2048,128,100,F4r,0.0,V1,cumulative,92,FAIL,1,0,0,1
s92-N10000-b2048-t128,92,10000,2048,128,0,F4r,0.0,V2minus,cumulative,92,FAIL,1,0,0,1
s92-N10000-b2048-t128,92,10000,2048,128,0,F4r,0.0,V2,cumulative,92,FAIL,1,0,0,1
s92-N10000-b2048-t128,92,10000,2048,128,0,F4r,0.0,V3,cumulative,92,FAIL,1,0,0,1
s92-N10000-b2048-t128,92,10000,2048,128,0,F4m,0.0,V0,cumulative,92,FAIL,0,0,0,1
s92-N10000-b2048-t128,92,10000,2048,128,100,F4m,0.0,V1,cumulative,92,FAIL,0,0,0,1
s92-N10000-b2048-t128,92,10000,2048,128,0,F4m,0.0,V2minus,cumulative,92,FAIL,0,0,0,1
s92-N10000-b2048-t128,92,10000,2048,128,0,F4m,0.0,V2,cumulative,92,FAIL,0,0,0,1
s92-N10000-b2048-t128,92,10000,2048,128,0,F4m,0.0,V3,cumulative,92,FAIL,0,0,0,1
s92-N10000-b2048-t128,92,10000,2048,128,0,F5,0.0,V0,cumulative,92,PASS,0,0,1,0
s92-N10000-b2048-t128,92,10000,2048,128,100,F5,0.0,V1,cumulative,92,PASS,0,0,1,0
s92-N10000-b2048-t128,92,10000,2048,128,0,F5,0.0,V2minus,cumulative,92,FAIL,1,0,0,1
s92-N10000-b2048-t128,92,10000,2048,128,0,F5,0.0,V2,cumulative,92,FAIL,1,0,0,1
s92-N10000-b2048-t128,92,10000,2048,128,0,F5,0.0,V3,cumulative,92,FAIL,1,0,0,1
s92-N10000-b2048-t128,92,10000,2048,128,0,F5,0.05,V0,cumulative,92,PASS,0,0,500,0
s92-N10000-b2048-t128,92,10000,2048,128,100,F5,0.05,V1,cumulative,92,PASS,0,0,500,0
s92-N10000-b2048-t128,92,10000,2048,128,0,F5,0.05,V2minus,cumulative,92,FAIL,500,0,0,1
s92-N10000-b2048-t128,92,10000,2048,128,0,F5,0.05,V2,cumulative,92,FAIL,500,0,0,1
s92-N10000-b2048-t128,92,10000,2048,128,0,F5,0.05,V3,cumulative,92,FAIL,500,0,0,1
s92-N10000-b2048-t128,92,10000,2048,128,0,F5b,0.0,V0,cumulative,92,PASS,0,0,1,0
s92-N10000-b2048-t128,92,10000,2048,128,100,F5b,0.0,V1,cumulative,92,PASS,0,0,1,0
s92-N10000-b2048-t128,92,10000,2048,128,0,F5b,0.0,V2minus,cumulative,92,FAIL,1,0,0,1
s92-N10000-b2048-t128,92,10000,2048,128,0,F5b,0.0,V2,cumulative,92,FAIL,1,0,0,1
s92-N10000-b2048-t128,92,10000,2048,128,0,F5b,0.0,V3,cumulative,92,FAIL,1,0,0,1
s92-N10000-b2048-t128,92,10000,2048,128,0,F5c,0.0,V0,cumulative,92,PASS,0,0,2,0
s92-N10000-b2048-t128,92,10000,2048,128,100,F5c,0.0,V1,cumulative,92,PASS,0,0,2,0
s92-N10000-b2048-t128,92,10000,2048,128,0,F5c,0.0,V2minus,cumulative,92,FAIL,2,0,0,1
s92-N10000-b2048-t128,92,10000,2048,128,0,F5c,0.0,V2,cumulative,92,FAIL,2,0,0,1
s92-N10000-b2048-t128,92,10000,2048,128,0,F5c,0.0,V3,cumulative,92,FAIL,2,0,0,1
s92-N10000-b2048-t128,92,10000,2048,128,0,F6,0.0,V0,cumulative,92,INCOMPLETE,0,0,0,1
s92-N10000-b2048-t128,92,10000,2048,128,100,F6,0.0,V1,cumulative,92,INCOMPLETE,0,0,0,1
s92-N10000-b2048-t128,92,10000,2048,128,0,F6,0.0,V2minus,cumulative,92,INCOMPLETE,0,0,0,1
s92-N10000-b2048-t128,92,10000,2048,128,0,F6,0.0,V2,cumulative,92,INCOMPLETE,0,0,0,1
s92-N10000-b2048-t128,92,10000,2048,128,0,F6,0.0,V3,cumulative,92,INCOMPLETE,0,0,0,1
s92-N10000-b2048-t128,92,10000,2048,128,0,F7,0.0,V2minus,cumulative,92,UNRUNNABLE,0,0,1,0
s92-N10000-b2048-t128,92,10000,2048,128,0,F7,0.0,V2,cumulative,92,FAIL,1,0,0,1
s93-N10000-b2048-t128,93,10000,2048,128,0,F0,0.0,V0,cumulative,93,PASS,0,0,0,0
s93-N10000-b2048-t128,93,10000,2048,128,100,F0,0.0,V1,cumulative,93,PASS,0,0,0,0
s93-N10000-b2048-t128,93,10000,2048,128,0,F0,0.0,V2minus,cumulative,93,PASS,0,0,0,0
s93-N10000-b2048-t128,93,10000,2048,128,0,F0,0.0,V2,cumulative,93,PASS,0,0,0,0
s93-N10000-b2048-t128,93,10000,2048,128,0,F0,0.0,V3,cumulative,93,PASS,0,0,0,0
s93-N10000-b2048-t128,93,10000,2048,128,0,F1a,0.0,V0,cumulative,93,FAIL,1,0,0,1
s93-N10000-b2048-t128,93,10000,2048,128,100,F1a,0.0,V1,cumulative,93,FAIL,1,0,0,1
s93-N10000-b2048-t128,93,10000,2048,128,0,F1a,0.0,V2minus,cumulative,93,FAIL,1,0,0,1
s93-N10000-b2048-t128,93,10000,2048,128,0,F1a,0.0,V2,cumulative,93,FAIL,1,0,0,1
s93-N10000-b2048-t128,93,10000,2048,128,0,F1a,0.0,V3,cumulative,93,FAIL,1,0,0,1
s93-N10000-b2048-t128,93,10000,2048,128,0,F1b,0.0,V0,cumulative,93,FAIL,1,0,0,1
s93-N10000-b2048-t128,93,10000,2048,128,100,F1b,0.0,V1,cumulative,93,FAIL,1,0,0,1
s93-N10000-b2048-t128,93,10000,2048,128,0,F1b,0.0,V2minus,cumulative,93,FAIL,1,0,0,1
s93-N10000-b2048-t128,93,10000,2048,128,0,F1b,0.0,V2,cumulative,93,FAIL,1,0,0,1
s93-N10000-b2048-t128,93,10000,2048,128,0,F1b,0.0,V3,cumulative,93,FAIL,1,0,0,1
s93-N10000-b2048-t128,93,10000,2048,128,0,F2,0.0,V0,cumulative,93,FAIL,1,0,0,1
s93-N10000-b2048-t128,93,10000,2048,128,100,F2,0.0,V1,cumulative,93,FAIL,1,0,0,1
s93-N10000-b2048-t128,93,10000,2048,128,0,F2,0.0,V2minus,cumulative,93,FAIL,1,0,0,1
s93-N10000-b2048-t128,93,10000,2048,128,0,F2,0.0,V2,cumulative,93,FAIL,1,0,0,1
s93-N10000-b2048-t128,93,10000,2048,128,0,F2,0.0,V3,cumulative,93,FAIL,1,0,0,1
s93-N10000-b2048-t128,93,10000,2048,128,0,F3,0.0,V0,cumulative,93,FAIL,1,0,0,1
s93-N10000-b2048-t128,93,10000,2048,128,100,F3,0.0,V1,cumulative,93,FAIL,1,0,0,1
s93-N10000-b2048-t128,93,10000,2048,128,0,F3,0.0,V2minus,cumulative,93,FAIL,1,0,0,1
s93-N10000-b2048-t128,93,10000,2048,128,0,F3,0.0,V2,cumulative,93,FAIL,1,0,0,1
s93-N10000-b2048-t128,93,10000,2048,128,0,F3,0.0,V3,cumulative,93,FAIL,1,0,0,1
s93-N10000-b2048-t128,93,10000,2048,128,0,F4r,0.0,V0,cumulative,93,FAIL,1,0,0,1
s93-N10000-b2048-t128,93,10000,2048,128,100,F4r,0.0,V1,cumulative,93,FAIL,1,0,0,1
s93-N10000-b2048-t128,93,10000,2048,128,0,F4r,0.0,V2minus,cumulative,93,FAIL,1,0,0,1
s93-N10000-b2048-t128,93,10000,2048,128,0,F4r,0.0,V2,cumulative,93,FAIL,1,0,0,1
s93-N10000-b2048-t128,93,10000,2048,128,0,F4r,0.0,V3,cumulative,93,FAIL,1,0,0,1
s93-N10000-b2048-t128,93,10000,2048,128,0,F4m,0.0,V0,cumulative,93,FAIL,0,0,0,1
s93-N10000-b2048-t128,93,10000,2048,128,100,F4m,0.0,V1,cumulative,93,FAIL,0,0,0,1
s93-N10000-b2048-t128,93,10000,2048,128,0,F4m,0.0,V2minus,cumulative,93,FAIL,0,0,0,1
s93-N10000-b2048-t128,93,10000,2048,128,0,F4m,0.0,V2,cumulative,93,FAIL,0,0,0,1
s93-N10000-b2048-t128,93,10000,2048,128,0,F4m,0.0,V3,cumulative,93,FAIL,0,0,0,1
s93-N10000-b2048-t128,93,10000,2048,128,0,F5,0.0,V0,cumulative,93,PASS,0,0,1,0
s93-N10000-b2048-t128,93,10000,2048,128,100,F5,0.0,V1,cumulative,93,PASS,0,0,1,0
s93-N10000-b2048-t128,93,10000,2048,128,0,F5,0.0,V2minus,cumulative,93,FAIL,1,0,0,1
s93-N10000-b2048-t128,93,10000,2048,128,0,F5,0.0,V2,cumulative,93,FAIL,1,0,0,1
s93-N10000-b2048-t128,93,10000,2048,128,0,F5,0.0,V3,cumulative,93,FAIL,1,0,0,1
s93-N10000-b2048-t128,93,10000,2048,128,0,F5,0.05,V0,cumulative,93,PASS,0,0,500,0
s93-N10000-b2048-t128,93,10000,2048,128,100,F5,0.05,V1,cumulative,93,PASS,0,0,500,0
s93-N10000-b2048-t128,93,10000,2048,128,0,F5,0.05,V2minus,cumulative,93,FAIL,500,0,0,1
s93-N10000-b2048-t128,93,10000,2048,128,0,F5,0.05,V2,cumulative,93,FAIL,500,0,0,1
s93-N10000-b2048-t128,93,10000,2048,128,0,F5,0.05,V3,cumulative,93,FAIL,500,0,0,1
s93-N10000-b2048-t128,93,10000,2048,128,0,F5b,0.0,V0,cumulative,93,PASS,0,0,1,0
s93-N10000-b2048-t128,93,10000,2048,128,100,F5b,0.0,V1,cumulative,93,PASS,0,0,1,0
s93-N10000-b2048-t128,93,10000,2048,128,0,F5b,0.0,V2minus,cumulative,93,FAIL,1,0,0,1
s93-N10000-b2048-t128,93,10000,2048,128,0,F5b,0.0,V2,cumulative,93,FAIL,1,0,0,1
s93-N10000-b2048-t128,93,10000,2048,128,0,F5b,0.0,V3,cumulative,93,FAIL,1,0,0,1
s93-N10000-b2048-t128,93,10000,2048,128,0,F5c,0.0,V0,cumulative,93,PASS,0,0,2,0
s93-N10000-b2048-t128,93,10000,2048,128,100,F5c,0.0,V1,cumulative,93,PASS,0,0,2,0
s93-N10000-b2048-t128,93,10000,2048,128,0,F5c,0.0,V2minus,cumulative,93,FAIL,2,0,0,1
s93-N10000-b2048-t128,93,10000,2048,128,0,F5c,0.0,V2,cumulative,93,FAIL,2,0,0,1
s93-N10000-b2048-t128,93,10000,2048,128,0,F5c,0.0,V3,cumulative,93,FAIL,2,0,0,1
s93-N10000-b2048-t128,93,10000,2048,128,0,F6,0.0,V0,cumulative,93,INCOMPLETE,0,0,0,1
s93-N10000-b2048-t128,93,10000,2048,128,100,F6,0.0,V1,cumulative,93,INCOMPLETE,0,0,0,1
s93-N10000-b2048-t128,93,10000,2048,128,0,F6,0.0,V2minus,cumulative,93,INCOMPLETE,0,0,0,1
s93-N10000-b2048-t128,93,10000,2048,128,0,F6,0.0,V2,cumulative,93,INCOMPLETE,0,0,0,1
s93-N10000-b2048-t128,93,10000,2048,128,0,F6,0.0,V3,cumulative,93,INCOMPLETE,0,0,0,1
s93-N10000-b2048-t128,93,10000,2048,128,0,F7,0.0,V2minus,cumulative,93,UNRUNNABLE,0,0,1,0
s93-N10000-b2048-t128,93,10000,2048,128,0,F7,0.0,V2,cumulative,93,FAIL,1,0,0,1
s94-N10000-b2048-t128,94,10000,2048,128,0,F0,0.0,V0,cumulative,94,PASS,0,0,0,0
s94-N10000-b2048-t128,94,10000,2048,128,100,F0,0.0,V1,cumulative,94,PASS,0,0,0,0
s94-N10000-b2048-t128,94,10000,2048,128,0,F0,0.0,V2minus,cumulative,94,PASS,0,0,0,0
s94-N10000-b2048-t128,94,10000,2048,128,0,F0,0.0,V2,cumulative,94,PASS,0,0,0,0
s94-N10000-b2048-t128,94,10000,2048,128,0,F0,0.0,V3,cumulative,94,PASS,0,0,0,0
s94-N10000-b2048-t128,94,10000,2048,128,0,F1a,0.0,V0,cumulative,94,FAIL,1,0,0,1
s94-N10000-b2048-t128,94,10000,2048,128,100,F1a,0.0,V1,cumulative,94,FAIL,1,0,0,1
s94-N10000-b2048-t128,94,10000,2048,128,0,F1a,0.0,V2minus,cumulative,94,FAIL,1,0,0,1
s94-N10000-b2048-t128,94,10000,2048,128,0,F1a,0.0,V2,cumulative,94,FAIL,1,0,0,1
s94-N10000-b2048-t128,94,10000,2048,128,0,F1a,0.0,V3,cumulative,94,FAIL,1,0,0,1
s94-N10000-b2048-t128,94,10000,2048,128,0,F1b,0.0,V0,cumulative,94,FAIL,1,0,0,1
s94-N10000-b2048-t128,94,10000,2048,128,100,F1b,0.0,V1,cumulative,94,FAIL,1,0,0,1
s94-N10000-b2048-t128,94,10000,2048,128,0,F1b,0.0,V2minus,cumulative,94,FAIL,1,0,0,1
s94-N10000-b2048-t128,94,10000,2048,128,0,F1b,0.0,V2,cumulative,94,FAIL,1,0,0,1
s94-N10000-b2048-t128,94,10000,2048,128,0,F1b,0.0,V3,cumulative,94,FAIL,1,0,0,1
s94-N10000-b2048-t128,94,10000,2048,128,0,F2,0.0,V0,cumulative,94,FAIL,1,0,0,1
s94-N10000-b2048-t128,94,10000,2048,128,100,F2,0.0,V1,cumulative,94,FAIL,1,0,0,1
s94-N10000-b2048-t128,94,10000,2048,128,0,F2,0.0,V2minus,cumulative,94,FAIL,1,0,0,1
s94-N10000-b2048-t128,94,10000,2048,128,0,F2,0.0,V2,cumulative,94,FAIL,1,0,0,1
s94-N10000-b2048-t128,94,10000,2048,128,0,F2,0.0,V3,cumulative,94,FAIL,1,0,0,1
s94-N10000-b2048-t128,94,10000,2048,128,0,F3,0.0,V0,cumulative,94,FAIL,1,0,0,1
s94-N10000-b2048-t128,94,10000,2048,128,100,F3,0.0,V1,cumulative,94,FAIL,1,0,0,1
s94-N10000-b2048-t128,94,10000,2048,128,0,F3,0.0,V2minus,cumulative,94,FAIL,1,0,0,1
s94-N10000-b2048-t128,94,10000,2048,128,0,F3,0.0,V2,cumulative,94,FAIL,1,0,0,1
s94-N10000-b2048-t128,94,10000,2048,128,0,F3,0.0,V3,cumulative,94,FAIL,1,0,0,1
s94-N10000-b2048-t128,94,10000,2048,128,0,F4r,0.0,V0,cumulative,94,FAIL,1,0,0,1
s94-N10000-b2048-t128,94,10000,2048,128,100,F4r,0.0,V1,cumulative,94,FAIL,1,0,0,1
s94-N10000-b2048-t128,94,10000,2048,128,0,F4r,0.0,V2minus,cumulative,94,FAIL,1,0,0,1
s94-N10000-b2048-t128,94,10000,2048,128,0,F4r,0.0,V2,cumulative,94,FAIL,1,0,0,1
s94-N10000-b2048-t128,94,10000,2048,128,0,F4r,0.0,V3,cumulative,94,FAIL,1,0,0,1
s94-N10000-b2048-t128,94,10000,2048,128,0,F4m,0.0,V0,cumulative,94,FAIL,0,0,0,1
s94-N10000-b2048-t128,94,10000,2048,128,100,F4m,0.0,V1,cumulative,94,FAIL,0,0,0,1
s94-N10000-b2048-t128,94,10000,2048,128,0,F4m,0.0,V2minus,cumulative,94,FAIL,0,0,0,1
s94-N10000-b2048-t128,94,10000,2048,128,0,F4m,0.0,V2,cumulative,94,FAIL,0,0,0,1
s94-N10000-b2048-t128,94,10000,2048,128,0,F4m,0.0,V3,cumulative,94,FAIL,0,0,0,1
s94-N10000-b2048-t128,94,10000,2048,128,0,F5,0.0,V0,cumulative,94,PASS,0,0,1,0
s94-N10000-b2048-t128,94,10000,2048,128,100,F5,0.0,V1,cumulative,94,PASS,0,0,1,0
s94-N10000-b2048-t128,94,10000,2048,128,0,F5,0.0,V2minus,cumulative,94,FAIL,1,0,0,1
s94-N10000-b2048-t128,94,10000,2048,128,0,F5,0.0,V2,cumulative,94,FAIL,1,0,0,1
s94-N10000-b2048-t128,94,10000,2048,128,0,F5,0.0,V3,cumulative,94,FAIL,1,0,0,1
s94-N10000-b2048-t128,94,10000,2048,128,0,F5,0.05,V0,cumulative,94,PASS,0,0,500,0
s94-N10000-b2048-t128,94,10000,2048,128,100,F5,0.05,V1,cumulative,94,PASS,0,0,500,0
s94-N10000-b2048-t128,94,10000,2048,128,0,F5,0.05,V2minus,cumulative,94,FAIL,500,0,0,1
s94-N10000-b2048-t128,94,10000,2048,128,0,F5,0.05,V2,cumulative,94,FAIL,500,0,0,1
s94-N10000-b2048-t128,94,10000,2048,128,0,F5,0.05,V3,cumulative,94,FAIL,500,0,0,1
s94-N10000-b2048-t128,94,10000,2048,128,0,F5b,0.0,V0,cumulative,94,PASS,0,0,1,0
s94-N10000-b2048-t128,94,10000,2048,128,100,F5b,0.0,V1,cumulative,94,PASS,0,0,1,0
s94-N10000-b2048-t128,94,10000,2048,128,0,F5b,0.0,V2minus,cumulative,94,FAIL,1,0,0,1
s94-N10000-b2048-t128,94,10000,2048,128,0,F5b,0.0,V2,cumulative,94,FAIL,1,0,0,1
s94-N10000-b2048-t128,94,10000,2048,128,0,F5b,0.0,V3,cumulative,94,FAIL,1,0,0,1
s94-N10000-b2048-t128,94,10000,2048,128,0,F5c,0.0,V0,cumulative,94,PASS,0,0,2,0
s94-N10000-b2048-t128,94,10000,2048,128,100,F5c,0.0,V1,cumulative,94,PASS,0,0,2,0
s94-N10000-b2048-t128,94,10000,2048,128,0,F5c,0.0,V2minus,cumulative,94,FAIL,2,0,0,1
s94-N10000-b2048-t128,94,10000,2048,128,0,F5c,0.0,V2,cumulative,94,FAIL,2,0,0,1
s94-N10000-b2048-t128,94,10000,2048,128,0,F5c,0.0,V3,cumulative,94,FAIL,2,0,0,1
s94-N10000-b2048-t128,94,10000,2048,128,0,F6,0.0,V0,cumulative,94,INCOMPLETE,0,0,0,1
s94-N10000-b2048-t128,94,10000,2048,128,100,F6,0.0,V1,cumulative,94,INCOMPLETE,0,0,0,1
s94-N10000-b2048-t128,94,10000,2048,128,0,F6,0.0,V2minus,cumulative,94,INCOMPLETE,0,0,0,1
s94-N10000-b2048-t128,94,10000,2048,128,0,F6,0.0,V2,cumulative,94,INCOMPLETE,0,0,0,1
s94-N10000-b2048-t128,94,10000,2048,128,0,F6,0.0,V3,cumulative,94,INCOMPLETE,0,0,0,1
s94-N10000-b2048-t128,94,10000,2048,128,0,F7,0.0,V2minus,cumulative,94,UNRUNNABLE,0,0,1,0
s94-N10000-b2048-t128,94,10000,2048,128,0,F7,0.0,V2,cumulative,94,FAIL,1,0,0,1
s95-N10000-b2048-t128,95,10000,2048,128,0,F0,0.0,V0,cumulative,95,PASS,0,0,0,0
s95-N10000-b2048-t128,95,10000,2048,128,100,F0,0.0,V1,cumulative,95,PASS,0,0,0,0
s95-N10000-b2048-t128,95,10000,2048,128,0,F0,0.0,V2minus,cumulative,95,PASS,0,0,0,0
s95-N10000-b2048-t128,95,10000,2048,128,0,F0,0.0,V2,cumulative,95,PASS,0,0,0,0
s95-N10000-b2048-t128,95,10000,2048,128,0,F0,0.0,V3,cumulative,95,PASS,0,0,0,0
s95-N10000-b2048-t128,95,10000,2048,128,0,F1a,0.0,V0,cumulative,95,FAIL,1,0,0,1
s95-N10000-b2048-t128,95,10000,2048,128,100,F1a,0.0,V1,cumulative,95,FAIL,1,0,0,1
s95-N10000-b2048-t128,95,10000,2048,128,0,F1a,0.0,V2minus,cumulative,95,FAIL,1,0,0,1
s95-N10000-b2048-t128,95,10000,2048,128,0,F1a,0.0,V2,cumulative,95,FAIL,1,0,0,1
s95-N10000-b2048-t128,95,10000,2048,128,0,F1a,0.0,V3,cumulative,95,FAIL,1,0,0,1
s95-N10000-b2048-t128,95,10000,2048,128,0,F1b,0.0,V0,cumulative,95,FAIL,1,0,0,1
s95-N10000-b2048-t128,95,10000,2048,128,100,F1b,0.0,V1,cumulative,95,FAIL,1,0,0,1
s95-N10000-b2048-t128,95,10000,2048,128,0,F1b,0.0,V2minus,cumulative,95,FAIL,1,0,0,1
s95-N10000-b2048-t128,95,10000,2048,128,0,F1b,0.0,V2,cumulative,95,FAIL,1,0,0,1
s95-N10000-b2048-t128,95,10000,2048,128,0,F1b,0.0,V3,cumulative,95,FAIL,1,0,0,1
s95-N10000-b2048-t128,95,10000,2048,128,0,F2,0.0,V0,cumulative,95,FAIL,1,0,0,1
s95-N10000-b2048-t128,95,10000,2048,128,100,F2,0.0,V1,cumulative,95,FAIL,1,0,0,1
s95-N10000-b2048-t128,95,10000,2048,128,0,F2,0.0,V2minus,cumulative,95,FAIL,1,0,0,1
s95-N10000-b2048-t128,95,10000,2048,128,0,F2,0.0,V2,cumulative,95,FAIL,1,0,0,1
s95-N10000-b2048-t128,95,10000,2048,128,0,F2,0.0,V3,cumulative,95,FAIL,1,0,0,1
s95-N10000-b2048-t128,95,10000,2048,128,0,F3,0.0,V0,cumulative,95,FAIL,1,0,0,1
s95-N10000-b2048-t128,95,10000,2048,128,100,F3,0.0,V1,cumulative,95,FAIL,1,0,0,1
s95-N10000-b2048-t128,95,10000,2048,128,0,F3,0.0,V2minus,cumulative,95,FAIL,1,0,0,1
s95-N10000-b2048-t128,95,10000,2048,128,0,F3,0.0,V2,cumulative,95,FAIL,1,0,0,1
s95-N10000-b2048-t128,95,10000,2048,128,0,F3,0.0,V3,cumulative,95,FAIL,1,0,0,1
s95-N10000-b2048-t128,95,10000,2048,128,0,F4r,0.0,V0,cumulative,95,FAIL,1,0,0,1
s95-N10000-b2048-t128,95,10000,2048,128,100,F4r,0.0,V1,cumulative,95,FAIL,1,0,0,1
s95-N10000-b2048-t128,95,10000,2048,128,0,F4r,0.0,V2minus,cumulative,95,FAIL,1,0,0,1
s95-N10000-b2048-t128,95,10000,2048,128,0,F4r,0.0,V2,cumulative,95,FAIL,1,0,0,1
s95-N10000-b2048-t128,95,10000,2048,128,0,F4r,0.0,V3,cumulative,95,FAIL,1,0,0,1
s95-N10000-b2048-t128,95,10000,2048,128,0,F4m,0.0,V0,cumulative,95,FAIL,0,0,0,1
s95-N10000-b2048-t128,95,10000,2048,128,100,F4m,0.0,V1,cumulative,95,FAIL,0,0,0,1
s95-N10000-b2048-t128,95,10000,2048,128,0,F4m,0.0,V2minus,cumulative,95,FAIL,0,0,0,1
s95-N10000-b2048-t128,95,10000,2048,128,0,F4m,0.0,V2,cumulative,95,FAIL,0,0,0,1
s95-N10000-b2048-t128,95,10000,2048,128,0,F4m,0.0,V3,cumulative,95,FAIL,0,0,0,1
s95-N10000-b2048-t128,95,10000,2048,128,0,F5,0.0,V0,cumulative,95,PASS,0,0,1,0
s95-N10000-b2048-t128,95,10000,2048,128,100,F5,0.0,V1,cumulative,95,PASS,0,0,1,0
s95-N10000-b2048-t128,95,10000,2048,128,0,F5,0.0,V2minus,cumulative,95,FAIL,1,0,0,1
s95-N10000-b2048-t128,95,10000,2048,128,0,F5,0.0,V2,cumulative,95,FAIL,1,0,0,1
s95-N10000-b2048-t128,95,10000,2048,128,0,F5,0.0,V3,cumulative,95,FAIL,1,0,0,1
s95-N10000-b2048-t128,95,10000,2048,128,0,F5,0.05,V0,cumulative,95,PASS,0,0,500,0
s95-N10000-b2048-t128,95,10000,2048,128,100,F5,0.05,V1,cumulative,95,PASS,0,0,500,0
s95-N10000-b2048-t128,95,10000,2048,128,0,F5,0.05,V2minus,cumulative,95,FAIL,500,0,0,1
s95-N10000-b2048-t128,95,10000,2048,128,0,F5,0.05,V2,cumulative,95,FAIL,500,0,0,1
s95-N10000-b2048-t128,95,10000,2048,128,0,F5,0.05,V3,cumulative,95,FAIL,500,0,0,1
s95-N10000-b2048-t128,95,10000,2048,128,0,F5b,0.0,V0,cumulative,95,PASS,0,0,1,0
s95-N10000-b2048-t128,95,10000,2048,128,100,F5b,0.0,V1,cumulative,95,PASS,0,0,1,0
s95-N10000-b2048-t128,95,10000,2048,128,0,F5b,0.0,V2minus,cumulative,95,FAIL,1,0,0,1
s95-N10000-b2048-t128,95,10000,2048,128,0,F5b,0.0,V2,cumulative,95,FAIL,1,0,0,1
s95-N10000-b2048-t128,95,10000,2048,128,0,F5b,0.0,V3,cumulative,95,FAIL,1,0,0,1
s95-N10000-b2048-t128,95,10000,2048,128,0,F5c,0.0,V0,cumulative,95,PASS,0,0,2,0
s95-N10000-b2048-t128,95,10000,2048,128,100,F5c,0.0,V1,cumulative,95,PASS,0,0,2,0
s95-N10000-b2048-t128,95,10000,2048,128,0,F5c,0.0,V2minus,cumulative,95,FAIL,2,0,0,1
s95-N10000-b2048-t128,95,10000,2048,128,0,F5c,0.0,V2,cumulative,95,FAIL,2,0,0,1
s95-N10000-b2048-t128,95,10000,2048,128,0,F5c,0.0,V3,cumulative,95,FAIL,2,0,0,1
s95-N10000-b2048-t128,95,10000,2048,128,0,F6,0.0,V0,cumulative,95,INCOMPLETE,0,0,0,1
s95-N10000-b2048-t128,95,10000,2048,128,100,F6,0.0,V1,cumulative,95,INCOMPLETE,0,0,0,1
s95-N10000-b2048-t128,95,10000,2048,128,0,F6,0.0,V2minus,cumulative,95,INCOMPLETE,0,0,0,1
s95-N10000-b2048-t128,95,10000,2048,128,0,F6,0.0,V2,cumulative,95,INCOMPLETE,0,0,0,1
s95-N10000-b2048-t128,95,10000,2048,128,0,F6,0.0,V3,cumulative,95,INCOMPLETE,0,0,0,1
s95-N10000-b2048-t128,95,10000,2048,128,0,F7,0.0,V2minus,cumulative,95,UNRUNNABLE,0,0,1,0
s95-N10000-b2048-t128,95,10000,2048,128,0,F7,0.0,V2,cumulative,95,FAIL,1,0,0,1
s96-N10000-b2048-t128,96,10000,2048,128,0,F0,0.0,V0,cumulative,96,PASS,0,0,0,0
s96-N10000-b2048-t128,96,10000,2048,128,100,F0,0.0,V1,cumulative,96,PASS,0,0,0,0
s96-N10000-b2048-t128,96,10000,2048,128,0,F0,0.0,V2minus,cumulative,96,PASS,0,0,0,0
s96-N10000-b2048-t128,96,10000,2048,128,0,F0,0.0,V2,cumulative,96,PASS,0,0,0,0
s96-N10000-b2048-t128,96,10000,2048,128,0,F0,0.0,V3,cumulative,96,PASS,0,0,0,0
s96-N10000-b2048-t128,96,10000,2048,128,0,F1a,0.0,V0,cumulative,96,FAIL,1,0,0,1
s96-N10000-b2048-t128,96,10000,2048,128,100,F1a,0.0,V1,cumulative,96,FAIL,1,0,0,1
s96-N10000-b2048-t128,96,10000,2048,128,0,F1a,0.0,V2minus,cumulative,96,FAIL,1,0,0,1
s96-N10000-b2048-t128,96,10000,2048,128,0,F1a,0.0,V2,cumulative,96,FAIL,1,0,0,1
s96-N10000-b2048-t128,96,10000,2048,128,0,F1a,0.0,V3,cumulative,96,FAIL,1,0,0,1
s96-N10000-b2048-t128,96,10000,2048,128,0,F1b,0.0,V0,cumulative,96,FAIL,1,0,0,1
s96-N10000-b2048-t128,96,10000,2048,128,100,F1b,0.0,V1,cumulative,96,FAIL,1,0,0,1
s96-N10000-b2048-t128,96,10000,2048,128,0,F1b,0.0,V2minus,cumulative,96,FAIL,1,0,0,1
s96-N10000-b2048-t128,96,10000,2048,128,0,F1b,0.0,V2,cumulative,96,FAIL,1,0,0,1
s96-N10000-b2048-t128,96,10000,2048,128,0,F1b,0.0,V3,cumulative,96,FAIL,1,0,0,1
s96-N10000-b2048-t128,96,10000,2048,128,0,F2,0.0,V0,cumulative,96,FAIL,1,0,0,1
s96-N10000-b2048-t128,96,10000,2048,128,100,F2,0.0,V1,cumulative,96,FAIL,1,0,0,1
s96-N10000-b2048-t128,96,10000,2048,128,0,F2,0.0,V2minus,cumulative,96,FAIL,1,0,0,1
s96-N10000-b2048-t128,96,10000,2048,128,0,F2,0.0,V2,cumulative,96,FAIL,1,0,0,1
s96-N10000-b2048-t128,96,10000,2048,128,0,F2,0.0,V3,cumulative,96,FAIL,1,0,0,1
s96-N10000-b2048-t128,96,10000,2048,128,0,F3,0.0,V0,cumulative,96,FAIL,1,0,0,1
s96-N10000-b2048-t128,96,10000,2048,128,100,F3,0.0,V1,cumulative,96,FAIL,1,0,0,1
s96-N10000-b2048-t128,96,10000,2048,128,0,F3,0.0,V2minus,cumulative,96,FAIL,1,0,0,1
s96-N10000-b2048-t128,96,10000,2048,128,0,F3,0.0,V2,cumulative,96,FAIL,1,0,0,1
s96-N10000-b2048-t128,96,10000,2048,128,0,F3,0.0,V3,cumulative,96,FAIL,1,0,0,1
s96-N10000-b2048-t128,96,10000,2048,128,0,F4r,0.0,V0,cumulative,96,FAIL,1,1,0,1
s96-N10000-b2048-t128,96,10000,2048,128,100,F4r,0.0,V1,cumulative,96,FAIL,1,1,0,1
s96-N10000-b2048-t128,96,10000,2048,128,0,F4r,0.0,V2minus,cumulative,96,FAIL,1,1,0,1
s96-N10000-b2048-t128,96,10000,2048,128,0,F4r,0.0,V2,cumulative,96,FAIL,1,1,0,1
s96-N10000-b2048-t128,96,10000,2048,128,0,F4r,0.0,V3,cumulative,96,FAIL,1,1,0,1
s96-N10000-b2048-t128,96,10000,2048,128,0,F4m,0.0,V0,cumulative,96,FAIL,0,0,0,1
s96-N10000-b2048-t128,96,10000,2048,128,100,F4m,0.0,V1,cumulative,96,FAIL,0,0,0,1
s96-N10000-b2048-t128,96,10000,2048,128,0,F4m,0.0,V2minus,cumulative,96,FAIL,0,0,0,1
s96-N10000-b2048-t128,96,10000,2048,128,0,F4m,0.0,V2,cumulative,96,FAIL,0,0,0,1
s96-N10000-b2048-t128,96,10000,2048,128,0,F4m,0.0,V3,cumulative,96,FAIL,0,0,0,1
s96-N10000-b2048-t128,96,10000,2048,128,0,F5,0.0,V0,cumulative,96,PASS,0,0,1,0
s96-N10000-b2048-t128,96,10000,2048,128,100,F5,0.0,V1,cumulative,96,PASS,0,0,1,0
s96-N10000-b2048-t128,96,10000,2048,128,0,F5,0.0,V2minus,cumulative,96,FAIL,1,0,0,1
s96-N10000-b2048-t128,96,10000,2048,128,0,F5,0.0,V2,cumulative,96,FAIL,1,0,0,1
s96-N10000-b2048-t128,96,10000,2048,128,0,F5,0.0,V3,cumulative,96,FAIL,1,0,0,1
s96-N10000-b2048-t128,96,10000,2048,128,0,F5,0.05,V0,cumulative,96,PASS,0,0,500,0
s96-N10000-b2048-t128,96,10000,2048,128,100,F5,0.05,V1,cumulative,96,PASS,0,0,500,0
s96-N10000-b2048-t128,96,10000,2048,128,0,F5,0.05,V2minus,cumulative,96,FAIL,500,0,0,1
s96-N10000-b2048-t128,96,10000,2048,128,0,F5,0.05,V2,cumulative,96,FAIL,500,0,0,1
s96-N10000-b2048-t128,96,10000,2048,128,0,F5,0.05,V3,cumulative,96,FAIL,500,0,0,1
s96-N10000-b2048-t128,96,10000,2048,128,0,F5b,0.0,V0,cumulative,96,PASS,0,0,1,0
s96-N10000-b2048-t128,96,10000,2048,128,100,F5b,0.0,V1,cumulative,96,PASS,0,0,1,0
s96-N10000-b2048-t128,96,10000,2048,128,0,F5b,0.0,V2minus,cumulative,96,FAIL,1,0,0,1
s96-N10000-b2048-t128,96,10000,2048,128,0,F5b,0.0,V2,cumulative,96,FAIL,1,0,0,1
s96-N10000-b2048-t128,96,10000,2048,128,0,F5b,0.0,V3,cumulative,96,FAIL,1,0,0,1
s96-N10000-b2048-t128,96,10000,2048,128,0,F5c,0.0,V0,cumulative,96,PASS,0,0,2,0
s96-N10000-b2048-t128,96,10000,2048,128,100,F5c,0.0,V1,cumulative,96,PASS,0,0,2,0
s96-N10000-b2048-t128,96,10000,2048,128,0,F5c,0.0,V2minus,cumulative,96,FAIL,2,0,0,1
s96-N10000-b2048-t128,96,10000,2048,128,0,F5c,0.0,V2,cumulative,96,FAIL,2,0,0,1
s96-N10000-b2048-t128,96,10000,2048,128,0,F5c,0.0,V3,cumulative,96,FAIL,2,0,0,1
s96-N10000-b2048-t128,96,10000,2048,128,0,F6,0.0,V0,cumulative,96,INCOMPLETE,0,0,0,1
s96-N10000-b2048-t128,96,10000,2048,128,100,F6,0.0,V1,cumulative,96,INCOMPLETE,0,0,0,1
s96-N10000-b2048-t128,96,10000,2048,128,0,F6,0.0,V2minus,cumulative,96,INCOMPLETE,0,0,0,1
s96-N10000-b2048-t128,96,10000,2048,128,0,F6,0.0,V2,cumulative,96,INCOMPLETE,0,0,0,1
s96-N10000-b2048-t128,96,10000,2048,128,0,F6,0.0,V3,cumulative,96,INCOMPLETE,0,0,0,1
s96-N10000-b2048-t128,96,10000,2048,128,0,F7,0.0,V2minus,cumulative,96,UNRUNNABLE,0,0,1,0
s96-N10000-b2048-t128,96,10000,2048,128,0,F7,0.0,V2,cumulative,96,FAIL,1,0,0,1
s97-N10000-b2048-t128,97,10000,2048,128,0,F0,0.0,V0,cumulative,97,PASS,0,0,0,0
s97-N10000-b2048-t128,97,10000,2048,128,100,F0,0.0,V1,cumulative,97,PASS,0,0,0,0
s97-N10000-b2048-t128,97,10000,2048,128,0,F0,0.0,V2minus,cumulative,97,PASS,0,0,0,0
s97-N10000-b2048-t128,97,10000,2048,128,0,F0,0.0,V2,cumulative,97,PASS,0,0,0,0
s97-N10000-b2048-t128,97,10000,2048,128,0,F0,0.0,V3,cumulative,97,PASS,0,0,0,0
s97-N10000-b2048-t128,97,10000,2048,128,0,F1a,0.0,V0,cumulative,97,FAIL,1,0,0,1
s97-N10000-b2048-t128,97,10000,2048,128,100,F1a,0.0,V1,cumulative,97,FAIL,1,0,0,1
s97-N10000-b2048-t128,97,10000,2048,128,0,F1a,0.0,V2minus,cumulative,97,FAIL,1,0,0,1
s97-N10000-b2048-t128,97,10000,2048,128,0,F1a,0.0,V2,cumulative,97,FAIL,1,0,0,1
s97-N10000-b2048-t128,97,10000,2048,128,0,F1a,0.0,V3,cumulative,97,FAIL,1,0,0,1
s97-N10000-b2048-t128,97,10000,2048,128,0,F1b,0.0,V0,cumulative,97,FAIL,1,0,0,1
s97-N10000-b2048-t128,97,10000,2048,128,100,F1b,0.0,V1,cumulative,97,FAIL,1,0,0,1
s97-N10000-b2048-t128,97,10000,2048,128,0,F1b,0.0,V2minus,cumulative,97,FAIL,1,0,0,1
s97-N10000-b2048-t128,97,10000,2048,128,0,F1b,0.0,V2,cumulative,97,FAIL,1,0,0,1
s97-N10000-b2048-t128,97,10000,2048,128,0,F1b,0.0,V3,cumulative,97,FAIL,1,0,0,1
s97-N10000-b2048-t128,97,10000,2048,128,0,F2,0.0,V0,cumulative,97,FAIL,1,0,0,1
s97-N10000-b2048-t128,97,10000,2048,128,100,F2,0.0,V1,cumulative,97,FAIL,1,0,0,1
s97-N10000-b2048-t128,97,10000,2048,128,0,F2,0.0,V2minus,cumulative,97,FAIL,1,0,0,1
s97-N10000-b2048-t128,97,10000,2048,128,0,F2,0.0,V2,cumulative,97,FAIL,1,0,0,1
s97-N10000-b2048-t128,97,10000,2048,128,0,F2,0.0,V3,cumulative,97,FAIL,1,0,0,1
s97-N10000-b2048-t128,97,10000,2048,128,0,F3,0.0,V0,cumulative,97,FAIL,1,0,0,1
s97-N10000-b2048-t128,97,10000,2048,128,100,F3,0.0,V1,cumulative,97,FAIL,1,0,0,1
s97-N10000-b2048-t128,97,10000,2048,128,0,F3,0.0,V2minus,cumulative,97,FAIL,1,0,0,1
s97-N10000-b2048-t128,97,10000,2048,128,0,F3,0.0,V2,cumulative,97,FAIL,1,0,0,1
s97-N10000-b2048-t128,97,10000,2048,128,0,F3,0.0,V3,cumulative,97,FAIL,1,0,0,1
s97-N10000-b2048-t128,97,10000,2048,128,0,F4r,0.0,V0,cumulative,97,FAIL,1,0,0,1
s97-N10000-b2048-t128,97,10000,2048,128,100,F4r,0.0,V1,cumulative,97,FAIL,1,0,0,1
s97-N10000-b2048-t128,97,10000,2048,128,0,F4r,0.0,V2minus,cumulative,97,FAIL,1,0,0,1
s97-N10000-b2048-t128,97,10000,2048,128,0,F4r,0.0,V2,cumulative,97,FAIL,1,0,0,1
s97-N10000-b2048-t128,97,10000,2048,128,0,F4r,0.0,V3,cumulative,97,FAIL,1,0,0,1
s97-N10000-b2048-t128,97,10000,2048,128,0,F4m,0.0,V0,cumulative,97,FAIL,0,0,0,1
s97-N10000-b2048-t128,97,10000,2048,128,100,F4m,0.0,V1,cumulative,97,FAIL,0,0,0,1
s97-N10000-b2048-t128,97,10000,2048,128,0,F4m,0.0,V2minus,cumulative,97,FAIL,0,0,0,1
s97-N10000-b2048-t128,97,10000,2048,128,0,F4m,0.0,V2,cumulative,97,FAIL,0,0,0,1
s97-N10000-b2048-t128,97,10000,2048,128,0,F4m,0.0,V3,cumulative,97,FAIL,0,0,0,1
s97-N10000-b2048-t128,97,10000,2048,128,0,F5,0.0,V0,cumulative,97,PASS,0,0,1,0
s97-N10000-b2048-t128,97,10000,2048,128,100,F5,0.0,V1,cumulative,97,PASS,0,0,1,0
s97-N10000-b2048-t128,97,10000,2048,128,0,F5,0.0,V2minus,cumulative,97,FAIL,1,0,0,1
s97-N10000-b2048-t128,97,10000,2048,128,0,F5,0.0,V2,cumulative,97,FAIL,1,0,0,1
s97-N10000-b2048-t128,97,10000,2048,128,0,F5,0.0,V3,cumulative,97,FAIL,1,0,0,1
s97-N10000-b2048-t128,97,10000,2048,128,0,F5,0.05,V0,cumulative,97,PASS,0,0,500,0
s97-N10000-b2048-t128,97,10000,2048,128,100,F5,0.05,V1,cumulative,97,PASS,0,0,500,0
s97-N10000-b2048-t128,97,10000,2048,128,0,F5,0.05,V2minus,cumulative,97,FAIL,500,0,0,1
s97-N10000-b2048-t128,97,10000,2048,128,0,F5,0.05,V2,cumulative,97,FAIL,500,0,0,1
s97-N10000-b2048-t128,97,10000,2048,128,0,F5,0.05,V3,cumulative,97,FAIL,500,0,0,1
s97-N10000-b2048-t128,97,10000,2048,128,0,F5b,0.0,V0,cumulative,97,PASS,0,0,1,0
s97-N10000-b2048-t128,97,10000,2048,128,100,F5b,0.0,V1,cumulative,97,PASS,0,0,1,0
s97-N10000-b2048-t128,97,10000,2048,128,0,F5b,0.0,V2minus,cumulative,97,FAIL,1,0,0,1
s97-N10000-b2048-t128,97,10000,2048,128,0,F5b,0.0,V2,cumulative,97,FAIL,1,0,0,1
s97-N10000-b2048-t128,97,10000,2048,128,0,F5b,0.0,V3,cumulative,97,FAIL,1,0,0,1
s97-N10000-b2048-t128,97,10000,2048,128,0,F5c,0.0,V0,cumulative,97,PASS,0,0,2,0
s97-N10000-b2048-t128,97,10000,2048,128,100,F5c,0.0,V1,cumulative,97,PASS,0,0,2,0
s97-N10000-b2048-t128,97,10000,2048,128,0,F5c,0.0,V2minus,cumulative,97,FAIL,2,0,0,1
s97-N10000-b2048-t128,97,10000,2048,128,0,F5c,0.0,V2,cumulative,97,FAIL,2,0,0,1
s97-N10000-b2048-t128,97,10000,2048,128,0,F5c,0.0,V3,cumulative,97,FAIL,2,0,0,1
s97-N10000-b2048-t128,97,10000,2048,128,0,F6,0.0,V0,cumulative,97,INCOMPLETE,0,0,0,1
s97-N10000-b2048-t128,97,10000,2048,128,100,F6,0.0,V1,cumulative,97,INCOMPLETE,0,0,0,1
s97-N10000-b2048-t128,97,10000,2048,128,0,F6,0.0,V2minus,cumulative,97,INCOMPLETE,0,0,0,1
s97-N10000-b2048-t128,97,10000,2048,128,0,F6,0.0,V2,cumulative,97,INCOMPLETE,0,0,0,1
s97-N10000-b2048-t128,97,10000,2048,128,0,F6,0.0,V3,cumulative,97,INCOMPLETE,0,0,0,1
s97-N10000-b2048-t128,97,10000,2048,128,0,F7,0.0,V2minus,cumulative,97,UNRUNNABLE,0,0,1,0
s97-N10000-b2048-t128,97,10000,2048,128,0,F7,0.0,V2,cumulative,97,FAIL,1,0,0,1
s98-N10000-b2048-t128,98,10000,2048,128,0,F0,0.0,V0,cumulative,98,PASS,0,0,0,0
s98-N10000-b2048-t128,98,10000,2048,128,100,F0,0.0,V1,cumulative,98,PASS,0,0,0,0
s98-N10000-b2048-t128,98,10000,2048,128,0,F0,0.0,V2minus,cumulative,98,PASS,0,0,0,0
s98-N10000-b2048-t128,98,10000,2048,128,0,F0,0.0,V2,cumulative,98,PASS,0,0,0,0
s98-N10000-b2048-t128,98,10000,2048,128,0,F0,0.0,V3,cumulative,98,PASS,0,0,0,0
s98-N10000-b2048-t128,98,10000,2048,128,0,F1a,0.0,V0,cumulative,98,FAIL,1,0,0,1
s98-N10000-b2048-t128,98,10000,2048,128,100,F1a,0.0,V1,cumulative,98,FAIL,1,0,0,1
s98-N10000-b2048-t128,98,10000,2048,128,0,F1a,0.0,V2minus,cumulative,98,FAIL,1,0,0,1
s98-N10000-b2048-t128,98,10000,2048,128,0,F1a,0.0,V2,cumulative,98,FAIL,1,0,0,1
s98-N10000-b2048-t128,98,10000,2048,128,0,F1a,0.0,V3,cumulative,98,FAIL,1,0,0,1
s98-N10000-b2048-t128,98,10000,2048,128,0,F1b,0.0,V0,cumulative,98,FAIL,1,0,0,1
s98-N10000-b2048-t128,98,10000,2048,128,100,F1b,0.0,V1,cumulative,98,FAIL,1,0,0,1
s98-N10000-b2048-t128,98,10000,2048,128,0,F1b,0.0,V2minus,cumulative,98,FAIL,1,0,0,1
s98-N10000-b2048-t128,98,10000,2048,128,0,F1b,0.0,V2,cumulative,98,FAIL,1,0,0,1
s98-N10000-b2048-t128,98,10000,2048,128,0,F1b,0.0,V3,cumulative,98,FAIL,1,0,0,1
s98-N10000-b2048-t128,98,10000,2048,128,0,F2,0.0,V0,cumulative,98,FAIL,1,0,0,1
s98-N10000-b2048-t128,98,10000,2048,128,100,F2,0.0,V1,cumulative,98,FAIL,1,0,0,1
s98-N10000-b2048-t128,98,10000,2048,128,0,F2,0.0,V2minus,cumulative,98,FAIL,1,0,0,1
s98-N10000-b2048-t128,98,10000,2048,128,0,F2,0.0,V2,cumulative,98,FAIL,1,0,0,1
s98-N10000-b2048-t128,98,10000,2048,128,0,F2,0.0,V3,cumulative,98,FAIL,1,0,0,1
s98-N10000-b2048-t128,98,10000,2048,128,0,F3,0.0,V0,cumulative,98,FAIL,1,0,0,1
s98-N10000-b2048-t128,98,10000,2048,128,100,F3,0.0,V1,cumulative,98,FAIL,1,0,0,1
s98-N10000-b2048-t128,98,10000,2048,128,0,F3,0.0,V2minus,cumulative,98,FAIL,1,0,0,1
s98-N10000-b2048-t128,98,10000,2048,128,0,F3,0.0,V2,cumulative,98,FAIL,1,0,0,1
s98-N10000-b2048-t128,98,10000,2048,128,0,F3,0.0,V3,cumulative,98,FAIL,1,0,0,1
s98-N10000-b2048-t128,98,10000,2048,128,0,F4r,0.0,V0,cumulative,98,FAIL,1,0,0,1
s98-N10000-b2048-t128,98,10000,2048,128,100,F4r,0.0,V1,cumulative,98,FAIL,1,0,0,1
s98-N10000-b2048-t128,98,10000,2048,128,0,F4r,0.0,V2minus,cumulative,98,FAIL,1,0,0,1
s98-N10000-b2048-t128,98,10000,2048,128,0,F4r,0.0,V2,cumulative,98,FAIL,1,0,0,1
s98-N10000-b2048-t128,98,10000,2048,128,0,F4r,0.0,V3,cumulative,98,FAIL,1,0,0,1
s98-N10000-b2048-t128,98,10000,2048,128,0,F4m,0.0,V0,cumulative,98,FAIL,0,0,0,1
s98-N10000-b2048-t128,98,10000,2048,128,100,F4m,0.0,V1,cumulative,98,FAIL,0,0,0,1
s98-N10000-b2048-t128,98,10000,2048,128,0,F4m,0.0,V2minus,cumulative,98,FAIL,0,0,0,1
s98-N10000-b2048-t128,98,10000,2048,128,0,F4m,0.0,V2,cumulative,98,FAIL,0,0,0,1
s98-N10000-b2048-t128,98,10000,2048,128,0,F4m,0.0,V3,cumulative,98,FAIL,0,0,0,1
s98-N10000-b2048-t128,98,10000,2048,128,0,F5,0.0,V0,cumulative,98,PASS,0,0,1,0
s98-N10000-b2048-t128,98,10000,2048,128,100,F5,0.0,V1,cumulative,98,PASS,0,0,1,0
s98-N10000-b2048-t128,98,10000,2048,128,0,F5,0.0,V2minus,cumulative,98,FAIL,1,0,0,1
s98-N10000-b2048-t128,98,10000,2048,128,0,F5,0.0,V2,cumulative,98,FAIL,1,0,0,1
s98-N10000-b2048-t128,98,10000,2048,128,0,F5,0.0,V3,cumulative,98,FAIL,1,0,0,1
s98-N10000-b2048-t128,98,10000,2048,128,0,F5,0.05,V0,cumulative,98,PASS,0,0,500,0
s98-N10000-b2048-t128,98,10000,2048,128,100,F5,0.05,V1,cumulative,98,PASS,0,0,500,0
s98-N10000-b2048-t128,98,10000,2048,128,0,F5,0.05,V2minus,cumulative,98,FAIL,500,0,0,1
s98-N10000-b2048-t128,98,10000,2048,128,0,F5,0.05,V2,cumulative,98,FAIL,500,0,0,1
s98-N10000-b2048-t128,98,10000,2048,128,0,F5,0.05,V3,cumulative,98,FAIL,500,0,0,1
s98-N10000-b2048-t128,98,10000,2048,128,0,F5b,0.0,V0,cumulative,98,PASS,0,0,1,0
s98-N10000-b2048-t128,98,10000,2048,128,100,F5b,0.0,V1,cumulative,98,PASS,0,0,1,0
s98-N10000-b2048-t128,98,10000,2048,128,0,F5b,0.0,V2minus,cumulative,98,FAIL,1,0,0,1
s98-N10000-b2048-t128,98,10000,2048,128,0,F5b,0.0,V2,cumulative,98,FAIL,1,0,0,1
s98-N10000-b2048-t128,98,10000,2048,128,0,F5b,0.0,V3,cumulative,98,FAIL,1,0,0,1
s98-N10000-b2048-t128,98,10000,2048,128,0,F5c,0.0,V0,cumulative,98,PASS,0,0,2,0
s98-N10000-b2048-t128,98,10000,2048,128,100,F5c,0.0,V1,cumulative,98,PASS,0,0,2,0
s98-N10000-b2048-t128,98,10000,2048,128,0,F5c,0.0,V2minus,cumulative,98,FAIL,2,0,0,1
s98-N10000-b2048-t128,98,10000,2048,128,0,F5c,0.0,V2,cumulative,98,FAIL,2,0,0,1
s98-N10000-b2048-t128,98,10000,2048,128,0,F5c,0.0,V3,cumulative,98,FAIL,2,0,0,1
s98-N10000-b2048-t128,98,10000,2048,128,0,F6,0.0,V0,cumulative,98,INCOMPLETE,0,0,0,1
s98-N10000-b2048-t128,98,10000,2048,128,100,F6,0.0,V1,cumulative,98,INCOMPLETE,0,0,0,1
s98-N10000-b2048-t128,98,10000,2048,128,0,F6,0.0,V2minus,cumulative,98,INCOMPLETE,0,0,0,1
s98-N10000-b2048-t128,98,10000,2048,128,0,F6,0.0,V2,cumulative,98,INCOMPLETE,0,0,0,1
s98-N10000-b2048-t128,98,10000,2048,128,0,F6,0.0,V3,cumulative,98,INCOMPLETE,0,0,0,1
s98-N10000-b2048-t128,98,10000,2048,128,0,F7,0.0,V2minus,cumulative,98,UNRUNNABLE,0,0,1,0
s98-N10000-b2048-t128,98,10000,2048,128,0,F7,0.0,V2,cumulative,98,FAIL,1,0,0,1
s99-N10000-b2048-t128,99,10000,2048,128,0,F0,0.0,V0,cumulative,99,PASS,0,0,0,0
s99-N10000-b2048-t128,99,10000,2048,128,100,F0,0.0,V1,cumulative,99,PASS,0,0,0,0
s99-N10000-b2048-t128,99,10000,2048,128,0,F0,0.0,V2minus,cumulative,99,PASS,0,0,0,0
s99-N10000-b2048-t128,99,10000,2048,128,0,F0,0.0,V2,cumulative,99,PASS,0,0,0,0
s99-N10000-b2048-t128,99,10000,2048,128,0,F0,0.0,V3,cumulative,99,PASS,0,0,0,0
s99-N10000-b2048-t128,99,10000,2048,128,0,F1a,0.0,V0,cumulative,99,FAIL,1,0,0,1
s99-N10000-b2048-t128,99,10000,2048,128,100,F1a,0.0,V1,cumulative,99,FAIL,1,0,0,1
s99-N10000-b2048-t128,99,10000,2048,128,0,F1a,0.0,V2minus,cumulative,99,FAIL,1,0,0,1
s99-N10000-b2048-t128,99,10000,2048,128,0,F1a,0.0,V2,cumulative,99,FAIL,1,0,0,1
s99-N10000-b2048-t128,99,10000,2048,128,0,F1a,0.0,V3,cumulative,99,FAIL,1,0,0,1
s99-N10000-b2048-t128,99,10000,2048,128,0,F1b,0.0,V0,cumulative,99,FAIL,1,0,0,1
s99-N10000-b2048-t128,99,10000,2048,128,100,F1b,0.0,V1,cumulative,99,FAIL,1,0,0,1
s99-N10000-b2048-t128,99,10000,2048,128,0,F1b,0.0,V2minus,cumulative,99,FAIL,1,0,0,1
s99-N10000-b2048-t128,99,10000,2048,128,0,F1b,0.0,V2,cumulative,99,FAIL,1,0,0,1
s99-N10000-b2048-t128,99,10000,2048,128,0,F1b,0.0,V3,cumulative,99,FAIL,1,0,0,1
s99-N10000-b2048-t128,99,10000,2048,128,0,F2,0.0,V0,cumulative,99,FAIL,1,0,0,1
s99-N10000-b2048-t128,99,10000,2048,128,100,F2,0.0,V1,cumulative,99,FAIL,1,0,0,1
s99-N10000-b2048-t128,99,10000,2048,128,0,F2,0.0,V2minus,cumulative,99,FAIL,1,0,0,1
s99-N10000-b2048-t128,99,10000,2048,128,0,F2,0.0,V2,cumulative,99,FAIL,1,0,0,1
s99-N10000-b2048-t128,99,10000,2048,128,0,F2,0.0,V3,cumulative,99,FAIL,1,0,0,1
s99-N10000-b2048-t128,99,10000,2048,128,0,F3,0.0,V0,cumulative,99,FAIL,1,0,0,1
s99-N10000-b2048-t128,99,10000,2048,128,100,F3,0.0,V1,cumulative,99,FAIL,1,0,0,1
s99-N10000-b2048-t128,99,10000,2048,128,0,F3,0.0,V2minus,cumulative,99,FAIL,1,0,0,1
s99-N10000-b2048-t128,99,10000,2048,128,0,F3,0.0,V2,cumulative,99,FAIL,1,0,0,1
s99-N10000-b2048-t128,99,10000,2048,128,0,F3,0.0,V3,cumulative,99,FAIL,1,0,0,1
s99-N10000-b2048-t128,99,10000,2048,128,0,F4r,0.0,V0,cumulative,99,FAIL,1,0,0,1
s99-N10000-b2048-t128,99,10000,2048,128,100,F4r,0.0,V1,cumulative,99,FAIL,1,0,0,1
s99-N10000-b2048-t128,99,10000,2048,128,0,F4r,0.0,V2minus,cumulative,99,FAIL,1,0,0,1
s99-N10000-b2048-t128,99,10000,2048,128,0,F4r,0.0,V2,cumulative,99,FAIL,1,0,0,1
s99-N10000-b2048-t128,99,10000,2048,128,0,F4r,0.0,V3,cumulative,99,FAIL,1,0,0,1
s99-N10000-b2048-t128,99,10000,2048,128,0,F4m,0.0,V0,cumulative,99,FAIL,0,0,0,1
s99-N10000-b2048-t128,99,10000,2048,128,100,F4m,0.0,V1,cumulative,99,FAIL,0,0,0,1
s99-N10000-b2048-t128,99,10000,2048,128,0,F4m,0.0,V2minus,cumulative,99,FAIL,0,0,0,1
s99-N10000-b2048-t128,99,10000,2048,128,0,F4m,0.0,V2,cumulative,99,FAIL,0,0,0,1
s99-N10000-b2048-t128,99,10000,2048,128,0,F4m,0.0,V3,cumulative,99,FAIL,0,0,0,1
s99-N10000-b2048-t128,99,10000,2048,128,0,F5,0.0,V0,cumulative,99,PASS,0,0,1,0
s99-N10000-b2048-t128,99,10000,2048,128,100,F5,0.0,V1,cumulative,99,PASS,0,0,1,0
s99-N10000-b2048-t128,99,10000,2048,128,0,F5,0.0,V2minus,cumulative,99,FAIL,1,0,0,1
s99-N10000-b2048-t128,99,10000,2048,128,0,F5,0.0,V2,cumulative,99,FAIL,1,0,0,1
s99-N10000-b2048-t128,99,10000,2048,128,0,F5,0.0,V3,cumulative,99,FAIL,1,0,0,1
s99-N10000-b2048-t128,99,10000,2048,128,0,F5,0.05,V0,cumulative,99,PASS,0,0,500,0
s99-N10000-b2048-t128,99,10000,2048,128,100,F5,0.05,V1,cumulative,99,PASS,0,0,500,0
s99-N10000-b2048-t128,99,10000,2048,128,0,F5,0.05,V2minus,cumulative,99,FAIL,500,0,0,1
s99-N10000-b2048-t128,99,10000,2048,128,0,F5,0.05,V2,cumulative,99,FAIL,500,0,0,1
s99-N10000-b2048-t128,99,10000,2048,128,0,F5,0.05,V3,cumulative,99,FAIL,500,0,0,1
s99-N10000-b2048-t128,99,10000,2048,128,0,F5b,0.0,V0,cumulative,99,PASS,0,0,1,0
s99-N10000-b2048-t128,99,10000,2048,128,100,F5b,0.0,V1,cumulative,99,PASS,0,0,1,0
s99-N10000-b2048-t128,99,10000,2048,128,0,F5b,0.0,V2minus,cumulative,99,FAIL,1,0,0,1
s99-N10000-b2048-t128,99,10000,2048,128,0,F5b,0.0,V2,cumulative,99,FAIL,1,0,0,1
s99-N10000-b2048-t128,99,10000,2048,128,0,F5b,0.0,V3,cumulative,99,FAIL,1,0,0,1
s99-N10000-b2048-t128,99,10000,2048,128,0,F5c,0.0,V0,cumulative,99,PASS,0,0,2,0
s99-N10000-b2048-t128,99,10000,2048,128,100,F5c,0.0,V1,cumulative,99,PASS,0,0,2,0
s99-N10000-b2048-t128,99,10000,2048,128,0,F5c,0.0,V2minus,cumulative,99,FAIL,2,0,0,1
s99-N10000-b2048-t128,99,10000,2048,128,0,F5c,0.0,V2,cumulative,99,FAIL,2,0,0,1
s99-N10000-b2048-t128,99,10000,2048,128,0,F5c,0.0,V3,cumulative,99,FAIL,2,0,0,1
s99-N10000-b2048-t128,99,10000,2048,128,0,F6,0.0,V0,cumulative,99,INCOMPLETE,0,0,0,1
s99-N10000-b2048-t128,99,10000,2048,128,100,F6,0.0,V1,cumulative,99,INCOMPLETE,0,0,0,1
s99-N10000-b2048-t128,99,10000,2048,128,0,F6,0.0,V2minus,cumulative,99,INCOMPLETE,0,0,0,1
s99-N10000-b2048-t128,99,10000,2048,128,0,F6,0.0,V2,cumulative,99,INCOMPLETE,0,0,0,1
s99-N10000-b2048-t128,99,10000,2048,128,0,F6,0.0,V3,cumulative,99,INCOMPLETE,0,0,0,1
s99-N10000-b2048-t128,99,10000,2048,128,0,F7,0.0,V2minus,cumulative,99,UNRUNNABLE,0,0,1,0
s99-N10000-b2048-t128,99,10000,2048,128,0,F7,0.0,V2,cumulative,99,FAIL,1,0,0,1
s100-N10000-b2048-t128,100,10000,2048,128,0,F0,0.0,V0,cumulative,100,PASS,0,0,0,0
s100-N10000-b2048-t128,100,10000,2048,128,100,F0,0.0,V1,cumulative,100,PASS,0,0,0,0
s100-N10000-b2048-t128,100,10000,2048,128,0,F0,0.0,V2minus,cumulative,100,PASS,0,0,0,0
s100-N10000-b2048-t128,100,10000,2048,128,0,F0,0.0,V2,cumulative,100,PASS,0,0,0,0
s100-N10000-b2048-t128,100,10000,2048,128,0,F0,0.0,V3,cumulative,100,PASS,0,0,0,0
s100-N10000-b2048-t128,100,10000,2048,128,0,F1a,0.0,V0,cumulative,100,FAIL,1,0,0,1
s100-N10000-b2048-t128,100,10000,2048,128,100,F1a,0.0,V1,cumulative,100,FAIL,1,0,0,1
s100-N10000-b2048-t128,100,10000,2048,128,0,F1a,0.0,V2minus,cumulative,100,FAIL,1,0,0,1
s100-N10000-b2048-t128,100,10000,2048,128,0,F1a,0.0,V2,cumulative,100,FAIL,1,0,0,1
s100-N10000-b2048-t128,100,10000,2048,128,0,F1a,0.0,V3,cumulative,100,FAIL,1,0,0,1
s100-N10000-b2048-t128,100,10000,2048,128,0,F1b,0.0,V0,cumulative,100,FAIL,1,0,0,1
s100-N10000-b2048-t128,100,10000,2048,128,100,F1b,0.0,V1,cumulative,100,FAIL,1,0,0,1
s100-N10000-b2048-t128,100,10000,2048,128,0,F1b,0.0,V2minus,cumulative,100,FAIL,1,0,0,1
s100-N10000-b2048-t128,100,10000,2048,128,0,F1b,0.0,V2,cumulative,100,FAIL,1,0,0,1
s100-N10000-b2048-t128,100,10000,2048,128,0,F1b,0.0,V3,cumulative,100,FAIL,1,0,0,1
s100-N10000-b2048-t128,100,10000,2048,128,0,F2,0.0,V0,cumulative,100,FAIL,1,0,0,1
s100-N10000-b2048-t128,100,10000,2048,128,100,F2,0.0,V1,cumulative,100,FAIL,1,0,0,1
s100-N10000-b2048-t128,100,10000,2048,128,0,F2,0.0,V2minus,cumulative,100,FAIL,1,0,0,1
s100-N10000-b2048-t128,100,10000,2048,128,0,F2,0.0,V2,cumulative,100,FAIL,1,0,0,1
s100-N10000-b2048-t128,100,10000,2048,128,0,F2,0.0,V3,cumulative,100,FAIL,1,0,0,1
s100-N10000-b2048-t128,100,10000,2048,128,0,F3,0.0,V0,cumulative,100,FAIL,1,0,0,1
s100-N10000-b2048-t128,100,10000,2048,128,100,F3,0.0,V1,cumulative,100,FAIL,1,0,0,1
s100-N10000-b2048-t128,100,10000,2048,128,0,F3,0.0,V2minus,cumulative,100,FAIL,1,0,0,1
s100-N10000-b2048-t128,100,10000,2048,128,0,F3,0.0,V2,cumulative,100,FAIL,1,0,0,1
s100-N10000-b2048-t128,100,10000,2048,128,0,F3,0.0,V3,cumulative,100,FAIL,1,0,0,1
s100-N10000-b2048-t128,100,10000,2048,128,0,F4r,0.0,V0,cumulative,100,FAIL,1,0,0,1
s100-N10000-b2048-t128,100,10000,2048,128,100,F4r,0.0,V1,cumulative,100,FAIL,1,0,0,1
s100-N10000-b2048-t128,100,10000,2048,128,0,F4r,0.0,V2minus,cumulative,100,FAIL,1,0,0,1
s100-N10000-b2048-t128,100,10000,2048,128,0,F4r,0.0,V2,cumulative,100,FAIL,1,0,0,1
s100-N10000-b2048-t128,100,10000,2048,128,0,F4r,0.0,V3,cumulative,100,FAIL,1,0,0,1
s100-N10000-b2048-t128,100,10000,2048,128,0,F4m,0.0,V0,cumulative,100,FAIL,0,0,0,1
s100-N10000-b2048-t128,100,10000,2048,128,100,F4m,0.0,V1,cumulative,100,FAIL,0,0,0,1
s100-N10000-b2048-t128,100,10000,2048,128,0,F4m,0.0,V2minus,cumulative,100,FAIL,0,0,0,1
s100-N10000-b2048-t128,100,10000,2048,128,0,F4m,0.0,V2,cumulative,100,FAIL,0,0,0,1
s100-N10000-b2048-t128,100,10000,2048,128,0,F4m,0.0,V3,cumulative,100,FAIL,0,0,0,1
s100-N10000-b2048-t128,100,10000,2048,128,0,F5,0.0,V0,cumulative,100,PASS,0,0,1,0
s100-N10000-b2048-t128,100,10000,2048,128,100,F5,0.0,V1,cumulative,100,PASS,0,0,1,0
s100-N10000-b2048-t128,100,10000,2048,128,0,F5,0.0,V2minus,cumulative,100,FAIL,1,0,0,1
s100-N10000-b2048-t128,100,10000,2048,128,0,F5,0.0,V2,cumulative,100,FAIL,1,0,0,1
s100-N10000-b2048-t128,100,10000,2048,128,0,F5,0.0,V3,cumulative,100,FAIL,1,0,0,1
s100-N10000-b2048-t128,100,10000,2048,128,0,F5,0.05,V0,cumulative,100,PASS,0,0,500,0
s100-N10000-b2048-t128,100,10000,2048,128,100,F5,0.05,V1,cumulative,100,PASS,0,0,500,0
s100-N10000-b2048-t128,100,10000,2048,128,0,F5,0.05,V2minus,cumulative,100,FAIL,500,0,0,1
s100-N10000-b2048-t128,100,10000,2048,128,0,F5,0.05,V2,cumulative,100,FAIL,500,0,0,1
s100-N10000-b2048-t128,100,10000,2048,128,0,F5,0.05,V3,cumulative,100,FAIL,500,0,0,1
s100-N10000-b2048-t128,100,10000,2048,128,0,F5b,0.0,V0,cumulative,100,PASS,0,0,1,0
s100-N10000-b2048-t128,100,10000,2048,128,100,F5b,0.0,V1,cumulative,100,PASS,0,0,1,0
s100-N10000-b2048-t128,100,10000,2048,128,0,F5b,0.0,V2minus,cumulative,100,FAIL,1,0,0,1
s100-N10000-b2048-t128,100,10000,2048,128,0,F5b,0.0,V2,cumulative,100,FAIL,1,0,0,1
s100-N10000-b2048-t128,100,10000,2048,128,0,F5b,0.0,V3,cumulative,100,FAIL,1,0,0,1
s100-N10000-b2048-t128,100,10000,2048,128,0,F5c,0.0,V0,cumulative,100,PASS,0,0,2,0
s100-N10000-b2048-t128,100,10000,2048,128,100,F5c,0.0,V1,cumulative,100,PASS,0,0,2,0
s100-N10000-b2048-t128,100,10000,2048,128,0,F5c,0.0,V2minus,cumulative,100,FAIL,2,0,0,1
s100-N10000-b2048-t128,100,10000,2048,128,0,F5c,0.0,V2,cumulative,100,FAIL,2,0,0,1
s100-N10000-b2048-t128,100,10000,2048,128,0,F5c,0.0,V3,cumulative,100,FAIL,2,0,0,1
s100-N10000-b2048-t128,100,10000,2048,128,0,F6,0.0,V0,cumulative,100,INCOMPLETE,0,0,0,1
s100-N10000-b2048-t128,100,10000,2048,128,100,F6,0.0,V1,cumulative,100,INCOMPLETE,0,0,0,1
s100-N10000-b2048-t128,100,10000,2048,128,0,F6,0.0,V2minus,cumulative,100,INCOMPLETE,0,0,0,1
s100-N10000-b2048-t128,100,10000,2048,128,0,F6,0.0,V2,cumulative,100,INCOMPLETE,0,0,0,1
s100-N10000-b2048-t128,100,10000,2048,128,0,F6,0.0,V3,cumulative,100,INCOMPLETE,0,0,0,1
s100-N10000-b2048-t128,100,10000,2048,128,0,F7,0.0,V2minus,cumulative,100,UNRUNNABLE,0,0,1,0
s100-N10000-b2048-t128,100,10000,2048,128,0,F7,0.0,V2,cumulative,100,FAIL,1,0,0,1
